UserID,App,Activity,Time,Network,Screen
352315052386097,com.tencent.mtt,com.tencent.mtt.MainActivity,1464777610,WIFI,
352315052386097,com.tencent.mm,com.tencent.mm.plugin.webview.ui.tools.WebViewUI,1464777619,WIFI,
352315052386097,,,1464777624,off
352315052386097,com.tencent.mm,com.tencent.mm.ui.LauncherUI,1464777655,WIFI,
352315052386097,,,1464777660,on
352315052386097,com.sec.android.app.launcher,com.android.launcher2.Launcher,1464777779,WIFI,
352315052386097,,,1464777784,off
352315052386097,com.tencent.mm,com.tencent.mm.ui.LauncherUI,1464777797,WIFI,
352315052386097,,,1464777802,on
352315052386097,,,1464778052,,off
352315052386097,,,1464778064,,on
352315052386097,,,1464778069,on
352315052386097,,,1464778145,,off
352315052386097,,,1464778150,off
352315052386097,,,1464778177,,on
352315052386097,,,1464778182,on
352315052386097,com.tencent.mm,com.tencent.mm.plugin.webview.ui.tools.WebViewUI,1464778218,WIFI,
352315052386097,,,1464778223,off
352315052386097,com.tencent.mm,com.tencent.mm.plugin.webview.stub.WebviewScanImageActivity,1464778256,WIFI,
352315052386097,com.tencent.mm,com.tencent.mm.plugin.profile.ui.ContactInfoUI,1464778258,WIFI,
352315052386097,com.tencent.mm,com.tencent.mm.ui.chatting.ChattingUI,1464778262,WIFI,
352315052386097,com.tencent.mm,com.tencent.mm.plugin.webview.ui.tools.WebViewUI,1464778269,WIFI,
352315052386097,,,1464778274,off
352315052386097,com.tencent.mm,com.tencent.mm.ui.chatting.ChattingUI,1464778333,WIFI,
352315052386097,com.tencent.mm,com.tencent.mm.plugin.profile.ui.ContactInfoUI,1464778336,WIFI,
352315052386097,com.tencent.mm,com.tencent.mm.plugin.webview.ui.tools.WebViewUI,1464778339,WIFI,
352315052386097,,,1464778344,on
352315052386097,com.tencent.mm,com.tencent.mm.plugin.subapp.ui.gallery.GestureGalleryUI,1464778410,WIFI,
352315052386097,com.tencent.mm,com.tencent.mm.plugin.webview.ui.tools.WebViewUI,1464778417,WIFI,
352315052386097,,,1464778422,on
352315052386097,com.tencent.mm,com.tencent.mm.plugin.webview.stub.WebviewScanImageActivity,1464778544,WIFI,
352315052386097,com.tencent.mm,com.tencent.mm.plugin.profile.ui.ContactInfoUI,1464778545,WIFI,
352315052386097,com.tencent.mm,com.tencent.mm.ui.chatting.ChattingUI,1464778551,WIFI,
352315052386097,com.tencent.mm,com.tencent.mm.plugin.webview.ui.tools.WebViewUI,1464778564,WIFI,
352315052386097,,,1464778569,on
352315052386097,com.tencent.mm,com.tencent.mm.ui.chatting.ChattingUI,1464778599,WIFI,
352315052386097,com.tencent.mm,com.tencent.mm.plugin.profile.ui.ContactInfoUI,1464778603,WIFI,
352315052386097,com.tencent.mm,com.tencent.mm.plugin.webview.ui.tools.WebViewUI,1464778605,WIFI,
352315052386097,,,1464778610,off
352315052386097,com.tencent.mm,com.tencent.mm.plugin.profile.ui.ContactInfoUI,1464778665,WIFI,
352315052386097,com.tencent.mm,com.tencent.mm.plugin.webview.ui.tools.WebViewUI,1464778677,WIFI,
352315052386097,,,1464778682,off
352315052386097,com.tencent.mm,com.tencent.mm.plugin.profile.ui.ContactInfoUI,1464778788,WIFI,
352315052386097,com.tencent.mm,com.tencent.mm.plugin.webview.ui.tools.WebViewUI,1464778789,WIFI,
352315052386097,com.tencent.mm,com.tencent.mm.ui.LauncherUI,1464778792,WIFI,
352315052386097,,,1464778797,on
352315052386097,com.tencent.mm,com.tencent.mm.plugin.sns.ui.SnsTimeLineUI,1464778849,WIFI,
352315052386097,com.tencent.mm,com.tencent.mm.plugin.webview.ui.tools.WebViewUI,1464778855,WIFI,
352315052386097,,,1464778860,on
352315052386097,com.tencent.mm,com.tencent.mm.ui.LauncherUI,1464779131,WIFI,
352315052386097,,,1464779136,off
352315052386097,,,1464779229,,off
352315052386097,,,1464779234,on
352315052386097,,,1464779463,,on
352315052386097,com.tencent.mm,com.tencent.mm.plugin.webview.ui.tools.WebViewUI,1464779479,WIFI,
352315052386097,,,1464779484,on
352315052386097,com.tencent.mm,com.tencent.mm.ui.LauncherUI,1464780531,WIFI,
352315052386097,,,1464780536,off
352315052386097,com.tencent.mm,com.tencent.mm.plugin.sns.ui.SnsTimeLineUI,1464780725,WIFI,
352315052386097,com.tencent.mm,com.tencent.mm.plugin.webview.ui.tools.WebViewUI,1464780742,WIFI,
352315052386097,,,1464780747,off
352315052386097,com.tencent.mm,com.tencent.mm.plugin.sns.ui.SnsTimeLineUI,1464781064,WIFI,
352315052386097,com.tencent.mm,com.tencent.mm.plugin.webview.ui.tools.WebViewUI,1464781078,WIFI,
352315052386097,,,1464781083,off
352315052386097,com.tencent.mm,com.tencent.mm.plugin.sns.ui.SnsTimeLineUI,1464781690,WIFI,
352315052386097,com.tencent.mm,com.tencent.mm.ui.LauncherUI,1464781691,WIFI,
352315052386097,com.tencent.mm,com.tencent.mm.ui.chatting.gallery.ImageGalleryUI,1464781702,WIFI,
352315052386097,com.tencent.mm,com.tencent.mm.ui.LauncherUI,1464781712,WIFI,
352315052386097,,,1464781717,off
352315052386097,,,1464781735,,off
352315052386097,,,1464781740,on
352315052386097,,,1464782658,,on
352315052386097,,,1464782663,,off
352315052386097,,,1464782666,,on
352315052386097,,,1464782671,off
352315052386097,com.tencent.mm,com.tencent.mm.plugin.sns.ui.SnsTimeLineUI,1464782708,WIFI,
352315052386097,,,1464782713,on
352315052386097,com.ifeng.newvideo,com.ifeng.newvideo.ui.ActivityMainTab,1464782819,WIFI,
352315052386097,com.ifeng.newvideo,com.ifeng.newvideo.videoplayer.activity.ActivityTopicPlayer,1464782820,WIFI,
352315052386097,,,1464782825,on
352315052386097,com.ifeng.newvideo,com.ifeng.newvideo.ui.ActivityMainTab,1464783077,WIFI,
352315052386097,com.tencent.mm,com.tencent.mm.plugin.sns.ui.SnsTimeLineUI,1464783093,WIFI,
352315052386097,com.tencent.mm,com.tencent.mm.ui.LauncherUI,1464783096,WIFI,
352315052386097,com.tencent.mm,com.tencent.mm.plugin.sns.ui.SnsTimeLineUI,1464783104,WIFI,
352315052386097,com.tencent.mm,com.tencent.mm.plugin.webview.ui.tools.WebViewUI,1464783111,WIFI,
352315052386097,,,1464783116,off
352315052386097,com.tencent.mm,com.tencent.mm.plugin.sns.ui.SnsTimeLineUI,1464783485,WIFI,
352315052386097,com.tencent.mm,com.tencent.mm.ui.LauncherUI,1464783489,WIFI,
352315052386097,com.sec.android.app.launcher,com.android.launcher2.Launcher,1464783498,WIFI,
352315052386097,com.tencent.mm,com.tencent.mm.ui.LauncherUI,1464783503,WIFI,
352315052386097,com.sec.android.app.launcher,com.android.launcher2.Launcher,1464783514,WIFI,
352315052386097,com.tencent.mm,com.tencent.mm.ui.LauncherUI,1464783517,WIFI,
352315052386097,com.tencent.mm,com.tencent.mm.ui.conversation.BizConversationUI,1464783530,WIFI,
352315052386097,,,1464783535,on
352315052386097,com.tencent.mm,com.tencent.mm.plugin.webview.ui.tools.WebViewUI,1464783699,WIFI,
352315052386097,com.tencent.mm,com.tencent.mm.ui.conversation.BizConversationUI,1464783714,WIFI,
352315052386097,,,1464783719,on
352315052386097,com.tencent.mm,com.tencent.mm.plugin.webview.ui.tools.WebViewUI,1464783748,WIFI,
352315052386097,,,1464783753,off
352315052386097,com.tencent.mm,com.tencent.mm.ui.conversation.BizConversationUI,1464784013,WIFI,
352315052386097,,,1464784018,on
352315052386097,com.tencent.mm,com.tencent.mm.plugin.webview.ui.tools.WebViewUI,1464784066,WIFI,
352315052386097,,,1464784071,off
352315052386097,com.tencent.mm,com.tencent.mm.ui.conversation.BizConversationUI,1464784249,WIFI,
352315052386097,,,1464784254,on
352315052386097,com.tencent.mm,com.tencent.mm.plugin.webview.ui.tools.WebViewUI,1464784283,WIFI,
352315052386097,,,1464784288,off
352315052386097,,,1464784601,,off
352315052386097,,,1464784603,,on
352315052386097,,,1464784608,off
352315052386097,com.tencent.mm,com.tencent.mm.plugin.webview.stub.WebviewScanImageActivity,1464784650,WIFI,
352315052386097,com.tencent.mm,com.tencent.mm.plugin.profile.ui.ContactInfoUI,1464784651,WIFI,
352315052386097,com.tencent.mm,com.tencent.mm.ui.chatting.ChattingUI,1464784655,WIFI,
352315052386097,,,1464784660,on
352315052386097,com.tencent.mm,com.tencent.mm.ui.LauncherUI,1464784679,WIFI,
352315052386097,,,1464784684,off
352315052386097,com.sec.android.app.launcher,com.android.launcher2.Launcher,1464784915,WIFI,
352315052386097,com.tencent.mm,com.tencent.mm.ui.LauncherUI,1464784917,WIFI,
352315052386097,,,1464784922,off
352315052386097,com.sec.android.app.launcher,com.android.launcher2.Launcher,1464784946,WIFI,
352315052386097,com.tencent.mm,com.tencent.mm.ui.LauncherUI,1464784954,WIFI,
352315052386097,com.tencent.mm,com.tencent.mm.ui.conversation.BizConversationUI,1464784956,WIFI,
352315052386097,,,1464784961,on
352315052386097,com.tencent.mm,com.tencent.mm.plugin.webview.ui.tools.WebViewUI,1464785026,WIFI,
352315052386097,,,1464785031,off
352315052386097,com.tencent.mm,com.tencent.mm.ui.conversation.BizConversationUI,1464785269,WIFI,
352315052386097,,,1464785274,on
352315052386097,com.tencent.mm,com.tencent.mm.ui.LauncherUI,1464785352,WIFI,
352315052386097,,,1464785358,,off
352315052386097,,,1464785363,on
352315052386097,,,1464787359,,on
352315052386097,com.tencent.mobileqq,com.tencent.mobileqq.activity.NotificationActivity,1464787359,WIFI,
352315052386097,,,1464787364,,off
352315052386097,,,1464787367,,on
352315052386097,,,1464787372,on
352315052386097,com.tencent.mobileqq,com.tencent.mobileqq.activity.LoginActivity,1464787391,WIFI,
352315052386097,,,1464787396,off
352315052386097,com.tencent.mobileqq,com.tencent.mobileqq.activity.SplashActivity,1464787466,WIFI,
352315052386097,,,1464787471,on
352315052386097,com.tencent.mm,com.tencent.mm.ui.LauncherUI,1464787501,WIFI,
352315052386097,com.tencent.mm,com.tencent.mm.plugin.sns.ui.SnsTimeLineUI,1464787508,WIFI,
352315052386097,com.tencent.mm,com.tencent.mm.plugin.webview.ui.tools.WebViewUI,1464787524,WIFI,
352315052386097,com.tencent.mm,com.tencent.mm.plugin.sns.ui.SnsTimeLineUI,1464787533,WIFI,
352315052386097,com.sec.android.app.launcher,com.android.launcher2.Launcher,1464787534,WIFI,
352315052386097,com.tencent.mm,com.tencent.mm.ui.LauncherUI,1464787538,WIFI,
352315052386097,,,1464787543,on
352315052386097,,,1464787562,,off
352315052386097,,,1464787567,off
352315052386097,,,1464788170,,on
352315052386097,,,1464788175,on
352315052386097,com.tencent.mm,com.tencent.mm.plugin.sns.ui.SnsTimeLineUI,1464788286,WIFI,
352315052386097,,,1464788291,off
352315052386097,com.tencent.mm,com.tencent.mm.plugin.sns.ui.SnsBrowseUI,1464788308,WIFI,
352315052386097,,,1464788313,on
352315052386097,com.tencent.mm,com.tencent.mm.plugin.sns.ui.SnsTimeLineUI,1464788411,WIFI,
352315052386097,com.tencent.mm,com.tencent.mm.plugin.sns.ui.SnsBrowseUI,1464788413,WIFI,
352315052386097,,,1464788418,on
352315052386097,com.tencent.mm,com.tencent.mm.plugin.sns.ui.SnsTimeLineUI,1464788443,WIFI,
352315052386097,com.tencent.mm,com.tencent.mm.plugin.sns.ui.SnsBrowseUI,1464788448,WIFI,
352315052386097,,,1464788453,on
352315052386097,com.tencent.mm,com.tencent.mm.plugin.sns.ui.SnsTimeLineUI,1464788558,WIFI,
352315052386097,,,1464788563,off
352315052386097,com.tencent.mm,com.tencent.mm.ui.LauncherUI,1464788628,WIFI,
352315052386097,com.tencent.mm,com.tencent.mm.plugin.sns.ui.SnsTimeLineUI,1464788645,WIFI,
352315052386097,,,1464788650,off
352315052386097,com.tencent.mm,com.tencent.mm.ui.LauncherUI,1464788689,WIFI,
352315052386097,,,1464788697,,off
352315052386097,,,1464788702,off
352315052386097,,,1464789324,,on
352315052386097,com.miercnnew.app,com.miercnnew.view.news.activity.DetailsActivity,1464789335,WIFI,
352315052386097,,,1464789340,off
352315052386097,,,1464789392,,off
352315052386097,,,1464789393,,on
352315052386097,,,1464789398,off
352315052386097,com.miercnnew.app,com.miercnnew.view.circle.activity.SendCommentActivity,1464789686,WIFI,
352315052386097,,,1464789691,on
352315052386097,com.miercnnew.app,com.miercnnew.view.news.activity.DetailsActivity,1464790120,WIFI,
352315052386097,,,1464790125,off
352315052386097,,,1464790191,,off
352315052386097,,,1464790196,on
352315052386097,,,1464791100,,on
352315052386097,,,1464791105,off
352315052386097,com.miercnnew.app,com.miercnnew.view.MainActivity,1464791121,WIFI,
352315052386097,com.tencent.mm,com.tencent.mm.ui.LauncherUI,1464791132,WIFI,
352315052386097,,,1464791137,off
352315052386097,com.tencent.mm,com.tencent.mm.plugin.sns.ui.SnsTimeLineUI,1464791151,WIFI,
352315052386097,com.tencent.mm,com.tencent.mm.plugin.webview.ui.tools.WebViewUI,1464791163,WIFI,
352315052386097,,,1464791168,off
352315052386097,com.tencent.mm,com.tencent.mm.plugin.sns.ui.SnsTimeLineUI,1464791251,WIFI,
352315052386097,com.tencent.mm,com.tencent.mm.plugin.webview.ui.tools.WebViewUI,1464791254,WIFI,
352315052386097,,,1464791259,off
352315052386097,com.tencent.mm,com.tencent.mm.plugin.sns.ui.SnsTimeLineUI,1464791279,WIFI,
352315052386097,com.tencent.mm,com.tencent.mm.plugin.webview.ui.tools.WebViewUI,1464791288,WIFI,
352315052386097,com.tencent.mm,com.tencent.mm.plugin.profile.ui.ContactInfoUI,1464791300,WIFI,
352315052386097,com.tencent.mm,com.tencent.mm.ui.chatting.ChattingUI,1464791305,WIFI,
352315052386097,com.tencent.mm,com.tencent.mm.plugin.webview.ui.tools.WebViewUI,1464791319,WIFI,
352315052386097,,,1464791324,on
352315052386097,com.tencent.mm,com.tencent.mm.ui.chatting.ChattingUI,1464791354,WIFI,
352315052386097,com.tencent.mm,com.tencent.mm.plugin.webview.ui.tools.WebViewUI,1464791356,WIFI,
352315052386097,com.tencent.mm,com.tencent.mm.ui.LauncherUI,1464791362,WIFI,
352315052386097,com.tencent.mm,com.tencent.mm.ui.conversation.BizConversationUI,1464791368,WIFI,
352315052386097,,,1464791373,on
352315052386097,com.tencent.mm,com.tencent.mm.plugin.webview.ui.tools.WebViewUI,1464791394,WIFI,
352315052386097,com.tencent.mm,com.tencent.mm.ui.conversation.BizConversationUI,1464791406,WIFI,
352315052386097,,,1464791411,on
352315052386097,com.tencent.mm,com.tencent.mm.plugin.profile.ui.ContactInfoUI,1464791437,WIFI,
352315052386097,com.tencent.mm,com.tencent.mm.plugin.webview.ui.tools.WebViewUI,1464791453,WIFI,
352315052386097,,,1464791458,on
352315052386097,com.tencent.mm,com.tencent.mm.plugin.webview.stub.WebviewScanImageActivity,1464791658,WIFI,
352315052386097,com.tencent.mm,com.tencent.mm.plugin.profile.ui.ContactInfoUI,1464791659,WIFI,
352315052386097,com.tencent.mm,com.tencent.mm.ui.chatting.ChattingUI,1464791663,WIFI,
352315052386097,,,1464791668,off
352315052386097,com.tencent.mm,com.tencent.mm.plugin.profile.ui.ContactInfoUI,1464791696,WIFI,
352315052386097,com.tencent.mm,com.tencent.mm.plugin.webview.ui.tools.WebViewUI,1464791701,WIFI,
352315052386097,,,1464791706,off
352315052386097,com.miercnnew.app,com.miercnnew.view.MainActivity,1464791830,WIFI,
352315052386097,com.miercnnew.app,com.miercnnew.view.message.activity.SystemMsgActivity,1464791840,WIFI,
352315052386097,com.miercnnew.app,com.miercnnew.view.news.activity.DetailsActivity,1464791843,WIFI,
352315052386097,com.miercnnew.app,com.miercnnew.view.message.activity.SystemMsgActivity,1464791846,WIFI,
352315052386097,com.miercnnew.app,com.miercnnew.view.MainActivity,1464791848,WIFI,
352315052386097,com.miercnnew.app,com.miercnnew.view.message.activity.PraiseMineActivity,1464791849,WIFI,
352315052386097,,,1464791854,off
352315052386097,com.miercnnew.app,com.miercnnew.view.MainActivity,1464791919,WIFI,
352315052386097,com.tencent.mm,com.tencent.mm.plugin.webview.ui.tools.WebViewUI,1464791924,WIFI,
352315052386097,com.tencent.mm,com.tencent.mm.plugin.profile.ui.ContactInfoUI,1464791930,WIFI,
352315052386097,com.tencent.mm,com.tencent.mm.ui.chatting.ChattingUI,1464791935,WIFI,
352315052386097,com.tencent.mm,com.tencent.mm.plugin.profile.ui.ContactInfoUI,1464791940,WIFI,
352315052386097,com.tencent.mm,com.tencent.mm.plugin.webview.ui.tools.WebViewUI,1464791942,WIFI,
352315052386097,com.tencent.mm,com.tencent.mm.plugin.profile.ui.ContactInfoUI,1464791946,WIFI,
352315052386097,com.tencent.mm,com.tencent.mm.ui.conversation.BizConversationUI,1464791950,WIFI,
352315052386097,,,1464791955,off
352315052386097,,,1464791971,,off
352315052386097,,,1464791985,,on
352315052386097,com.sec.android.app.launcher,com.android.launcher2.Launcher,1464791994,Off,
352315052386097,com.tencent.mm,com.tencent.mm.ui.LauncherUI,1464791998,Off,
352315052386097,,,1464792003,off
352315052386097,com.tencent.mm,com.tencent.mm.plugin.sns.ui.SnsTimeLineUI,1464792028,Off,
352315052386097,,,1464792040,,off
352315052386097,,,1464792045,off
352315052386097,,,1464792230,,on
352315052386097,,,1464792232,,off
352315052386097,,,1464792237,off
352315052386097,,,1464797639,,on
352315052386097,,,1464797644,on
352315052386097,,,1464797659,,off
352315052386097,,,1464797664,off
352315052386097,,,1464816301,,on
352315052386097,com.sec.android.app.clockpackage,com.sec.android.app.clockpackage.alarm.AlarmAlert,1464816301,Off,
352315052386097,com.tencent.mm,com.tencent.mm.plugin.sns.ui.SnsTimeLineUI,1464816311,Off,
352315052386097,,,1464816312,,off
352315052386097,,,1464816316,,on
352315052386097,,,1464816320,,off
352315052386097,,,1464816325,off
352315052386097,,,1464816570,,on
352315052386097,,,1464816575,on
352315052386097,,,1464816611,,off
352315052386097,,,1464816616,off
352315052386097,,,1464821937,,on
352315052386097,com.tencent.mm,com.tencent.mm.ui.LauncherUI,1464821946,Off,
352315052386097,,,1464821951,off
352315052386097,com.tencent.mm,com.tencent.mm.plugin.webview.ui.tools.WebViewUI,1464822094,WIFI,
352315052386097,,,1464822099,on
352315052386097,com.tencent.mm,com.tencent.mm.plugin.webview.stub.WebviewScanImageActivity,1464822112,WIFI,
352315052386097,com.tencent.mm,com.tencent.mm.plugin.profile.ui.ContactInfoUI,1464822113,WIFI,
352315052386097,com.tencent.mm,com.tencent.mm.ui.chatting.ChattingUI,1464822117,WIFI,
352315052386097,com.tencent.mm,com.tencent.mm.plugin.webview.ui.tools.WebViewUI,1464822125,WIFI,
352315052386097,com.tencent.mm,com.tencent.mm.ui.chatting.ChattingUI,1464822142,WIFI,
352315052386097,,,1464822147,off
352315052386097,com.tencent.mm,com.tencent.mm.plugin.webview.ui.tools.WebViewUI,1464822178,WIFI,
352315052386097,,,1464822183,on
352315052386097,com.tencent.mm,com.tencent.mm.ui.chatting.ChattingUI,1464822233,WIFI,
352315052386097,com.tencent.mm,com.tencent.mm.ui.LauncherUI,1464822235,WIFI,
352315052386097,,,1464822240,on
352315052386097,com.tencent.mm,com.tencent.mm.plugin.webview.ui.tools.WebViewUI,1464822325,WIFI,
352315052386097,,,1464822330,off
352315052386097,com.tencent.mm,com.tencent.mm.ui.LauncherUI,1464822343,WIFI,
352315052386097,,,1464822348,on
352315052386097,com.tencent.mm,com.tencent.mm.ui.chatting.gallery.ImageGalleryUI,1464822383,WIFI,
352315052386097,,,1464822388,off
352315052386097,com.tencent.mm,com.tencent.mm.ui.LauncherUI,1464822509,WIFI,
352315052386097,,,1464822514,on
352315052386097,com.tencent.mm,com.tencent.mm.plugin.emoji.ui.CustomSmileyPreviewUI,1464822579,WIFI,
352315052386097,com.tencent.mm,com.tencent.mm.ui.LauncherUI,1464822592,WIFI,
352315052386097,,,1464822597,on
352315052386097,com.tencent.mm,com.tencent.mm.ui.conversation.BizConversationUI,1464822656,WIFI,
352315052386097,,,1464822661,off
352315052386097,com.tencent.mm,com.tencent.mm.plugin.webview.ui.tools.WebViewUI,1464822679,WIFI,
352315052386097,com.miercnnew.app,com.miercnnew.view.LunchActivity,1464822689,WIFI,
352315052386097,com.miercnnew.app,com.miercnnew.view.MainActivity,1464822694,WIFI,
352315052386097,com.miercnnew.app,com.miercnnew.view.user.task.MyTaskActivity,1464822701,WIFI,
352315052386097,com.miercnnew.app,com.miercnnew.view.user.task.SignInActivity,1464822704,WIFI,
352315052386097,,,1464822709,on
352315052386097,com.miercnnew.app,com.miercnnew.view.user.task.MyTaskActivity,1464822726,WIFI,
352315052386097,com.miercnnew.app,com.miercnnew.view.MainActivity,1464822731,WIFI,
352315052386097,com.tencent.mm,com.tencent.mm.plugin.webview.ui.tools.WebViewUI,1464822732,WIFI,
352315052386097,com.tencent.mm,com.tencent.mm.ui.conversation.BizConversationUI,1464822736,WIFI,
352315052386097,,,1464822741,on
352315052386097,com.tencent.mm,com.tencent.mm.ui.LauncherUI,1464822792,WIFI,
352315052386097,com.tencent.mm,com.tencent.mm.plugin.sns.ui.SnsTimeLineUI,1464822796,WIFI,
352315052386097,,,1464822801,on
352315052386097,com.tencent.mm,com.tencent.mm.plugin.sns.ui.SnsBrowseUI,1464822824,WIFI,
352315052386097,,,1464822829,off
352315052386097,com.tencent.mm,com.tencent.mm.plugin.sns.ui.SnsTimeLineUI,1464822856,WIFI,
352315052386097,,,1464822861,on
352315052386097,com.tencent.mm,com.tencent.mm.plugin.webview.ui.tools.WebViewUI,1464822882,WIFI,
352315052386097,com.tencent.mm,com.tencent.mm.plugin.sns.ui.SnsTimeLineUI,1464822898,WIFI,
352315052386097,com.tencent.mm,com.tencent.mm.ui.LauncherUI,1464822899,WIFI,
352315052386097,,,1464822904,off
352315052386097,com.tencent.mm,com.tencent.mm.plugin.webview.ui.tools.WebViewUI,1464822934,WIFI,
352315052386097,,,1464822939,on
352315052386097,com.tencent.mm,com.tencent.mm.ui.LauncherUI,1464823113,WIFI,
352315052386097,,,1464823126,,off
352315052386097,,,1464823131,on
352315052386097,,,1464828455,,on
352315052386097,,,1464828458,,off
352315052386097,,,1464828463,on
352315052386097,,,1464828512,,on
352315052386097,com.sec.android.app.launcher,com.android.launcher2.Launcher,1464828519,Off,
352315052386097,com.android.contacts,com.android.contacts.activities.DialtactsActivity,1464828524,Off,
352315052386097,,,1464828529,off
352315052386097,com.android.contacts,com.sec.android.app.dialertab.calllog.CallDetailActivity,1464828543,Off,
352315052386097,com.android.contacts,com.android.contacts.activities.DialtactsActivity,1464828552,Off,
352315052386097,,,1464828557,off
352315052386097,com.android.contacts,com.sec.android.app.contacts.activities.FavoriteInterfaceActivity,1464828574,Off,
352315052386097,com.android.contacts,com.android.contacts.activities.DialtactsActivity,1464828580,Off,
352315052386097,com.sec.android.app.launcher,com.android.launcher2.Launcher,1464828581,Off,
352315052386097,com.tencent.mm,com.tencent.mm.ui.LauncherUI,1464828584,Off,
352315052386097,,,1464828590,,off
352315052386097,,,1464828595,on
352315052386097,,,1464836648,,on
352315052386097,,,1464836653,off
352315052386097,com.tencent.mm,com.tencent.mm.plugin.sns.ui.SnsTimeLineUI,1464836766,WIFI,
352315052386097,,,1464836771,on
352315052386097,com.tencent.mm,com.tencent.mm.plugin.webview.ui.tools.WebViewUI,1464836806,WIFI,
352315052386097,,,1464836811,off
352315052386097,com.tencent.mm,com.tencent.mm.plugin.sns.ui.SnsTimeLineUI,1464836990,WIFI,
352315052386097,,,1464836995,on
352315052386097,com.tencent.mm,com.tencent.mm.plugin.webview.ui.tools.WebViewUI,1464837082,WIFI,
352315052386097,,,1464837087,off
352315052386097,com.tencent.mm,com.tencent.mm.plugin.sns.ui.SnsTimeLineUI,1464837440,WIFI,
352315052386097,com.youku.phone,com.youku.service.push.EmptyActivity,1464837448,WIFI,
352315052386097,com.tencent.mm,com.tencent.mm.plugin.sns.ui.SnsTimeLineUI,1464837453,WIFI,
352315052386097,com.youku.phone,com.youku.ui.activity.DetailActivity,1464837454,WIFI,
352315052386097,,,1464837459,off
352315052386097,,,1464837996,,off
352315052386097,,,1464838001,on
352315052386097,,,1464838619,,on
352315052386097,,,1464838622,,off
352315052386097,,,1464838627,on
352315052386097,,,1464843153,,on
352315052386097,,,1464843170,,off
352315052386097,,,1464843175,on
352315052386097,,,1464846550,,on
352315052386097,,,1464846555,,off
352315052386097,,,1464846560,on
352315052386097,,,1464847412,,on
352315052386097,com.youku.phone,com.youku.ui.activity.HomePageActivity,1464847418,WIFI,
352315052386097,com.tencent.mm,com.tencent.mm.plugin.sns.ui.SnsTimeLineUI,1464847428,WIFI,
352315052386097,com.tencent.mm,com.tencent.mm.ui.LauncherUI,1464847431,WIFI,
352315052386097,,,1464847436,on
352315052386097,com.tencent.mm,com.tencent.mm.plugin.webview.ui.tools.WebViewUI,1464847813,WIFI,
352315052386097,,,1464847818,off
352315052386097,com.tencent.mm,com.tencent.mm.ui.LauncherUI,1464848100,WIFI,
352315052386097,com.tencent.mm,com.tencent.mm.ui.chatting.gallery.ImageGalleryUI,1464848113,WIFI,
352315052386097,com.tencent.mm,com.tencent.mm.ui.LauncherUI,1464848120,WIFI,
352315052386097,com.tencent.mm,com.tencent.mm.ui.chatting.gallery.ImageGalleryUI,1464848122,WIFI,
352315052386097,com.tencent.mm,com.tencent.mm.ui.LauncherUI,1464848132,WIFI,
352315052386097,com.tencent.mm,com.tencent.mm.ui.chatting.gallery.ImageGalleryUI,1464848134,WIFI,
352315052386097,com.tencent.mm,com.tencent.mm.ui.LauncherUI,1464848148,WIFI,
352315052386097,,,1464848153,on
352315052386097,com.tencent.mm,com.tencent.mm.plugin.webview.ui.tools.WebViewUI,1464848186,WIFI,
352315052386097,,,1464848191,off
352315052386097,com.tencent.mm,com.tencent.mm.ui.LauncherUI,1464848419,WIFI,
352315052386097,,,1464848424,on
352315052386097,com.tencent.mm,com.tencent.mm.plugin.webview.ui.tools.WebViewUI,1464848443,WIFI,
352315052386097,,,1464848448,off
352315052386097,com.tencent.mm,com.tencent.mm.ui.LauncherUI,1464848655,WIFI,
352315052386097,com.tencent.mm,com.tencent.mm.plugin.webview.ui.tools.WebViewUI,1464848669,WIFI,
352315052386097,,,1464848674,off
352315052386097,com.tencent.mm,com.tencent.mm.plugin.subapp.ui.gallery.GestureGalleryUI,1464848758,WIFI,
352315052386097,com.tencent.mm,com.tencent.mm.plugin.webview.ui.tools.WebViewUI,1464848764,WIFI,
352315052386097,,,1464848769,off
352315052386097,com.tencent.qqlive,com.tencent.qqlive.open.QQLiveOpenActivity,1464849461,WIFI,
352315052386097,com.tencent.qqlive,com.tencent.qqlive.ona.activity.HomeActivity,1464849462,WIFI,
352315052386097,com.tencent.qqlive,com.tencent.qqlive.ona.activity.VideoDetailActivity,1464849465,WIFI,
352315052386097,com.tencent.qqlive,com.tencent.qqlive.ona.update.client.UpdateActivity,1464849468,WIFI,
352315052386097,com.tencent.qqlive,com.tencent.qqlive.ona.activity.VideoDetailActivity,1464849474,WIFI,
352315052386097,com.tencent.qqlive,com.tencent.qqlive.ona.activity.HomeActivity,1464849490,WIFI,
352315052386097,com.tencent.mm,com.tencent.mm.plugin.webview.ui.tools.WebViewUI,1464849498,WIFI,
352315052386097,,,1464849503,on
352315052386097,com.tencent.qqlive,com.tencent.qqlive.open.QQLiveOpenActivity,1464849813,WIFI,
352315052386097,com.tencent.qqlive,com.tencent.qqlive.ona.activity.HomeActivity,1464849815,WIFI,
352315052386097,com.tencent.qqlive,com.tencent.qqlive.ona.activity.VideoDetailActivity,1464849823,WIFI,
352315052386097,,,1464849828,off
352315052386097,com.tencent.mtt,com.tencent.mtt.MainActivity,1464849922,WIFI,
352315052386097,,,1464849927,on
352315052386097,com.tencent.qqlive,com.tencent.qqlive.ona.activity.VideoDetailActivity,1464850264,WIFI,
352315052386097,com.tencent.qqlive,com.tencent.qqlive.ona.activity.HomeActivity,1464850272,WIFI,
352315052386097,com.tencent.mm,com.tencent.mm.plugin.webview.ui.tools.WebViewUI,1464850274,WIFI,
352315052386097,,,1464850279,off
352315052386097,com.tencent.mm,com.tencent.mm.ui.LauncherUI,1464850334,WIFI,
352315052386097,com.tencent.mm,com.tencent.mm.plugin.sns.ui.SnsTimeLineUI,1464850343,WIFI,
352315052386097,com.tencent.mm,com.tencent.mm.plugin.webview.ui.tools.WebViewUI,1464850352,WIFI,
352315052386097,,,1464850357,on
352315052386097,com.tencent.mm,com.tencent.mm.plugin.sns.ui.SnsTimeLineUI,1464850390,WIFI,
352315052386097,com.tencent.mm,com.tencent.mm.plugin.webview.ui.tools.WebViewUI,1464850392,WIFI,
352315052386097,com.tencent.mm,com.tencent.mm.plugin.sns.ui.SnsTimeLineUI,1464850399,WIFI,
352315052386097,com.tencent.mm,com.tencent.mm.plugin.webview.ui.tools.WebViewUI,1464850411,WIFI,
352315052386097,,,1464850416,on
352315052386097,com.tencent.mm,com.tencent.mm.plugin.sns.ui.SnsTimeLineUI,1464850555,WIFI,
352315052386097,com.tencent.mm,com.tencent.mm.ui.LauncherUI,1464850558,WIFI,
352315052386097,,,1464850564,,off
352315052386097,,,1464850569,off
352315052386097,,,1464852307,,on
352315052386097,,,1464852312,on
352315052386097,com.tencent.mm,com.tencent.mm.ui.conversation.BizConversationUI,1464852336,WIFI,
352315052386097,,,1464852341,off
352315052386097,com.tencent.mm,com.tencent.mm.plugin.webview.ui.tools.WebViewUI,1464852378,WIFI,
352315052386097,,,1464852383,on
352315052386097,com.tencent.mm,com.tencent.mm.ui.conversation.BizConversationUI,1464852402,WIFI,
352315052386097,,,1464852407,off
352315052386097,com.tencent.mm,com.tencent.mm.plugin.webview.ui.tools.WebViewUI,1464852439,WIFI,
352315052386097,,,1464852444,on
352315052386097,com.tencent.mm,com.tencent.mm.plugin.webview.stub.WebViewStubProxyUI,1464852739,WIFI,
352315052386097,com.tencent.mm,com.tencent.mm.ui.transmit.SelectConversationUI,1464852740,WIFI,
352315052386097,com.tencent.mm,com.tencent.mm.plugin.webview.stub.WebViewStubProxyUI,1464852744,WIFI,
352315052386097,com.tencent.mm,com.tencent.mm.plugin.webview.ui.tools.WebViewUI,1464852747,WIFI,
352315052386097,com.tencent.mm,com.tencent.mm.ui.transmit.SelectConversationUI,1464852755,WIFI,
352315052386097,com.tencent.mm,com.tencent.mm.plugin.webview.stub.WebViewStubProxyUI,1464852757,WIFI,
352315052386097,com.tencent.mm,com.tencent.mm.plugin.webview.ui.tools.WebViewUI,1464852764,WIFI,
352315052386097,com.tencent.mm,com.tencent.mm.plugin.webview.stub.WebViewStubProxyUI,1464852774,WIFI,
352315052386097,com.tencent.mm,com.tencent.mm.ui.transmit.SelectConversationUI,1464852775,WIFI,
352315052386097,com.tencent.mm,com.tencent.mm.plugin.webview.stub.WebViewStubProxyUI,1464852782,WIFI,
352315052386097,com.tencent.mm,com.tencent.mm.plugin.webview.ui.tools.WebViewUI,1464852784,WIFI,
352315052386097,com.tencent.mm,com.tencent.mm.ui.transmit.SelectConversationUI,1464852787,WIFI,
352315052386097,com.tencent.mm,com.tencent.mm.plugin.webview.stub.WebViewStubProxyUI,1464852791,WIFI,
352315052386097,com.tencent.mm,com.tencent.mm.plugin.webview.ui.tools.WebViewUI,1464852794,WIFI,
352315052386097,com.tencent.mm,com.tencent.mm.plugin.webview.stub.WebViewStubProxyUI,1464852804,WIFI,
352315052386097,com.tencent.mm,com.tencent.mm.ui.transmit.SelectConversationUI,1464852805,WIFI,
352315052386097,com.tencent.mm,com.tencent.mm.plugin.webview.stub.WebViewStubProxyUI,1464852810,WIFI,
352315052386097,com.tencent.mm,com.tencent.mm.plugin.webview.ui.tools.WebViewUI,1464852813,WIFI,
352315052386097,com.tencent.mm,com.tencent.mm.ui.transmit.SelectConversationUI,1464852822,WIFI,
352315052386097,com.tencent.mm,com.tencent.mm.ui.contact.SelectContactUI,1464852835,WIFI,
352315052386097,com.tencent.mm,com.tencent.mm.ui.transmit.SelectConversationUI,1464852838,WIFI,
352315052386097,com.tencent.mm,com.tencent.mm.plugin.webview.ui.tools.WebViewUI,1464852839,WIFI,
352315052386097,com.tencent.mm,com.tencent.mm.ui.conversation.BizConversationUI,1464852841,WIFI,
352315052386097,com.tencent.mm,com.tencent.mm.plugin.webview.ui.tools.WebViewUI,1464852842,WIFI,
352315052386097,com.tencent.mm,com.tencent.mm.ui.conversation.BizConversationUI,1464852844,WIFI,
352315052386097,com.tencent.mm,com.tencent.mm.ui.LauncherUI,1464852846,WIFI,
352315052386097,com.tencent.mm,com.tencent.mm.plugin.webview.ui.tools.WebViewUI,1464852861,WIFI,
352315052386097,com.tencent.mm,com.tencent.mm.ui.transmit.SelectConversationUI,1464852871,WIFI,
352315052386097,com.tencent.mm,com.tencent.mm.plugin.webview.stub.WebViewStubProxyUI,1464852874,WIFI,
352315052386097,com.tencent.mm,com.tencent.mm.plugin.webview.ui.tools.WebViewUI,1464852877,WIFI,
352315052386097,com.tencent.mm,com.tencent.mm.plugin.webview.stub.WebViewStubProxyUI,1464852881,WIFI,
352315052386097,com.tencent.mm,com.tencent.mm.plugin.sns.ui.SnsUploadUI,1464852882,WIFI,
352315052386097,com.tencent.mm,com.tencent.mm.plugin.sns.ui.SnsLabelUI,1464852884,WIFI,
352315052386097,com.tencent.mm,com.tencent.mm.plugin.sns.ui.SnsUploadUI,1464852891,WIFI,
352315052386097,com.tencent.mm,com.tencent.mm.plugin.webview.ui.tools.WebViewUI,1464852893,WIFI,
352315052386097,com.tencent.mm,com.tencent.mm.ui.LauncherUI,1464852897,WIFI,
352315052386097,,,1464852902,on
352315052386097,com.baidu.searchbox,com.baidu.searchbox.MainActivity,1464852962,WIFI,
352315052386097,,,1464852967,off
352315052386097,com.sec.android.app.launcher,com.android.launcher2.Launcher,1464852996,WIFI,
352315052386097,,,1464853001,on
352315052386097,com.tencent.mm,com.tencent.mm.ui.LauncherUI,1464853022,WIFI,
352315052386097,,,1464853028,,off
352315052386097,,,1464853033,on
352315052386097,,,1464858772,,on
352315052386097,com.tencent.mm,com.tencent.mm.ui.conversation.BizConversationUI,1464858787,WIFI,
352315052386097,com.tencent.mm,com.tencent.mm.plugin.webview.ui.tools.WebViewUI,1464858794,WIFI,
352315052386097,,,1464858799,off
352315052386097,com.tencent.mm,com.tencent.mm.ui.conversation.BizConversationUI,1464859047,WIFI,
352315052386097,com.tencent.mm,com.tencent.mm.plugin.webview.ui.tools.WebViewUI,1464859057,WIFI,
352315052386097,,,1464859062,off
352315052386097,com.tencent.mm,com.tencent.mm.ui.conversation.BizConversationUI,1464859100,WIFI,
352315052386097,com.tencent.mm,com.tencent.mm.plugin.webview.ui.tools.WebViewUI,1464859113,WIFI,
352315052386097,,,1464859118,off
352315052386097,com.tencent.mm,com.tencent.mm.ui.conversation.BizConversationUI,1464859447,WIFI,
352315052386097,com.tencent.mm,com.tencent.mm.plugin.webview.ui.tools.WebViewUI,1464859457,WIFI,
