UserID,App,Activity,Time,Network,Screen
359786052434751,com.android.settings,com.android.settings.applications.InstalledAppDetails,1464863364,WIFI,
359786052434751,com.acbull.activitymonitor,com.acbull.activitymonitor.MainActivity,1464863366,WIFI,
359786052434751,com.UCMobile,com.uc.browser.InnerUCMobile,1464863368,WIFI,
359786052434751,com.tencent.mm,com.tencent.mm.plugin.webview.ui.tools.WebViewUI,1464863375,WIFI,
359786052434751,com.sec.android.app.launcher,com.android.launcher2.Launcher,1464863377,WIFI,
359786052434751,com.android.settings,com.android.settings.Settings,1464863386,WIFI,
359786052434751,com.android.settings,com.android.settings.SubSettings,1464863388,WIFI,
359786052434751,com.android.settings,com.android.settings.Settings,1464863392,WIFI,
359786052434751,com.sec.android.app.launcher,com.android.launcher2.Launcher,1464863394,WIFI,
359786052434751,com.UCMobile,com.uc.browser.InnerUCMobile,1464863395,WIFI,
359786052434751,,,1464863400,off
359786052434751,,,1464863496,,off
359786052434751,,,1464863498,,on
359786052434751,,,1464863503,off
359786052434751,com.sec.android.app.launcher,com.android.launcher2.Launcher,1464863533,WIFI,
359786052434751,,,1464863538,on
359786052434751,com.UCMobile,com.uc.browser.InnerUCMobile,1464863556,WIFI,
359786052434751,,,1464863561,off
359786052434751,com.sec.android.app.launcher,com.android.launcher2.Launcher,1464863830,WIFI,
359786052434751,com.shinian.wineleven360,com.shinian.wineleven360.WinEleven,1464863831,WIFI,
359786052434751,com.sec.android.app.launcher,com.android.launcher2.Launcher,1464863837,WIFI,
359786052434751,com.littlegame_360,com.littlegame.lj.SplashActivity,1464863839,WIFI,
359786052434751,com.littlegame_360,com.littlegame.lj.LittleGame,1464863840,WIFI,
359786052434751,com.littlegame_360,com.qihoo.gamecenter.sdk.activity.ContainerActivity,1464863853,WIFI,
359786052434751,com.littlegame_360,com.littlegame.lj.LittleGame,1464863868,WIFI,
359786052434751,,,1464863873,on
359786052434751,com.littlegame_360,com.qihoo.gamecenter.sdk.activity.ContainerActivity,1464865109,WIFI,
359786052434751,com.sec.android.app.launcher,com.android.launcher2.Launcher,1464865113,WIFI,
359786052434751,,,1464865118,on
359786052434751,,,1464865133,,off
359786052434751,,,1464865139,,on
359786052434751,com.android.settings,com.android.settings.applications.InstalledAppDetails,1464865150,Off,
359786052434751,com.sec.android.app.launcher,com.android.launcher2.Launcher,1464865153,Off,
359786052434751,com.acbull.activitymonitor,com.acbull.activitymonitor.MainActivity,1464865154,Off,
359786052434751,,,1464865159,off
359786052434751,com.sec.android.app.launcher,com.android.launcher2.Launcher,1464865189,Off,
359786052434751,,,1464865194,on
359786052434751,com.baidu.searchbox,com.baidu.megapp.proxy.activity.FragmentActivityProxy,1464865222,Off,
359786052434751,,,1464865227,off
359786052434751,,,1464867218,,off
359786052434751,,,1464867219,,on
359786052434751,,,1464867224,off
359786052434751,,,1464867571,,off
359786052434751,,,1464867573,,on
359786052434751,,,1464867578,off
359786052434751,,,1464867804,,off
359786052434751,,,1464867812,,on
359786052434751,,,1464867817,off
359786052434751,,,1464867866,,off
359786052434751,,,1464867874,,on
359786052434751,,,1464867879,off
359786052434751,,,1464867913,,off
359786052434751,,,1464867918,on
359786052434751,,,1464867979,,on
359786052434751,,,1464867984,off
359786052434751,,,1464868740,,off
359786052434751,,,1464868745,on
359786052434751,,,1464868824,,on
359786052434751,,,1464868829,off
359786052434751,,,1464868950,,off
359786052434751,,,1464868955,on
359786052434751,,,1464869249,,on
359786052434751,,,1464869254,off
359786052434751,,,1464869298,,off
359786052434751,,,1464869303,on
359786052434751,,,1464869369,,on
359786052434751,,,1464869374,off
359786052434751,,,1464869430,,off
359786052434751,,,1464869435,on
359786052434751,,,1464869554,,on
359786052434751,,,1464869559,off
359786052434751,,,1464869611,,off
359786052434751,,,1464869616,on
359786052434751,,,1464869725,,on
359786052434751,,,1464869730,off
359786052434751,,,1464869760,,off
359786052434751,,,1464869765,on
359786052434751,,,1464870412,,on
359786052434751,com.baidu.searchbox,com.baidu.searchbox.discovery.novel.NovelHomeActivity,1464870415,Off,
359786052434751,com.sec.android.app.launcher,com.android.launcher2.Launcher,1464870416,Off,
359786052434751,,,1464870418,,off
359786052434751,,,1464870423,on
359786052434751,,,1464870554,,on
359786052434751,,,1464870563,,off
359786052434751,,,1464870568,on
359786052434751,,,1464870682,,on
359786052434751,,,1464870687,,off
359786052434751,,,1464870692,on
359786052434751,,,1464870914,,on
359786052434751,,,1464870923,,off
359786052434751,,,1464870928,on
359786052434751,,,1464872555,,on
359786052434751,com.UCMobile,com.uc.browser.InnerUCMobile,1464872561,WIFI,
359786052434751,,,1464872566,on
359786052434751,com.sec.android.app.launcher,com.android.launcher2.Launcher,1464872685,WIFI,
359786052434751,,,1464872686,,off
359786052434751,,,1464872691,on
359786052434751,,,1464872928,,on
359786052434751,,,1464872930,,off
359786052434751,,,1464872935,on
359786052434751,,,1464873123,,on
359786052434751,,,1464873125,,off
359786052434751,,,1464873130,on
359786052434751,,,1464873286,,on
359786052434751,,,1464873288,,off
359786052434751,,,1464873293,on
359786052434751,,,1464873462,,on
359786052434751,com.UCMobile,com.uc.browser.InnerUCMobile,1464873477,WIFI,
359786052434751,,,1464873482,on
359786052434751,com.sec.android.app.launcher,com.android.launcher2.Launcher,1464873500,WIFI,
359786052434751,com.UCMobile,com.UCMobile.main.UCMobile,1464873501,WIFI,
359786052434751,com.UCMobile,com.uc.browser.InnerUCMobile,1464873502,WIFI,
359786052434751,,,1464873507,off
359786052434751,com.sec.android.app.launcher,com.android.launcher2.Launcher,1464873534,WIFI,
359786052434751,com.UCMobile,com.uc.browser.InnerUCMobile,1464873535,WIFI,
359786052434751,,,1464873540,off
359786052434751,,,1464873577,,off
359786052434751,,,1464873582,on
359786052434751,,,1464873838,,on
359786052434751,,,1464873840,,off
359786052434751,,,1464873845,on
359786052434751,,,1464873999,,on
359786052434751,,,1464874004,off
359786052434751,,,1464874069,,off
359786052434751,,,1464874074,on
359786052434751,,,1464874089,,on
359786052434751,,,1464874094,off
359786052434751,,,1464874248,,off
359786052434751,,,1464874253,on
359786052434751,,,1464874410,,on
359786052434751,,,1464874415,off
359786052434751,com.sec.android.app.launcher,com.android.launcher2.Launcher,1464874446,WIFI,
359786052434751,,,1464874449,,off
359786052434751,,,1464874459,,on
359786052434751,,,1464874465,,off
359786052434751,,,1464874470,off
359786052434751,,,1464874488,,on
359786052434751,,,1464874490,,off
359786052434751,,,1464874495,off
359786052434751,,,1464874825,,on
359786052434751,,,1464874826,,off
359786052434751,,,1464874831,off
359786052434751,,,1464874965,,on
359786052434751,,,1464874974,,off
359786052434751,,,1464874979,off
359786052434751,,,1464875209,,on
359786052434751,,,1464875220,,off
359786052434751,,,1464875225,off
359786052434751,,,1464875476,,on
359786052434751,,,1464875486,,off
359786052434751,,,1464875491,off
359786052434751,,,1464876207,,on
359786052434751,,,1464876217,,off
359786052434751,,,1464876222,off
359786052434751,,,1464876237,,on
359786052434751,,,1464876241,,off
359786052434751,,,1464876246,off
359786052434751,,,1464876338,,on
359786052434751,,,1464876348,,off
359786052434751,,,1464876353,off
359786052434751,,,1464876499,,on
359786052434751,,,1464876512,,off
359786052434751,,,1464876517,off
359786052434751,,,1464876679,,on
359786052434751,,,1464876689,,off
359786052434751,,,1464876694,off
359786052434751,,,1464876729,,on
359786052434751,,,1464876739,,off
359786052434751,,,1464876749,,on
359786052434751,,,1464876760,,off
359786052434751,,,1464876765,off
359786052434751,,,1464876836,,on
359786052434751,,,1464876838,,off
359786052434751,,,1464876843,off
359786052434751,,,1464877029,,on
359786052434751,com.tencent.mm,com.tencent.mm.ui.LauncherUI,1464877033,WIFI,
359786052434751,,,1464877038,off
359786052434751,com.tencent.mm,com.tencent.mm.plugin.luckymoney.ui.LuckyMoneyReceiveUI,1464877067,WIFI,
359786052434751,com.tencent.mm,com.tencent.mm.ui.LauncherUI,1464877072,WIFI,
359786052434751,com.tencent.mm,com.tencent.mm.plugin.sns.ui.SnsTimeLineUI,1464877081,WIFI,
359786052434751,,,1464877085,,off
359786052434751,,,1464877088,,on
359786052434751,com.sec.android.app.launcher,com.android.launcher2.Launcher,1464877092,WIFI,
359786052434751,,,1464877093,,off
359786052434751,,,1464877098,on
359786052434751,,,1464877466,,on
359786052434751,,,1464877476,,off
359786052434751,,,1464877481,on
359786052434751,,,1464877577,,on
359786052434751,,,1464877579,,off
359786052434751,,,1464877584,on
359786052434751,,,1464877617,,on
359786052434751,,,1464877625,,off
359786052434751,,,1464877627,,on
359786052434751,,,1464877629,,off
359786052434751,,,1464877639,,on
359786052434751,,,1464877641,,off
359786052434751,,,1464877646,on
359786052434751,,,1464877671,,on
359786052434751,,,1464877676,,off
359786052434751,,,1464877692,,on
359786052434751,,,1464877694,,off
359786052434751,,,1464877696,,on
359786052434751,com.UCMobile,com.UCMobile.main.UCMobile,1464877702,WIFI,
359786052434751,com.UCMobile,com.uc.browser.InnerUCMobile,1464877703,WIFI,
359786052434751,,,1464877708,off
359786052434751,,,1464877861,,off
359786052434751,,,1464877866,,on
359786052434751,,,1464877871,off
359786052434751,,,1464878008,,off
359786052434751,,,1464878013,on
359786052434751,,,1464878138,,on
359786052434751,,,1464878140,,off
359786052434751,,,1464878145,on
359786052434751,,,1464878216,,on
359786052434751,,,1464878216,,off
359786052434751,,,1464878221,on
359786052434751,,,1464878399,,on
359786052434751,,,1464878399,,off
359786052434751,,,1464878404,on
359786052434751,,,1464878494,,on
359786052434751,,,1464878498,,off
359786052434751,,,1464878503,on
359786052434751,,,1464878516,,on
359786052434751,,,1464878517,,off
359786052434751,,,1464878522,on
359786052434751,,,1464878634,,on
359786052434751,,,1464878635,,off
359786052434751,,,1464878640,on
359786052434751,,,1464879083,,on
359786052434751,,,1464879086,,off
359786052434751,,,1464879091,on
359786052434751,,,1464879125,,on
359786052434751,,,1464879129,,off
359786052434751,,,1464879134,on
359786052434751,,,1464879169,,on
359786052434751,,,1464879171,,off
359786052434751,,,1464879176,on
359786052434751,,,1464880890,,on
359786052434751,,,1464880895,off
359786052434751,com.sec.android.app.launcher,com.android.launcher2.Launcher,1464880912,WIFI,
359786052434751,com.zhanyouall.manhuang.com,com.zhanyouall.manhuang.AppController,1464880915,WIFI,
359786052434751,com.zhanyouall.manhuang.com,com.zhancheng.zcsdk.LoginActivity,1464880924,WIFI,
359786052434751,com.zhanyouall.manhuang.com,com.zhanyouall.manhuang.AppController,1464880928,WIFI,
359786052434751,,,1464880933,off
359786052434751,com.sec.android.app.launcher,com.android.launcher2.Launcher,1464881441,WIFI,
359786052434751,com.UCMobile,com.uc.browser.InnerUCMobile,1464881443,WIFI,
359786052434751,com.UCMobile,com.superwifi.browserui.MainActivity,1464881448,WIFI,
359786052434751,com.UCMobile,com.superwifi.browserui.SettingActivity,1464881452,WIFI,
359786052434751,com.UCMobile,com.superwifi.browserui.MainActivity,1464881465,WIFI,
359786052434751,com.UCMobile,com.uc.browser.InnerUCMobile,1464881466,WIFI,
359786052434751,com.sec.android.app.launcher,com.android.launcher2.Launcher,1464881467,WIFI,
359786052434751,com.android.systemui,com.android.systemui.recent.RecentsActivity,1464881468,WIFI,
359786052434751,com.zhanyouall.manhuang.com,com.zhanyouall.manhuang.AppController,1464881470,WIFI,
359786052434751,,,1464881475,on
359786052434751,com.android.systemui,com.android.systemui.recent.RecentsActivity,1464881524,WIFI,
359786052434751,com.zhanyouall.manhuang.com,com.zhanyouall.manhuang.AppController,1464881526,WIFI,
359786052434751,,,1464881531,on
359786052434751,com.zhanyouall.manhuang.com,com.zhancheng.zcsdk.LoginActivity,1464881618,WIFI,
359786052434751,com.zhanyouall.manhuang.com,com.zhanyouall.manhuang.AppController,1464881622,WIFI,
359786052434751,,,1464881627,on
359786052434751,com.sec.android.app.launcher,com.android.launcher2.Launcher,1464884505,WIFI,
359786052434751,com.littlegame_360,com.littlegame.lj.SplashActivity,1464884511,WIFI,
359786052434751,com.littlegame_360,com.littlegame.lj.LittleGame,1464884512,WIFI,
359786052434751,com.littlegame_360,com.qihoo.gamecenter.sdk.activity.ContainerActivity,1464884516,WIFI,
359786052434751,com.littlegame_360,com.littlegame.lj.LittleGame,1464884522,WIFI,
359786052434751,,,1464884527,off
359786052434751,com.littlegame_360,com.qihoo.gamecenter.sdk.activity.ContainerActivity,1464886887,WIFI,
359786052434751,com.sec.android.app.launcher,com.android.launcher2.Launcher,1464886891,WIFI,
359786052434751,com.sec.android.app.camera,com.sec.android.app.camera.Camera,1464886892,WIFI,
359786052434751,com.sec.android.app.launcher,com.android.launcher2.Launcher,1464886897,WIFI,
359786052434751,com.android.systemui,com.android.systemui.recent.RecentsActivity,1464886899,WIFI,
359786052434751,com.sec.android.app.launcher,com.android.launcher2.Launcher,1464886900,WIFI,
359786052434751,com.acbull.activitymonitor,com.acbull.activitymonitor.MainActivity,1464886908,WIFI,
359786052434751,com.sec.android.app.launcher,com.android.launcher2.Launcher,1464886914,WIFI,
359786052434751,com.UCMobile,com.uc.browser.InnerUCMobile,1464886922,WIFI,
359786052434751,com.baidu.searchbox,com.baidu.searchbox.MainActivity,1464886929,WIFI,
359786052434751,com.baidu.searchbox,com.baidu.searchbox.discovery.novel.NovelHomeActivity,1464886933,WIFI,
359786052434751,com.baidu.searchbox,com.baidu.megapp.proxy.activity.FragmentActivityProxy,1464886937,WIFI,
