UserID,App,Activity,Time,Network,Screen
863990027905429,com.tencent.mm,com.tencent.mm.ui.LauncherUI,1464778866,WIFI,
863990027905429,,,1464778871,on
863990027905429,com.tencent.mm,com.tencent.mm.ui.conversation.BizConversationUI,1464778936,WIFI,
863990027905429,com.miui.home,com.miui.home.launcher.Launcher,1464778941,WIFI,
863990027905429,,,1464778946,on
863990027905429,,,1464779542,,off
863990027905429,,,1464779547,off
863990027905429,,,1464779632,,on
863990027905429,com.tencent.mm,com.tencent.mm.ui.LauncherUI,1464779637,WIFI,
863990027905429,,,1464779642,off
863990027905429,com.tencent.mm,com.tencent.mm.ui.chatting.gallery.ImageGalleryUI,1464779669,WIFI,
863990027905429,,,1464779674,on
863990027905429,com.tencent.mm,com.tencent.mm.ui.LauncherUI,1464779768,WIFI,
863990027905429,com.lbe.security.miui,com.lbe.security.ui.SecurityPromptHandler,1464779775,WIFI,
863990027905429,com.android.mms,com.android.mms.ui.NewMessagePopupActivity,1464779776,WIFI,
863990027905429,com.tencent.mm,com.tencent.mm.ui.LauncherUI,1464779783,WIFI,
863990027905429,com.tencent.mm,com.tencent.mm.plugin.webview.ui.tools.WebViewUI,1464779794,WIFI,
863990027905429,,,1464779799,off
863990027905429,com.tencent.mm,com.tencent.mm.ui.LauncherUI,1464779822,WIFI,
863990027905429,com.tencent.mm,com.tencent.mm.plugin.readerapp.ui.ReaderAppUI,1464779838,WIFI,
863990027905429,com.tencent.mm,com.tencent.mm.ui.LauncherUI,1464779841,WIFI,
863990027905429,com.tencent.mm,com.tencent.mm.plugin.sns.ui.SnsTimeLineUI,1464779843,WIFI,
863990027905429,,,1464779848,off
863990027905429,com.lbe.security.miui,com.lbe.security.ui.SecurityPromptHandler,1464779885,WIFI,
863990027905429,com.tencent.mm,com.tencent.mm.plugin.sns.ui.SnsTimeLineUI,1464779887,WIFI,
863990027905429,,,1464779892,off
863990027905429,com.tencent.mm,com.tencent.mm.plugin.sns.ui.SnsBrowseUI,1464779910,WIFI,
863990027905429,,,1464779915,on
863990027905429,com.tencent.mm,com.tencent.mm.plugin.sns.ui.SnsTimeLineUI,1464779979,WIFI,
863990027905429,,,1464779984,off
863990027905429,com.tencent.mm,com.tencent.mm.plugin.sns.ui.SnsBrowseUI,1464780008,WIFI,
863990027905429,com.tencent.mm,com.tencent.mm.plugin.sns.ui.SnsTimeLineUI,1464780014,WIFI,
863990027905429,com.tencent.mm,com.tencent.mm.plugin.sns.ui.SnsBrowseUI,1464780023,WIFI,
863990027905429,,,1464780028,on
863990027905429,com.tencent.mm,com.tencent.mm.plugin.sns.ui.SnsTimeLineUI,1464780042,WIFI,
863990027905429,,,1464780047,off
863990027905429,com.tencent.mm,com.tencent.mm.plugin.sns.ui.SnsBrowseUI,1464780062,WIFI,
863990027905429,,,1464780067,on
863990027905429,com.tencent.mm,com.tencent.mm.plugin.sns.ui.SnsTimeLineUI,1464780105,WIFI,
863990027905429,,,1464780110,off
863990027905429,com.tencent.mm,com.tencent.mm.plugin.sns.ui.SnsBrowseUI,1464780126,WIFI,
863990027905429,,,1464780131,on
863990027905429,com.tencent.mm,com.tencent.mm.plugin.sns.ui.SnsTimeLineUI,1464780164,WIFI,
863990027905429,com.tencent.mm,com.tencent.mm.plugin.sns.ui.SnsBrowseUI,1464780171,WIFI,
863990027905429,com.tencent.mm,com.tencent.mm.plugin.sns.ui.SnsTimeLineUI,1464780185,WIFI,
863990027905429,,,1464780190,off
863990027905429,com.tencent.mm,com.tencent.mm.plugin.sns.ui.SnsBrowseUI,1464780239,WIFI,
863990027905429,,,1464780244,on
863990027905429,com.tencent.mm,com.tencent.mm.plugin.sns.ui.SnsTimeLineUI,1464780261,WIFI,
863990027905429,com.tencent.mm,com.tencent.mm.ui.LauncherUI,1464780263,WIFI,
863990027905429,com.tencent.mm,com.tencent.mm.plugin.sns.ui.SnsTimeLineUI,1464780280,WIFI,
863990027905429,com.miui.home,com.miui.home.launcher.Launcher,1464780287,WIFI,
863990027905429,,,1464780292,on
863990027905429,com.happyelements.AndroidAnimal,com.happyelements.hellolua.MainActivity,1464780370,WIFI,
863990027905429,,,1464780375,off
863990027905429,com.lbe.security.miui,com.lbe.security.ui.SecurityPromptHandler,1464780687,WIFI,
863990027905429,com.happyelements.AndroidAnimal,com.happyelements.hellolua.MainActivity,1464780690,WIFI,
863990027905429,,,1464780695,off
863990027905429,com.miui.home,com.miui.home.launcher.Launcher,1464780879,WIFI,
863990027905429,com.tencent.mm,com.tencent.mm.ui.LauncherUI,1464780884,WIFI,
863990027905429,,,1464780889,off
863990027905429,com.miui.home,com.miui.home.launcher.Launcher,1464780922,WIFI,
863990027905429,com.qqgame.happymj,com.onevcat.uniwebview.AndroidPlugin,1464780925,WIFI,
863990027905429,,,1464780930,off
863990027905429,com.miui.home,com.miui.home.launcher.Launcher,1464781718,WIFI,
863990027905429,,,1464781723,on
863990027905429,com.tencent.mm,com.tencent.mm.ui.LauncherUI,1464781788,WIFI,
863990027905429,,,1464781793,off
863990027905429,com.tencent.mm,com.tencent.mm.plugin.sns.ui.SnsTimeLineUI,1464781834,WIFI,
863990027905429,com.tencent.mm,com.tencent.mm.plugin.sns.ui.SnsMsgUI,1464781837,WIFI,
863990027905429,com.tencent.mm,com.tencent.mm.plugin.sns.ui.SnsTimeLineUI,1464781845,WIFI,
863990027905429,,,1464781850,on
863990027905429,com.tencent.mm,com.tencent.mm.ui.LauncherUI,1464781869,WIFI,
863990027905429,com.miui.home,com.miui.home.launcher.Launcher,1464781876,WIFI,
863990027905429,,,1464781881,on
863990027905429,,,1464782106,,off
863990027905429,,,1464782108,,on
863990027905429,,,1464782118,,off
863990027905429,,,1464782123,off
863990027905429,,,1464784619,,on
863990027905429,com.tencent.mm,com.tencent.mm.ui.LauncherUI,1464784626,WIFI,
863990027905429,,,1464784631,off
863990027905429,com.tencent.mm,com.tencent.mm.ui.transmit.SelectConversationUI,1464784680,WIFI,
863990027905429,com.tencent.mm,com.tencent.mm.ui.transmit.MsgRetransmitUI,1464784688,WIFI,
863990027905429,com.tencent.mm,com.tencent.mm.ui.LauncherUI,1464784690,WIFI,
863990027905429,,,1464784695,on
863990027905429,com.tencent.mm,com.tencent.mm.plugin.sns.ui.SnsTimeLineUI,1464784747,WIFI,
863990027905429,com.tencent.mm,com.tencent.mm.ui.LauncherUI,1464784757,WIFI,
863990027905429,com.miui.home,com.miui.home.launcher.Launcher,1464784758,WIFI,
863990027905429,com.example.woxin,com.yswh.woxin.WelcomeActivity,1464784764,WIFI,
863990027905429,com.example.woxin,com.yswh.woxin.MainActivity,1464784766,WIFI,
863990027905429,com.example.woxin,com.yswh.home.AccountCashActivity,1464784777,WIFI,
863990027905429,,,1464784782,on
863990027905429,com.example.woxin,com.yswh.woxin.MainActivity,1464784815,WIFI,
863990027905429,,,1464784820,off
863990027905429,com.example.woxin,com.yswh.home.AccountMCoinActivity,1464784843,WIFI,
863990027905429,com.example.woxin,com.yswh.woxin.MainActivity,1464784845,WIFI,
863990027905429,com.example.woxin,com.yswh.home.AccountWCoinActivity,1464784856,WIFI,
863990027905429,com.example.woxin,com.yswh.woxin.MainActivity,1464784859,WIFI,
863990027905429,com.miui.home,com.miui.home.launcher.Launcher,1464784862,WIFI,
863990027905429,,,1464784867,on
863990027905429,com.lbe.security.miui,com.lbe.security.ui.SecurityPromptHandler,1464785184,WIFI,
863990027905429,com.android.mms,com.android.mms.ui.NewMessagePopupActivity,1464785185,WIFI,
863990027905429,,,1464785190,on
863990027905429,com.lbe.security.miui,com.lbe.security.ui.SecurityPromptHandler,1464785285,WIFI,
863990027905429,com.android.mms,com.android.mms.ui.NewMessagePopupActivity,1464785289,WIFI,
863990027905429,com.miui.home,com.miui.home.launcher.Launcher,1464785292,WIFI,
863990027905429,com.tencent.mm,com.tencent.mm.ui.LauncherUI,1464785306,WIFI,
863990027905429,,,1464785311,on
863990027905429,com.tencent.mm,com.tencent.mm.ui.chatting.gallery.ImageGalleryUI,1464785338,WIFI,
863990027905429,com.tencent.mm,com.tencent.mm.ui.LauncherUI,1464785354,WIFI,
863990027905429,com.miui.home,com.miui.home.launcher.Launcher,1464785364,WIFI,
863990027905429,,,1464785369,off
863990027905429,com.happyelements.AndroidAnimal,com.happyelements.hellolua.MainActivity,1464785390,WIFI,
863990027905429,,,1464785395,on
863990027905429,com.miui.home,com.miui.home.launcher.Launcher,1464785685,WIFI,
863990027905429,com.qqgame.happymj,com.onevcat.uniwebview.AndroidPlugin,1464785690,WIFI,
863990027905429,,,1464785695,on
863990027905429,com.miui.home,com.miui.home.launcher.Launcher,1464786101,WIFI,
863990027905429,,,1464786106,off
863990027905429,,,1464786702,,off
863990027905429,,,1464786707,on
863990027905429,,,1464790087,,on
863990027905429,com.tencent.mm,com.tencent.mm.ui.LauncherUI,1464790098,WIFI,
863990027905429,,,1464790103,on
863990027905429,com.tencent.mm,com.tencent.mm.plugin.sns.ui.SnsTimeLineUI,1464790338,WIFI,
863990027905429,com.tencent.mm,com.tencent.mm.plugin.sns.ui.SnsMsgUI,1464790344,WIFI,
863990027905429,com.tencent.mm,com.tencent.mm.plugin.sns.ui.SnsTimeLineUI,1464790351,WIFI,
863990027905429,com.tencent.mm,com.tencent.mm.ui.LauncherUI,1464790355,WIFI,
863990027905429,com.miui.home,com.miui.home.launcher.Launcher,1464790358,WIFI,
863990027905429,,,1464790363,off
863990027905429,com.android.phone,com.android.phone.MiuiInCallScreen,1464790443,WIFI,
863990027905429,com.miui.home,com.miui.home.launcher.Launcher,1464790445,WIFI,
863990027905429,,,1464790450,off
863990027905429,com.miui.weather2,com.miui.weather2.ActivityWeatherCycle,1464790704,WIFI,
863990027905429,com.miui.home,com.miui.home.launcher.Launcher,1464790708,WIFI,
863990027905429,com.android.contacts,com.android.contacts.activities.TwelveKeyDialer,1464790709,WIFI,
863990027905429,com.miui.home,com.miui.home.launcher.Launcher,1464790724,WIFI,
863990027905429,com.tencent.mm,com.tencent.mm.ui.LauncherUI,1464790726,WIFI,
863990027905429,,,1464790731,on
863990027905429,com.tencent.mm,com.tencent.mm.plugin.webview.ui.tools.WebViewUI,1464790762,WIFI,
863990027905429,,,1464790767,off
863990027905429,com.tencent.mm,com.tencent.mm.plugin.webview.stub.WebviewScanImageActivity,1464790816,WIFI,
863990027905429,com.tencent.mm,com.tencent.mm.plugin.profile.ui.ContactInfoUI,1464790817,WIFI,
863990027905429,com.tencent.mm,com.tencent.mm.ui.chatting.ChattingUI,1464790821,WIFI,
863990027905429,com.miui.home,com.miui.home.launcher.Launcher,1464790832,WIFI,
863990027905429,com.tencent.mm,com.tencent.mm.ui.LauncherUI,1464790836,WIFI,
863990027905429,,,1464790841,on
863990027905429,com.tencent.mm,com.tencent.mm.plugin.webview.ui.tools.WebViewUI,1464790978,WIFI,
863990027905429,com.tencent.mm,com.tencent.mm.ui.LauncherUI,1464790993,WIFI,
863990027905429,com.tencent.mm,com.tencent.mm.plugin.sns.ui.SnsTimeLineUI,1464791001,WIFI,
863990027905429,,,1464791006,off
863990027905429,com.tencent.mm,com.tencent.mm.ui.LauncherUI,1464791055,WIFI,
863990027905429,com.tencent.mm,com.tencent.mm.ui.conversation.BizConversationUI,1464791063,WIFI,
863990027905429,com.tencent.mm,com.tencent.mm.ui.LauncherUI,1464791066,WIFI,
863990027905429,com.tencent.mm,com.tencent.mm.plugin.webview.ui.tools.WebViewUI,1464791070,WIFI,
863990027905429,,,1464791075,off
863990027905429,,,1464791427,,off
863990027905429,,,1464791429,,on
863990027905429,com.miui.home,com.miui.home.launcher.Launcher,1464791445,WIFI,
863990027905429,com.tencent.mm,com.tencent.mm.ui.LauncherUI,1464791447,WIFI,
863990027905429,com.tencent.mm,com.tencent.mm.plugin.webview.ui.tools.WebViewUI,1464791452,WIFI,
863990027905429,,,1464791457,on
863990027905429,com.tencent.mm,com.tencent.mm.ui.LauncherUI,1464791479,WIFI,
863990027905429,com.tencent.mm,com.tencent.mm.plugin.webview.ui.tools.WebViewUI,1464791480,WIFI,
863990027905429,,,1464791485,on
863990027905429,com.tencent.mm,com.tencent.mm.ui.LauncherUI,1464791503,WIFI,
863990027905429,com.tencent.mm,com.tencent.mm.plugin.webview.ui.tools.WebViewUI,1464791504,WIFI,
863990027905429,,,1464791509,on
863990027905429,com.tencent.mm,com.tencent.mm.ui.LauncherUI,1464791534,WIFI,
863990027905429,,,1464791539,off
863990027905429,com.tencent.mm,com.tencent.mm.plugin.sns.ui.SnsTimeLineUI,1464791568,WIFI,
863990027905429,com.tencent.mm,com.tencent.mm.ui.LauncherUI,1464791574,WIFI,
863990027905429,com.miui.home,com.miui.home.launcher.Launcher,1464791576,WIFI,
863990027905429,com.qqgame.happymj,com.onevcat.uniwebview.AndroidPlugin,1464791581,WIFI,
863990027905429,,,1464791586,off
863990027905429,com.miui.home,com.miui.home.launcher.Launcher,1464791948,WIFI,
863990027905429,,,1464791953,on
863990027905429,com.lbe.security.miui,com.lbe.security.ui.SecurityPromptHandler,1464792347,WIFI,
863990027905429,com.miui.home,com.miui.home.launcher.Launcher,1464792363,WIFI,
863990027905429,com.tencent.mm,com.tencent.mm.ui.LauncherUI,1464792367,WIFI,
863990027905429,com.miui.home,com.miui.home.launcher.Launcher,1464792375,WIFI,
863990027905429,com.example.woxin,com.yswh.woxin.WelcomeActivity,1464792378,WIFI,
863990027905429,com.example.woxin,com.yswh.woxin.MainActivity,1464792382,WIFI,
863990027905429,com.example.woxin,com.yswh.home.AccountCashActivity,1464792392,WIFI,
863990027905429,com.example.woxin,com.yswh.woxin.MainActivity,1464792398,WIFI,
863990027905429,com.miui.home,com.miui.home.launcher.Launcher,1464792404,WIFI,
863990027905429,,,1464792409,off
863990027905429,com.tencent.mm,com.tencent.mm.ui.LauncherUI,1464793008,WIFI,
863990027905429,,,1464793013,on
863990027905429,com.miui.home,com.miui.home.launcher.Launcher,1464793035,WIFI,
863990027905429,,,1464793038,,off
863990027905429,,,1464793043,on
863990027905429,,,1464793974,,on
863990027905429,com.tencent.mobileqq,com.tencent.mobileqq.activity.QQLSActivity,1464793974,WIFI,
863990027905429,com.tencent.mobileqq,com.tencent.mobileqq.activity.SplashActivity,1464793987,WIFI,
863990027905429,,,1464793992,off
863990027905429,com.miui.home,com.miui.home.launcher.Launcher,1464794027,WIFI,
863990027905429,com.tencent.mm,com.tencent.mm.ui.LauncherUI,1464794029,WIFI,
863990027905429,,,1464794034,off
863990027905429,com.miui.home,com.miui.home.launcher.Launcher,1464794131,WIFI,
863990027905429,com.tencent.mm,com.tencent.mm.ui.LauncherUI,1464794133,WIFI,
863990027905429,com.lbe.security.miui,com.lbe.security.ui.SecurityPromptHandler,1464794147,WIFI,
863990027905429,com.tencent.mm,com.tencent.mm.ui.LauncherUI,1464794150,WIFI,
863990027905429,com.miui.home,com.miui.home.launcher.Launcher,1464794151,WIFI,
863990027905429,com.tencent.mm,com.tencent.mm.ui.LauncherUI,1464794153,WIFI,
863990027905429,,,1464794158,off
863990027905429,com.tencent.mm,com.tencent.mm.plugin.sns.ui.SnsTimeLineUI,1464794192,WIFI,
863990027905429,com.miui.home,com.miui.home.launcher.Launcher,1464794203,WIFI,
863990027905429,com.wta.NewCloudApp.jiuwei61867,com.wta.NewCloudApp.activity.ZitianNewsActivity,1464794208,WIFI,
863990027905429,,,1464794213,on
863990027905429,com.miui.home,com.miui.home.launcher.Launcher,1464794275,WIFI,
863990027905429,com.tencent.mm,com.tencent.mm.ui.LauncherUI,1464794280,WIFI,
863990027905429,,,1464794285,on
863990027905429,com.tencent.mm,com.tencent.mm.plugin.webview.ui.tools.WebViewUI,1464794334,WIFI,
863990027905429,,,1464794339,off
863990027905429,com.miui.home,com.miui.home.launcher.Launcher,1464794398,WIFI,
863990027905429,,,1464794403,,off
863990027905429,,,1464794408,off
863990027905429,,,1464819408,,on
863990027905429,com.tencent.mobileqq,com.tencent.mobileqq.activity.QQLSActivity,1464819408,WIFI,
863990027905429,,,1464819418,,off
863990027905429,,,1464819421,,on
863990027905429,com.tencent.mobileqq,com.tencent.mobileqq.activity.ChatActivity,1464819430,WIFI,
863990027905429,,,1464819435,on
863990027905429,com.tencent.mobileqq,com.tencent.mobileqq.activity.SplashActivity,1464819455,WIFI,
863990027905429,com.miui.home,com.miui.home.launcher.Launcher,1464819457,WIFI,
863990027905429,com.tencent.mm,com.tencent.mm.ui.LauncherUI,1464819460,WIFI,
863990027905429,,,1464819465,off
863990027905429,com.tencent.mm,com.tencent.mm.plugin.webview.ui.tools.WebViewUI,1464819515,WIFI,
863990027905429,,,1464819520,on
863990027905429,com.tencent.mm,com.tencent.mm.ui.LauncherUI,1464819565,WIFI,
863990027905429,,,1464819570,off
863990027905429,com.tencent.mm,com.tencent.mm.plugin.webview.ui.tools.WebViewUI,1464819586,WIFI,
863990027905429,,,1464819591,on
863990027905429,com.tencent.mm,com.tencent.mm.ui.LauncherUI,1464819740,WIFI,
863990027905429,com.tencent.mm,com.tencent.mm.plugin.webview.ui.tools.WebViewUI,1464819743,WIFI,
863990027905429,,,1464819748,on
863990027905429,com.tencent.mm,com.tencent.mm.ui.LauncherUI,1464819828,WIFI,
863990027905429,com.miui.home,com.miui.home.launcher.Launcher,1464819829,WIFI,
863990027905429,com.example.woxin,com.yswh.woxin.WelcomeActivity,1464819831,WIFI,
863990027905429,com.example.woxin,com.yswh.woxin.MainActivity,1464819834,WIFI,
863990027905429,,,1464819839,on
863990027905429,com.example.woxin,com.yswh.home.AccountWCoinActivity,1464819853,WIFI,
863990027905429,com.example.woxin,com.yswh.woxin.MainActivity,1464819860,WIFI,
863990027905429,,,1464819865,on
863990027905429,com.example.woxin,com.yswh.home.TestActivity,1464819880,WIFI,
863990027905429,,,1464819885,off
863990027905429,com.example.woxin,com.yswh.woxin.MainActivity,1464819898,WIFI,
863990027905429,com.example.woxin,com.yswh.home.AccountCashActivity,1464819904,WIFI,
863990027905429,com.example.woxin,com.yswh.woxin.MainActivity,1464819919,WIFI,
863990027905429,com.example.woxin,com.yswh.home.AccountCashActivity,1464819923,WIFI,
863990027905429,,,1464819928,off
863990027905429,com.example.woxin,com.yswh.woxin.MainActivity,1464819981,WIFI,
863990027905429,com.miui.home,com.miui.home.launcher.Launcher,1464819989,WIFI,
863990027905429,com.pingan.papd,com.pajk.pedometer.PedoActivity,1464819995,WIFI,
863990027905429,,,1464820000,on
863990027905429,com.miui.home,com.miui.home.launcher.Launcher,1464820015,WIFI,
863990027905429,com.tencent.mm,com.tencent.mm.ui.LauncherUI,1464820019,WIFI,
863990027905429,,,1464820024,on
863990027905429,com.tencent.mm,com.tencent.mm.plugin.webview.ui.tools.WebViewUI,1464820210,WIFI,
863990027905429,,,1464820215,off
863990027905429,com.tencent.mm,com.tencent.mm.ui.LauncherUI,1464820274,WIFI,
863990027905429,,,1464820279,on
863990027905429,com.tencent.mm,com.tencent.mm.plugin.sns.ui.SnsTimeLineUI,1464820506,WIFI,
863990027905429,,,1464820511,off
863990027905429,com.tencent.mm,com.tencent.mm.plugin.webview.ui.tools.WebViewUI,1464820530,WIFI,
863990027905429,,,1464820535,on
863990027905429,com.tencent.mm,com.tencent.mm.plugin.sns.ui.SnsTimeLineUI,1464820571,WIFI,
863990027905429,,,1464820576,off
863990027905429,com.tencent.mm,com.tencent.mm.ui.LauncherUI,1464820630,WIFI,
863990027905429,com.miui.home,com.miui.home.launcher.Launcher,1464820631,WIFI,
863990027905429,,,1464820636,off
863990027905429,com.tencent.mm,com.tencent.mm.ui.LauncherUI,1464820782,WIFI,
863990027905429,,,1464820787,on
863990027905429,com.tencent.mm,com.tencent.mm.plugin.emoji.ui.EmojiAddCustomDialogUI,1464820853,WIFI,
863990027905429,com.tencent.mm,com.tencent.mm.ui.LauncherUI,1464820855,WIFI,
863990027905429,com.tencent.mm,com.tencent.mm.ui.conversation.BizConversationUI,1464820870,WIFI,
863990027905429,com.tencent.mm,com.tencent.mm.ui.LauncherUI,1464820874,WIFI,
863990027905429,,,1464820879,on
863990027905429,com.tencent.mm,com.tencent.mm.plugin.masssend.ui.MassSendHistoryUI,1464820931,WIFI,
863990027905429,com.tencent.mm,com.tencent.mm.ui.LauncherUI,1464820947,WIFI,
863990027905429,,,1464820952,on
863990027905429,com.miui.home,com.miui.home.launcher.Launcher,1464820977,WIFI,
863990027905429,,,1464820982,off
863990027905429,com.happyelements.AndroidAnimal,com.happyelements.hellolua.MainActivity,1464821010,WIFI,
863990027905429,,,1464821015,on
863990027905429,com.miui.home,com.miui.home.launcher.Launcher,1464821829,WIFI,
863990027905429,com.tencent.mm,com.tencent.mm.ui.LauncherUI,1464821841,WIFI,
863990027905429,,,1464821846,on
863990027905429,com.tencent.android.qqdownloader,com.qq.AppService.StartApp,1464821873,WIFI,
863990027905429,com.tencent.mm,com.tencent.mm.ui.LauncherUI,1464821874,WIFI,
863990027905429,,,1464821879,on
863990027905429,com.tencent.mm,com.tencent.mm.plugin.webview.ui.tools.WebViewUI,1464821928,WIFI,
863990027905429,,,1464821933,off
863990027905429,com.tencent.mm,com.tencent.mm.ui.LauncherUI,1464822146,WIFI,
863990027905429,,,1464822151,on
863990027905429,com.tencent.mm,com.tencent.mm.plugin.sns.ui.SnsTimeLineUI,1464822210,WIFI,
863990027905429,com.tencent.mm,com.tencent.mm.plugin.sns.ui.SnsUserUI,1464822223,WIFI,
863990027905429,com.tencent.mm,com.tencent.mm.plugin.profile.ui.ContactInfoUI,1464822225,WIFI,
863990027905429,,,1464822230,off
863990027905429,com.tencent.mm,com.tencent.mm.plugin.sns.ui.SnsUserUI,1464822247,WIFI,
863990027905429,com.tencent.mm,com.tencent.mm.plugin.sns.ui.SnsTimeLineUI,1464822248,WIFI,
863990027905429,com.tencent.mm,com.tencent.mm.ui.LauncherUI,1464822250,WIFI,
863990027905429,com.miui.home,com.miui.home.launcher.Launcher,1464822251,WIFI,
863990027905429,,,1464822256,off
863990027905429,,,1464822852,,off
863990027905429,,,1464822857,on
863990027905429,,,1464824128,,on
863990027905429,com.tencent.mm,com.tencent.mm.ui.LauncherUI,1464824134,WIFI,
863990027905429,,,1464824139,on
863990027905429,com.tencent.mm,com.tencent.mm.plugin.webview.ui.tools.WebViewUI,1464824216,WIFI,
863990027905429,com.tencent.mm,com.tencent.mm.ui.LauncherUI,1464824220,WIFI,
863990027905429,com.tencent.mm,com.tencent.mm.ui.conversation.BizConversationUI,1464824235,WIFI,
863990027905429,com.tencent.mm,com.tencent.mm.ui.LauncherUI,1464824243,WIFI,
863990027905429,com.tencent.mm,com.tencent.mm.plugin.webview.ui.tools.WebViewUI,1464824254,WIFI,
863990027905429,com.tencent.mm,com.tencent.mm.ui.LauncherUI,1464824269,WIFI,
863990027905429,com.tencent.mm,com.tencent.mm.plugin.sns.ui.SnsTimeLineUI,1464824273,WIFI,
863990027905429,,,1464824278,off
863990027905429,com.tencent.mm,com.tencent.mm.ui.LauncherUI,1464824292,WIFI,
863990027905429,com.tencent.mm,com.tencent.mm.plugin.favorite.ui.FavoriteIndexUI,1464824295,WIFI,
863990027905429,com.tencent.mm,com.tencent.mm.plugin.webview.ui.tools.WebViewUI,1464824298,WIFI,
863990027905429,com.tencent.mm,com.tencent.mm.plugin.favorite.ui.FavoriteIndexUI,1464824305,WIFI,
863990027905429,com.tencent.mm,com.tencent.mm.plugin.webview.ui.tools.WebViewUI,1464824318,WIFI,
863990027905429,,,1464824323,on
863990027905429,com.tencent.mm,com.tencent.mm.plugin.favorite.ui.FavoriteIndexUI,1464824368,WIFI,
863990027905429,com.tencent.mm,com.tencent.mm.plugin.webview.ui.tools.WebViewUI,1464824371,WIFI,
863990027905429,,,1464824376,on
863990027905429,com.tencent.mm,com.tencent.mm.plugin.sns.ui.SnsUploadUI,1464824419,WIFI,
863990027905429,com.tencent.mm,com.tencent.mm.plugin.webview.ui.tools.WebViewUI,1464824424,WIFI,
863990027905429,com.tencent.mm,com.tencent.mm.plugin.webview.stub.WebViewStubProxyUI,1464824431,WIFI,
863990027905429,com.tencent.mm,com.tencent.mm.plugin.sns.ui.SnsUploadUI,1464824432,WIFI,
863990027905429,com.tencent.mm,com.tencent.mm.plugin.webview.ui.tools.WebViewUI,1464824436,WIFI,
863990027905429,,,1464824441,off
863990027905429,com.tencent.mm,com.tencent.mm.plugin.webview.stub.WebViewStubProxyUI,1464824557,WIFI,
863990027905429,com.tencent.mm,com.tencent.mm.plugin.sns.ui.SnsUploadUI,1464824558,WIFI,
863990027905429,com.tencent.mm,com.tencent.mm.plugin.webview.ui.tools.WebViewUI,1464824562,WIFI,
863990027905429,,,1464824567,on
863990027905429,com.tencent.mm,com.tencent.mm.plugin.sns.ui.SnsUploadUI,1464824627,WIFI,
863990027905429,com.tencent.mm,com.tencent.mm.plugin.webview.ui.tools.WebViewUI,1464824632,WIFI,
863990027905429,,,1464824637,on
863990027905429,com.tencent.mm,com.tencent.mm.plugin.favorite.ui.FavoriteIndexUI,1464824670,WIFI,
863990027905429,com.tencent.mm,com.tencent.mm.ui.LauncherUI,1464824672,WIFI,
863990027905429,com.tencent.mm,com.tencent.mm.ui.chatting.gallery.ImageGalleryUI,1464824688,WIFI,
863990027905429,,,1464824693,off
863990027905429,com.tencent.mm,com.tencent.mm.ui.LauncherUI,1464824771,WIFI,
863990027905429,com.miui.home,com.miui.home.launcher.Launcher,1464824785,WIFI,
863990027905429,,,1464824790,off
863990027905429,com.android.settings,com.android.settings.MiuiSettings,1464825209,WIFI,
863990027905429,com.android.calendar,com.android.calendar.AllInOneActivity,1464825210,WIFI,
863990027905429,com.android.settings,com.android.settings.MiuiSettings,1464825215,WIFI,
863990027905429,com.miui.home,com.miui.home.launcher.Launcher,1464825216,WIFI,
863990027905429,com.tencent.mm,com.tencent.mm.ui.LauncherUI,1464825219,WIFI,
863990027905429,,,1464825224,on
863990027905429,com.miui.home,com.miui.home.launcher.Launcher,1464825523,WIFI,
863990027905429,com.android.mms,com.android.mms.ui.MmsTabActivity,1464825525,WIFI,
863990027905429,com.miui.home,com.miui.home.launcher.Launcher,1464825531,WIFI,
863990027905429,com.tencent.mm,com.tencent.mm.ui.LauncherUI,1464825534,WIFI,
863990027905429,,,1464825539,on
863990027905429,com.miui.home,com.miui.home.launcher.Launcher,1464825622,WIFI,
863990027905429,,,1464825627,off
863990027905429,com.tencent.mm,com.tencent.mm.ui.LauncherUI,1464825898,WIFI,
863990027905429,,,1464825903,on
863990027905429,com.tencent.mm,com.tencent.mm.plugin.sns.ui.SnsTimeLineUI,1464825985,WIFI,
863990027905429,com.miui.home,com.miui.home.launcher.Launcher,1464825989,WIFI,
863990027905429,,,1464825994,on
863990027905429,,,1464826477,,off
863990027905429,,,1464826482,off
863990027905429,,,1464826569,,on
863990027905429,com.android.mms,com.android.mms.ui.NewMessagePopupActivity,1464826569,WIFI,
863990027905429,,,1464826574,off
863990027905429,,,1464826594,,off
863990027905429,,,1464826599,on
863990027905429,,,1464826881,,on
863990027905429,com.tencent.mm,com.tencent.mm.plugin.voip.ui.VideoActivity,1464826881,WIFI,
863990027905429,,,1464826886,on
863990027905429,com.tencent.mm,com.tencent.mm.ui.LauncherUI,1464826924,WIFI,
863990027905429,com.tencent.mm,com.tencent.mm.plugin.voip.ui.VideoActivity,1464826926,WIFI,
863990027905429,,,1464826931,on
863990027905429,com.tencent.mm,com.tencent.mm.ui.LauncherUI,1464826944,WIFI,
863990027905429,com.android.mms,com.android.mms.ui.NewMessagePopupActivity,1464826952,WIFI,
863990027905429,com.miui.home,com.miui.home.launcher.Launcher,1464826962,WIFI,
863990027905429,com.lbe.security.miui,com.lbe.security.ui.SecurityPromptHandler,1464826963,WIFI,
863990027905429,com.miui.home,com.miui.home.launcher.Launcher,1464826965,WIFI,
863990027905429,com.android.contacts,com.android.contacts.activities.TwelveKeyDialer,1464826967,WIFI,
863990027905429,com.android.phone,com.android.phone.PrivilegedOutgoingCallBroadcaster,1464826976,WIFI,
863990027905429,com.android.phone,com.android.phone.MiuiInCallScreen,1464826977,WIFI,
863990027905429,,,1464826979,,off
863990027905429,,,1464826984,off
863990027905429,,,1464827051,,on
863990027905429,com.lbe.security.miui,com.lbe.security.ui.SecurityPromptHandler,1464827053,WIFI,
863990027905429,com.android.contacts,com.android.contacts.activities.TwelveKeyDialer,1464827056,WIFI,
863990027905429,com.miui.home,com.miui.home.launcher.Launcher,1464827057,WIFI,
863990027905429,,,1464827060,,off
863990027905429,,,1464827065,on
863990027905429,,,1464827214,,on
863990027905429,,,1464827230,,off
863990027905429,,,1464827235,on
863990027905429,,,1464827311,,on
863990027905429,com.pingan.papd,com.pajk.pedometer.CheckActivity,1464827322,WIFI,
863990027905429,com.pingan.papd,com.pajk.pedometer.PedoActivity,1464827324,WIFI,
863990027905429,,,1464827334,,off
863990027905429,,,1464827339,on
863990027905429,,,1464827873,,on
863990027905429,,,1464827878,off
863990027905429,com.miui.home,com.miui.home.launcher.Launcher,1464828641,Off,
863990027905429,com.tencent.mm,com.tencent.mm.ui.LauncherUI,1464828650,Off,
863990027905429,com.tencent.mm,com.tencent.mm.plugin.favorite.ui.FavoriteIndexUI,1464828655,Off,
863990027905429,com.tencent.mm,com.tencent.mm.plugin.favorite.ui.detail.FavoriteImgDetailUI,1464828669,Off,
863990027905429,com.tencent.mm,com.tencent.mm.plugin.favorite.ui.FavImgGalleryUI,1464828674,Off,
863990027905429,com.tencent.mm,com.tencent.mm.plugin.favorite.ui.detail.FavoriteImgDetailUI,1464828676,Off,
863990027905429,com.tencent.mm,com.tencent.mm.plugin.favorite.ui.FavImgGalleryUI,1464828678,Off,
863990027905429,com.tencent.mm,com.tencent.mm.plugin.favorite.ui.detail.FavoriteImgDetailUI,1464828681,Off,
863990027905429,com.tencent.mm,com.tencent.mm.plugin.favorite.ui.FavImgGalleryUI,1464828682,Off,
863990027905429,com.tencent.mm,com.tencent.mm.plugin.favorite.ui.FavoriteIndexUI,1464828684,Off,
863990027905429,com.tencent.mm,com.tencent.mm.ui.LauncherUI,1464828685,Off,
863990027905429,com.tencent.mm,com.tencent.mm.plugin.favorite.ui.FavoriteIndexUI,1464828687,Off,
863990027905429,com.tencent.mm,com.tencent.mm.ui.LauncherUI,1464828696,Off,
863990027905429,com.miui.home,com.miui.home.launcher.Launcher,1464828697,Off,
863990027905429,,,1464828702,off
863990027905429,com.pingan.papd,com.pajk.pedometer.PedoActivity,1464828784,Off,
863990027905429,,,1464828789,on
863990027905429,com.miui.home,com.miui.home.launcher.Launcher,1464828877,Off,
863990027905429,com.tencent.mm,com.tencent.mm.ui.LauncherUI,1464828881,Off,
863990027905429,com.tencent.mm,com.tencent.mm.plugin.favorite.ui.FavoriteIndexUI,1464828885,Off,
863990027905429,com.tencent.mm,com.tencent.mm.plugin.favorite.ui.detail.FavoriteTextDetailUI,1464828888,Off,
863990027905429,,,1464828893,on
863990027905429,com.tencent.mm,com.tencent.mm.ui.LauncherUI,1464829030,Off,
863990027905429,,,1464829035,off
863990027905429,com.miui.home,com.miui.home.launcher.Launcher,1464829049,Off,
863990027905429,,,1464829053,,off
863990027905429,,,1464829058,off
863990027905429,,,1464829246,,on
863990027905429,com.pingan.papd,com.pajk.pedometer.PedoActivity,1464829254,Off,
863990027905429,,,1464829259,off
863990027905429,com.android.settings,com.android.settings.wifi.WifiConfigActivity,1464829441,Off,
863990027905429,com.pingan.papd,com.pajk.pedometer.PedoActivity,1464829442,Off,
863990027905429,,,1464829447,off
863990027905429,com.android.settings,com.android.settings.wifi.WifiConfigActivity,1464829835,Off,
863990027905429,com.pingan.papd,com.pajk.pedometer.PedoActivity,1464829836,Off,
863990027905429,,,1464829841,off
863990027905429,,,1464829854,,off
863990027905429,,,1464829859,on
863990027905429,,,1464830130,,on
863990027905429,com.android.phone,com.android.phone.MiuiInCallScreen,1464830130,Off,
863990027905429,,,1464830141,,off
863990027905429,,,1464830146,off
863990027905429,,,1464830220,,on
863990027905429,com.pingan.papd,com.pajk.pedometer.PedoActivity,1464830222,Off,
863990027905429,,,1464830227,off
863990027905429,com.android.settings,com.android.settings.wifi.WifiConfigActivity,1464830292,Off,
863990027905429,com.pingan.papd,com.pajk.pedometer.PedoActivity,1464830294,Off,
863990027905429,,,1464830299,off
863990027905429,com.android.settings,com.android.settings.wifi.WifiConfigActivity,1464830353,Off,
863990027905429,com.pingan.papd,com.pajk.pedometer.PedoActivity,1464830357,Off,
863990027905429,,,1464830362,off
863990027905429,com.android.settings,com.android.settings.wifi.WifiConfigActivity,1464830442,Off,
863990027905429,com.pingan.papd,com.pajk.pedometer.PedoActivity,1464830452,Off,
863990027905429,,,1464830457,off
863990027905429,com.android.settings,com.android.settings.wifi.WifiConfigActivity,1464830534,Off,
863990027905429,com.pingan.papd,com.pajk.pedometer.PedoActivity,1464830536,Off,
863990027905429,,,1464830541,off
863990027905429,com.android.settings,com.android.settings.wifi.WifiConfigActivity,1464830672,Off,
863990027905429,com.pingan.papd,com.pajk.pedometer.PedoActivity,1464830673,Off,
863990027905429,,,1464830678,off
863990027905429,com.android.settings,com.android.settings.wifi.WifiConfigActivity,1464830731,Off,
863990027905429,com.pingan.papd,com.pajk.pedometer.PedoActivity,1464830739,Off,
863990027905429,,,1464830744,off
863990027905429,com.android.settings,com.android.settings.wifi.WifiConfigActivity,1464830822,Off,
863990027905429,com.pingan.papd,com.pajk.pedometer.PedoActivity,1464830824,Off,
863990027905429,,,1464830829,off
863990027905429,com.android.settings,com.android.settings.wifi.WifiConfigActivity,1464830986,Off,
863990027905429,com.pingan.papd,com.pajk.pedometer.PedoActivity,1464830991,Off,
863990027905429,,,1464830996,off
863990027905429,com.android.settings,com.android.settings.wifi.WifiConfigActivity,1464831062,Off,
863990027905429,com.pingan.papd,com.pajk.pedometer.PedoActivity,1464831072,Off,
863990027905429,,,1464831077,off
863990027905429,com.lbe.security.miui,com.lbe.security.ui.SecurityPromptHandler,1464831280,Off,
863990027905429,com.pingan.papd,com.pajk.pedometer.PedoActivity,1464831285,Off,
863990027905429,,,1464831290,off
863990027905429,com.miui.home,com.miui.home.launcher.Launcher,1464831304,Off,
863990027905429,,,1464831309,on
863990027905429,com.android.contacts,com.android.contacts.activities.TwelveKeyDialer,1464831323,Off,
863990027905429,com.miui.home,com.miui.home.launcher.Launcher,1464831325,Off,
863990027905429,com.android.contacts,com.android.contacts.activities.TwelveKeyDialer,1464831330,Off,
863990027905429,com.miui.home,com.miui.home.launcher.Launcher,1464831335,Off,
863990027905429,,,1464831340,on
863990027905429,com.android.settings,com.android.settings.wifi.WifiConfigActivity,1464831389,Off,
863990027905429,com.miui.home,com.miui.home.launcher.Launcher,1464831390,Off,
863990027905429,,,1464831395,on
863990027905429,com.pingan.papd,com.pajk.pedometer.PedoActivity,1464831435,Off,
863990027905429,,,1464831440,off
863990027905429,com.android.settings,com.android.settings.wifi.WifiConfigActivity,1464831561,Off,
863990027905429,com.pingan.papd,com.pajk.pedometer.PedoActivity,1464831563,Off,
863990027905429,,,1464831568,off
863990027905429,com.android.settings,com.android.settings.wifi.WifiConfigActivity,1464831920,Off,
863990027905429,com.pingan.papd,com.pajk.pedometer.PedoActivity,1464831929,Off,
863990027905429,,,1464831934,off
863990027905429,com.android.settings,com.android.settings.wifi.WifiConfigActivity,1464832071,Off,
863990027905429,com.pingan.papd,com.pajk.pedometer.PedoActivity,1464832073,Off,
863990027905429,,,1464832078,off
863990027905429,,,1464832434,,off
863990027905429,,,1464832439,on
863990027905429,,,1464832916,,on
863990027905429,,,1464832930,,off
863990027905429,,,1464832935,on
863990027905429,,,1464834035,,on
863990027905429,com.tencent.mobileqq,com.tencent.mobileqq.activity.QQLSActivity,1464834036,WIFI,
863990027905429,com.pingan.papd,com.pajk.pedometer.PedoActivity,1464834038,WIFI,
863990027905429,com.miui.home,com.miui.home.launcher.Launcher,1464834047,WIFI,
863990027905429,com.tencent.mm,com.tencent.mm.ui.LauncherUI,1464834052,WIFI,
863990027905429,com.miui.home,com.miui.home.launcher.Launcher,1464834062,WIFI,
863990027905429,com.android.settings,com.android.settings.MiuiSettings,1464834067,WIFI,
863990027905429,,,1464834072,off
863990027905429,com.miui.home,com.miui.home.launcher.Launcher,1464834145,WIFI,
863990027905429,com.android.settings,com.android.settings.MiuiSettings,1464834147,WIFI,
863990027905429,android,com.android.internal.app.ResolverActivity,1464834149,WIFI,
863990027905429,com.android.settings,com.android.settings.Settings$WifiSettingsActivity,1464834151,WIFI,
863990027905429,,,1464834156,off
863990027905429,com.android.settings,com.android.settings.MiuiSettings,1464834171,WIFI,
863990027905429,com.tencent.mm,com.tencent.mm.ui.LauncherUI,1464834174,WIFI,
863990027905429,,,1464834179,off
863990027905429,com.tencent.mm,com.tencent.mm.plugin.voip.ui.VideoActivity,1464834287,WIFI,
863990027905429,,,1464834300,,off
863990027905429,,,1464834303,,on
863990027905429,,,1464834308,on
863990027905429,com.tencent.mm,com.tencent.mm.ui.LauncherUI,1464834353,WIFI,
863990027905429,com.miui.home,com.miui.home.launcher.Launcher,1464834360,WIFI,
863990027905429,com.android.contacts,com.android.contacts.activities.TwelveKeyDialer,1464834370,WIFI,
863990027905429,com.android.phone,com.android.phone.InCallScreen,1464834372,WIFI,
863990027905429,com.android.phone,com.android.phone.MiuiInCallScreen,1464834373,WIFI,
863990027905429,,,1464834375,,off
863990027905429,,,1464834377,,on
863990027905429,,,1464834393,,off
863990027905429,,,1464834397,,on
863990027905429,,,1464834400,,off
863990027905429,,,1464834405,on
863990027905429,,,1464834441,,on
863990027905429,com.lbe.security.miui,com.lbe.security.ui.SecurityPromptHandler,1464834443,WIFI,
863990027905429,com.android.contacts,com.android.contacts.activities.TwelveKeyDialer,1464834446,WIFI,
863990027905429,com.miui.home,com.miui.home.launcher.Launcher,1464834447,WIFI,
863990027905429,,,1464834452,on
863990027905429,com.tencent.qqpimsecure,com.tencent.server.fore.DeskTopActivity,1464834519,WIFI,
863990027905429,com.tencent.wifimanager,com.tencent.server.fore.QuickLoadActivity,1464834524,WIFI,
863990027905429,,,1464834529,on
863990027905429,com.tencent.wifimanager,com.tencent.server.task.WebViewActivity,1464834545,WIFI,
863990027905429,com.tencent.wifimanager,com.tencent.server.fore.QuickLoadActivity,1464834549,WIFI,
863990027905429,com.miui.home,com.miui.home.launcher.Launcher,1464834550,WIFI,
863990027905429,,,1464834555,off
863990027905429,com.android.settings,com.android.settings.MiuiSettings,1464834574,WIFI,
863990027905429,,,1464834579,on
863990027905429,com.android.phone,com.android.phone.Settings,1464834656,WIFI,
863990027905429,com.android.phone,com.android.phone.MiuiMobileNetworkSettings,1464834657,WIFI,
863990027905429,,,1464834662,on
863990027905429,com.android.mms,com.android.mms.ui.NewMessagePopupActivity,1464834700,WIFI,
863990027905429,,,1464834705,off
863990027905429,com.android.phone,com.android.phone.MiuiMobileNetworkSettings,1464834814,WIFI,
863990027905429,com.miui.home,com.miui.home.launcher.Launcher,1464834820,WIFI,
863990027905429,com.android.mms,com.android.mms.ui.MmsTabActivity,1464834821,WIFI,
863990027905429,com.android.mms,com.android.mms.ui.ServiceProviderConversationListActivity,1464834825,WIFI,
863990027905429,com.android.mms,com.android.mms.ui.SingleRecipientConversationActivity,1464834827,WIFI,
863990027905429,com.android.mms,com.android.mms.ui.ServiceProviderConversationListActivity,1464834834,WIFI,
863990027905429,com.miui.home,com.miui.home.launcher.Launcher,1464834835,WIFI,
863990027905429,com.android.settings,com.android.settings.MiuiSettings,1464834837,WIFI,
863990027905429,android,com.android.internal.app.ResolverActivity,1464834841,WIFI,
863990027905429,com.android.settings,com.android.settings.MiuiSettings,1464834843,WIFI,
863990027905429,com.miui.home,com.miui.home.launcher.Launcher,1464834844,WIFI,
863990027905429,com.tencent.mm,com.tencent.mm.ui.LauncherUI,1464834850,WIFI,
863990027905429,com.tencent.mm,com.tencent.mm.plugin.mall.ui.MallIndexUI,1464834864,WIFI,
863990027905429,com.tencent.mm,com.tencent.mm.plugin.recharge.ui.PhoneRechargeUI,1464834867,WIFI,
863990027905429,com.tencent.mm,com.tencent.mm.plugin.wallet.pay.ui.WalletPayUI,1464834873,WIFI,
863990027905429,com.tencent.mm,com.tencent.mm.plugin.wallet_core.ui.WalletOrderInfoUI,1464834882,WIFI,
863990027905429,com.tencent.mm,com.tencent.mm.ui.LauncherUI,1464834898,WIFI,
863990027905429,com.android.mms,com.android.mms.ui.NewMessagePopupActivity,1464834903,WIFI,
863990027905429,,,1464834908,off
863990027905429,com.tencent.mm,com.tencent.mm.ui.LauncherUI,1464834923,WIFI,
863990027905429,com.miui.home,com.miui.home.launcher.Launcher,1464834926,WIFI,
863990027905429,,,1464834931,,off
863990027905429,,,1464834936,on
863990027905429,,,1464834990,,on
863990027905429,com.tencent.mm,com.tencent.mm.plugin.voip.ui.VideoActivity,1464834990,WIFI,
863990027905429,,,1464834995,on
863990027905429,com.tencent.mm,com.tencent.mm.ui.LauncherUI,1464835119,WIFI,
863990027905429,,,1464835130,,off
863990027905429,,,1464835140,,on
863990027905429,,,1464835145,off
863990027905429,com.tencent.mm,com.tencent.mm.plugin.voip.ui.VideoActivity,1464835189,WIFI,
863990027905429,,,1464835194,on
863990027905429,com.tencent.mm,com.tencent.mm.ui.LauncherUI,1464835386,WIFI,
863990027905429,,,1464835391,off
863990027905429,com.tencent.mm,com.tencent.mm.ui.conversation.BizConversationUI,1464835580,WIFI,
863990027905429,,,1464835585,on
863990027905429,com.tencent.mm,com.tencent.mm.ui.LauncherUI,1464835647,WIFI,
863990027905429,,,1464835652,off
863990027905429,com.tencent.mm,com.tencent.mm.plugin.voip.ui.VideoActivity,1464835888,WIFI,
863990027905429,,,1464835893,on
863990027905429,com.tencent.mm,com.tencent.mm.ui.LauncherUI,1464835977,WIFI,
863990027905429,,,1464835987,,off
863990027905429,,,1464835992,on
863990027905429,,,1464839134,,on
863990027905429,,,1464839143,,off
863990027905429,,,1464839148,on
863990027905429,,,1464839181,,on
863990027905429,,,1464839186,off
863990027905429,com.tencent.mm,com.tencent.mm.plugin.webview.ui.tools.WebViewUI,1464839209,WIFI,
863990027905429,com.tencent.mm,com.tencent.mm.ui.chatting.ChattingUI,1464839222,WIFI,
863990027905429,,,1464839227,off
863990027905429,com.tencent.mm,com.tencent.mm.ui.LauncherUI,1464839253,WIFI,
863990027905429,,,1464839258,on
863990027905429,com.tencent.mm,com.tencent.mm.plugin.readerapp.ui.ReaderAppUI,1464839285,WIFI,
863990027905429,com.tencent.mm,com.tencent.mm.ui.LauncherUI,1464839288,WIFI,
863990027905429,,,1464839293,on
863990027905429,com.lbe.security.miui,com.lbe.security.ui.SecurityPromptHandler,1464839315,WIFI,
863990027905429,com.tencent.mm,com.tencent.mm.ui.LauncherUI,1464839317,WIFI,
863990027905429,,,1464839322,on
863990027905429,com.miui.home,com.miui.home.launcher.Launcher,1464839366,WIFI,
863990027905429,com.tencent.android.qqdownloader,com.qq.AppService.StartApp,1464839382,WIFI,
863990027905429,com.miui.home,com.miui.home.launcher.Launcher,1464839384,WIFI,
863990027905429,,,1464839389,off
863990027905429,com.tencent.mm,com.tencent.mm.ui.LauncherUI,1464839602,WIFI,
863990027905429,,,1464839607,on
863990027905429,com.tencent.mm,com.tencent.mm.plugin.webview.ui.tools.WebViewUI,1464839707,WIFI,
863990027905429,,,1464839712,off
863990027905429,com.tencent.mm,com.tencent.mm.plugin.webview.stub.WebviewScanImageActivity,1464839767,WIFI,
863990027905429,com.tencent.mm,com.tencent.mm.plugin.profile.ui.ContactInfoUI,1464839768,WIFI,
863990027905429,com.tencent.mm,com.tencent.mm.ui.chatting.ChattingUI,1464839776,WIFI,
863990027905429,com.tencent.mm,com.tencent.mm.ui.LauncherUI,1464839780,WIFI,
863990027905429,com.tencent.mm,com.tencent.mm.plugin.webview.ui.tools.WebViewUI,1464839787,WIFI,
863990027905429,,,1464839792,on
863990027905429,com.tencent.mm,com.tencent.mm.ui.LauncherUI,1464839810,WIFI,
863990027905429,,,1464839815,off
863990027905429,com.tencent.mm,com.tencent.mm.plugin.sns.ui.SnsTimeLineUI,1464839861,WIFI,
863990027905429,com.tencent.mm,com.tencent.mm.plugin.sns.ui.SnsMsgUI,1464839868,WIFI,
863990027905429,com.tencent.mm,com.tencent.mm.plugin.sns.ui.SnsTimeLineUI,1464839872,WIFI,
863990027905429,com.tencent.mm,com.tencent.mm.ui.LauncherUI,1464839876,WIFI,
863990027905429,com.miui.home,com.miui.home.launcher.Launcher,1464839879,WIFI,
863990027905429,,,1464839884,on
863990027905429,com.tencent.mm,com.tencent.mm.ui.LauncherUI,1464840714,WIFI,
863990027905429,,,1464840719,off
863990027905429,com.miui.home,com.miui.home.launcher.Launcher,1464840797,WIFI,
863990027905429,,,1464840802,on
863990027905429,com.lbe.security.miui,com.lbe.security.ui.SecurityPromptHandler,1464840815,WIFI,
863990027905429,,,1464840820,off
863990027905429,com.miui.home,com.miui.home.launcher.Launcher,1464840836,WIFI,
863990027905429,,,1464840841,on
863990027905429,com.tencent.mm,com.tencent.mm.ui.LauncherUI,1464840854,WIFI,
863990027905429,,,1464840859,off
863990027905429,com.tencent.mm,com.tencent.mm.plugin.sns.ui.SnsTimeLineUI,1464840982,WIFI,
863990027905429,,,1464840987,on
863990027905429,com.tencent.mm,com.tencent.mm.ui.LauncherUI,1464841067,WIFI,
863990027905429,com.miui.home,com.miui.home.launcher.Launcher,1464841081,WIFI,
863990027905429,,,1464841086,on
863990027905429,,,1464841231,,off
863990027905429,,,1464841233,,on
863990027905429,com.tencent.mm,com.tencent.mm.ui.LauncherUI,1464841237,WIFI,
863990027905429,,,1464841242,off
863990027905429,com.miui.home,com.miui.home.launcher.Launcher,1464841267,WIFI,
863990027905429,com.ciyun.tiantianhongbao,com.ciyun.tiantianhongbao.act.ActWelcome,1464841284,WIFI,
863990027905429,com.ciyun.tiantianhongbao,com.ciyun.tiantianhongbao.act.ActMain,1464841287,WIFI,
863990027905429,com.ciyun.tiantianhongbao,com.ciyun.tiantianhongbao.act.ActQianghongbao2,1464841292,WIFI,
863990027905429,com.ciyun.tiantianhongbao,com.ciyun.tiantianhongbao.act.ActMain,1464841294,WIFI,
863990027905429,com.miui.home,com.miui.home.launcher.Launcher,1464841298,WIFI,
863990027905429,,,1464841303,off
863990027905429,com.example.woxin,com.yswh.woxin.WelcomeActivity,1464841690,WIFI,
863990027905429,com.example.woxin,com.yswh.woxin.MainActivity,1464841693,WIFI,
863990027905429,com.example.woxin,com.yswh.home.TestActivity,1464841699,WIFI,
863990027905429,,,1464841704,on
863990027905429,com.example.woxin,com.yswh.woxin.MainActivity,1464841719,WIFI,
863990027905429,,,1464841724,off
863990027905429,com.example.woxin,com.yswh.home.TestActivity,1464841741,WIFI,
863990027905429,com.example.woxin,com.yswh.woxin.MainActivity,1464841750,WIFI,
863990027905429,com.example.woxin,com.yswh.home.TestActivity,1464841757,WIFI,
863990027905429,com.example.woxin,com.yswh.woxin.MainActivity,1464841764,WIFI,
863990027905429,com.example.woxin,com.yswh.home.AccountWCoinActivity,1464841774,WIFI,
863990027905429,com.example.woxin,com.yswh.woxin.MainActivity,1464841778,WIFI,
863990027905429,com.example.woxin,com.yswh.home.TestActivity,1464841783,WIFI,
863990027905429,com.example.woxin,com.yswh.woxin.MainActivity,1464841785,WIFI,
863990027905429,com.miui.home,com.miui.home.launcher.Launcher,1464841795,WIFI,
863990027905429,,,1464841800,on
863990027905429,com.lbe.security.miui,com.lbe.security.ui.SecurityPromptHandler,1464842015,WIFI,
863990027905429,com.miui.home,com.miui.home.launcher.Launcher,1464842021,WIFI,
863990027905429,,,1464842026,on
863990027905429,com.tencent.mm,com.tencent.mm.ui.LauncherUI,1464842528,WIFI,
863990027905429,,,1464842533,off
863990027905429,com.tencent.mm,com.tencent.mm.ui.chatting.gallery.ImageGalleryUI,1464842645,WIFI,
863990027905429,,,1464842650,on
863990027905429,com.tencent.mm,com.tencent.mm.ui.LauncherUI,1464842714,WIFI,
863990027905429,com.miui.home,com.miui.home.launcher.Launcher,1464842715,WIFI,
863990027905429,,,1464842720,on
863990027905429,com.tencent.mm,com.tencent.mm.ui.LauncherUI,1464843252,WIFI,
863990027905429,,,1464843257,off
863990027905429,com.tencent.mm,com.tencent.mm.plugin.sns.ui.SnsTimeLineUI,1464843311,WIFI,
863990027905429,com.tencent.mm,com.tencent.mm.plugin.sns.ui.SnsMsgUI,1464843315,WIFI,
863990027905429,com.tencent.mm,com.tencent.mm.plugin.sns.ui.SnsTimeLineUI,1464843319,WIFI,
863990027905429,,,1464843324,on
863990027905429,com.tencent.mm,com.tencent.mm.ui.LauncherUI,1464843348,WIFI,
863990027905429,com.tencent.mm,com.tencent.mm.ui.conversation.BizConversationUI,1464843352,WIFI,
863990027905429,com.tencent.mm,com.tencent.mm.ui.LauncherUI,1464843355,WIFI,
863990027905429,com.tencent.mm,com.tencent.mm.ui.chatting.gallery.ImageGalleryUI,1464843366,WIFI,
863990027905429,,,1464843371,on
863990027905429,com.tencent.mm,com.tencent.mm.ui.LauncherUI,1464843395,WIFI,
863990027905429,,,1464843400,off
863990027905429,com.tencent.mm,com.tencent.mm.plugin.chatroom.ui.ChatroomInfoUI,1464843417,WIFI,
863990027905429,com.tencent.mm,com.tencent.mm.ui.ExposeWithProofUI,1464843425,WIFI,
863990027905429,com.tencent.mm,com.tencent.mm.plugin.chatroom.ui.ChatroomInfoUI,1464843428,WIFI,
863990027905429,com.tencent.mm,com.tencent.mm.ui.LauncherUI,1464843430,WIFI,
863990027905429,,,1464843435,off
863990027905429,com.miui.home,com.miui.home.launcher.Launcher,1464843465,WIFI,
863990027905429,,,1464843470,on
863990027905429,,,1464844065,,off
863990027905429,,,1464844070,off
863990027905429,,,1464844500,,on
863990027905429,com.tencent.mm,com.tencent.mm.ui.LauncherUI,1464844506,WIFI,
863990027905429,,,1464844511,off
863990027905429,com.tencent.mm,com.tencent.mm.ui.chatting.gallery.ImageGalleryUI,1464844761,WIFI,
863990027905429,,,1464844766,on
863990027905429,com.tencent.mm,com.tencent.mm.ui.LauncherUI,1464844786,WIFI,
863990027905429,,,1464844791,off
863990027905429,com.tencent.mm,com.tencent.mm.ui.chatting.gallery.ImageGalleryUI,1464844804,WIFI,
863990027905429,com.tencent.mm,com.tencent.mm.ui.LauncherUI,1464844807,WIFI,
863990027905429,,,1464844812,off
863990027905429,com.tencent.mm,com.tencent.mm.ui.chatting.gallery.ImageGalleryUI,1464844893,WIFI,
863990027905429,,,1464844898,on
863990027905429,com.tencent.mm,com.tencent.mm.ui.LauncherUI,1464844912,WIFI,
863990027905429,com.tencent.mm,com.tencent.mm.ui.chatting.gallery.ImageGalleryUI,1464844918,WIFI,
863990027905429,com.tencent.mm,com.tencent.mm.ui.LauncherUI,1464844932,WIFI,
863990027905429,com.tencent.mm,com.tencent.mm.ui.chatting.gallery.ImageGalleryUI,1464844933,WIFI,
863990027905429,,,1464844938,on
863990027905429,com.tencent.mm,com.tencent.mm.ui.LauncherUI,1464844981,WIFI,
863990027905429,,,1464844986,off
863990027905429,com.tencent.mm,com.tencent.mm.plugin.sns.ui.SnsTimeLineUI,1464845054,WIFI,
863990027905429,com.tencent.mm,com.tencent.mm.plugin.webview.ui.tools.WebViewUI,1464845070,WIFI,
863990027905429,,,1464845075,off
863990027905429,com.tencent.mm,com.tencent.mm.plugin.sns.ui.SnsTimeLineUI,1464845159,WIFI,
863990027905429,com.tencent.mm,com.tencent.mm.ui.LauncherUI,1464845161,WIFI,
863990027905429,com.miui.home,com.miui.home.launcher.Launcher,1464845162,WIFI,
863990027905429,,,1464845167,on
863990027905429,com.example.woxin,com.yswh.woxin.WelcomeActivity,1464845537,WIFI,
863990027905429,com.example.woxin,com.yswh.woxin.MainActivity,1464845539,WIFI,
863990027905429,com.example.woxin,com.yswh.home.AccountWCoinActivity,1464845541,WIFI,
863990027905429,com.example.woxin,com.yswh.woxin.MainActivity,1464845549,WIFI,
863990027905429,com.example.woxin,com.yswh.home.TestActivity,1464845552,WIFI,
863990027905429,com.example.woxin,com.yswh.woxin.MainActivity,1464845562,WIFI,
863990027905429,com.example.woxin,com.yswh.home.AccountCashActivity,1464845569,WIFI,
863990027905429,com.example.woxin,com.yswh.woxin.MainActivity,1464845575,WIFI,
863990027905429,com.miui.home,com.miui.home.launcher.Launcher,1464845578,WIFI,
863990027905429,com.tencent.mm,com.tencent.mm.ui.LauncherUI,1464845580,WIFI,
863990027905429,,,1464845585,on
863990027905429,com.miui.home,com.miui.home.launcher.Launcher,1464845738,WIFI,
863990027905429,,,1464845743,off
863990027905429,com.lbe.security.miui,com.lbe.security.ui.SecurityPromptHandler,1464845913,WIFI,
863990027905429,,,1464845918,on
863990027905429,com.miui.home,com.miui.home.launcher.Launcher,1464845934,WIFI,
863990027905429,,,1464845939,off
863990027905429,,,1464846341,,off
863990027905429,,,1464846346,on
863990027905429,,,1464846408,,on
863990027905429,com.tencent.mm,com.tencent.mm.ui.LauncherUI,1464846412,WIFI,
863990027905429,,,1464846417,on
863990027905429,com.miui.home,com.miui.home.launcher.Launcher,1464846509,WIFI,
863990027905429,,,1464846512,,off
863990027905429,,,1464846517,on
863990027905429,,,1464849433,,on
863990027905429,com.tencent.mm,com.tencent.mm.ui.LauncherUI,1464849438,WIFI,
863990027905429,,,1464849443,on
863990027905429,com.tencent.mm,com.tencent.mm.plugin.luckymoney.ui.LuckyMoneyReceiveUI,1464849571,WIFI,
863990027905429,com.tencent.mm,com.tencent.mm.ui.LauncherUI,1464849575,WIFI,
863990027905429,,,1464849580,on
863990027905429,com.tencent.mm,com.tencent.mm.plugin.webview.ui.tools.WebViewUI,1464849610,WIFI,
863990027905429,,,1464849615,off
863990027905429,com.tencent.mm,com.tencent.mm.plugin.webview.stub.WebviewScanImageActivity,1464849655,WIFI,
863990027905429,com.tencent.mm,com.tencent.mm.plugin.profile.ui.ContactInfoUI,1464849656,WIFI,
863990027905429,com.tencent.mm,com.tencent.mm.ui.chatting.ChattingUI,1464849659,WIFI,
863990027905429,com.tencent.mm,com.tencent.mm.ui.LauncherUI,1464849663,WIFI,
863990027905429,,,1464849668,off
863990027905429,com.tencent.mm,com.tencent.mm.plugin.webview.ui.tools.WebViewUI,1464849702,WIFI,
863990027905429,,,1464849707,on
863990027905429,com.tencent.mm,com.tencent.mm.plugin.profile.ui.ContactInfoUI,1464849741,WIFI,
863990027905429,com.tencent.mm,com.tencent.mm.ui.chatting.ChattingUI,1464849743,WIFI,
863990027905429,com.tencent.mm,com.tencent.mm.plugin.webview.ui.tools.WebViewUI,1464849752,WIFI,
863990027905429,,,1464849757,off
863990027905429,com.tencent.mm,com.tencent.mm.ui.chatting.ChattingUI,1464849841,WIFI,
863990027905429,com.tencent.mm,com.tencent.mm.plugin.profile.ui.ContactInfoUI,1464849846,WIFI,
863990027905429,com.tencent.mm,com.tencent.mm.plugin.webview.ui.tools.WebViewUI,1464849853,WIFI,
863990027905429,com.tencent.mm,com.tencent.mm.ui.LauncherUI,1464849855,WIFI,
863990027905429,,,1464849860,off
863990027905429,com.tencent.mm,com.tencent.mm.plugin.webview.ui.tools.WebViewUI,1464849897,WIFI,
863990027905429,,,1464849902,on
863990027905429,com.tencent.mm,com.tencent.mm.ui.LauncherUI,1464849937,WIFI,
863990027905429,,,1464849942,off
863990027905429,com.miui.home,com.miui.home.launcher.Launcher,1464849975,WIFI,
863990027905429,com.miui.gallery,com.miui.gallery.app.Gallery,1464849978,WIFI,
863990027905429,com.miui.home,com.miui.home.launcher.Launcher,1464849984,WIFI,
863990027905429,com.miui.gallery,com.miui.gallery.app.Gallery,1464849986,WIFI,
863990027905429,android,com.android.internal.app.ChooserActivity,1464849992,WIFI,
863990027905429,com.tencent.mm,com.tencent.mm.ui.tools.ShareImgUI,1464849994,WIFI,
863990027905429,com.tencent.mm,com.tencent.mm.ui.transmit.MsgRetransmitUI,1464849995,WIFI,
863990027905429,com.tencent.mm,com.tencent.mm.ui.transmit.SelectConversationUI,1464849996,WIFI,
863990027905429,com.tencent.mm,com.tencent.mm.ui.chatting.ChattingUI,1464850002,WIFI,
863990027905429,com.tencent.mm,com.tencent.mm.ui.LauncherUI,1464850009,WIFI,
863990027905429,,,1464850014,off
863990027905429,com.tencent.mm,com.tencent.mm.plugin.luckymoney.ui.LuckyMoneyReceiveUI,1464850051,WIFI,
863990027905429,com.tencent.mm,com.tencent.mm.ui.LauncherUI,1464850053,WIFI,
863990027905429,com.tencent.mm,com.tencent.mm.ui.chatting.gallery.ImageGalleryUI,1464850058,WIFI,
863990027905429,com.tencent.mm,com.tencent.mm.ui.LauncherUI,1464850061,WIFI,
863990027905429,,,1464850066,off
863990027905429,com.miui.gallery,com.miui.gallery.app.Gallery,1464850104,WIFI,
863990027905429,com.miui.home,com.miui.home.launcher.Launcher,1464850119,WIFI,
863990027905429,com.tencent.mm,com.tencent.mm.ui.LauncherUI,1464850126,WIFI,
863990027905429,,,1464850131,on
863990027905429,com.tencent.mm,com.tencent.mm.plugin.sns.ui.SnsTimeLineUI,1464850188,WIFI,
863990027905429,com.tencent.mm,com.tencent.mm.ui.LauncherUI,1464850193,WIFI,
863990027905429,,,1464850198,on
863990027905429,com.miui.home,com.miui.home.launcher.Launcher,1464850217,WIFI,
863990027905429,com.tencent.mm,com.tencent.mm.ui.LauncherUI,1464850219,WIFI,
863990027905429,,,1464850224,on
863990027905429,com.tencent.mm,com.tencent.mm.ui.chatting.gallery.ImageGalleryUI,1464850271,WIFI,
863990027905429,com.tencent.mm,com.tencent.mm.ui.LauncherUI,1464850277,WIFI,
863990027905429,,,1464850282,on
863990027905429,com.miui.home,com.miui.home.launcher.Launcher,1464850390,WIFI,
863990027905429,com.tencent.mm,com.tencent.mm.ui.LauncherUI,1464850393,WIFI,
863990027905429,com.tencent.mm,com.tencent.mm.ui.conversation.BizConversationUI,1464850396,WIFI,
863990027905429,,,1464850401,off
863990027905429,com.lbe.security.miui,com.lbe.security.ui.SecurityPromptHandler,1464850424,WIFI,
863990027905429,com.tencent.mm,com.tencent.mm.ui.conversation.BizConversationUI,1464850429,WIFI,
863990027905429,com.tencent.mm,com.tencent.mm.plugin.webview.ui.tools.WebViewUI,1464850439,WIFI,
863990027905429,,,1464850444,on
863990027905429,com.tencent.mm,com.tencent.mm.ui.conversation.BizConversationUI,1464850510,WIFI,
863990027905429,com.miui.home,com.miui.home.launcher.Launcher,1464850524,WIFI,
863990027905429,com.tencent.android.qqdownloader,com.qq.AppService.StartApp,1464850539,WIFI,
863990027905429,com.miui.home,com.miui.home.launcher.Launcher,1464850540,WIFI,
863990027905429,,,1464850545,on
863990027905429,,,1464851139,,off
863990027905429,,,1464851144,off
863990027905429,,,1464855273,,on
863990027905429,com.tencent.mm,com.tencent.mm.ui.LauncherUI,1464855287,WIFI,
863990027905429,,,1464855292,off
863990027905429,com.tencent.mm,com.tencent.mm.plugin.luckymoney.ui.LuckyMoneyReceiveUI,1464855550,WIFI,
863990027905429,com.tencent.mm,com.tencent.mm.ui.LauncherUI,1464855554,WIFI,
863990027905429,com.tencent.mm,com.tencent.mm.plugin.luckymoney.ui.LuckyMoneyReceiveUI,1464855571,WIFI,
863990027905429,com.tencent.mm,com.tencent.mm.ui.LauncherUI,1464855574,WIFI,
863990027905429,com.tencent.mm,com.tencent.mm.plugin.luckymoney.ui.LuckyMoneyReceiveUI,1464855588,WIFI,
863990027905429,com.tencent.mm,com.tencent.mm.plugin.luckymoney.ui.LuckyMoneyDetailUI,1464855599,WIFI,
863990027905429,com.tencent.mm,com.tencent.mm.ui.LauncherUI,1464855609,WIFI,
863990027905429,,,1464855614,on
863990027905429,com.tencent.mm,com.tencent.mm.plugin.webview.ui.tools.WebViewUI,1464855643,WIFI,
863990027905429,,,1464855648,off
863990027905429,com.tencent.android.qqdownloader,com.tencent.nucleus.manager.uninstallwatch.WakeUpActivity,1464855706,WIFI,
863990027905429,com.tencent.mm,com.tencent.mm.plugin.profile.ui.ContactInfoUI,1464855716,WIFI,
863990027905429,com.tencent.mm,com.tencent.mm.ui.chatting.ChattingUI,1464855719,WIFI,
863990027905429,com.tencent.mm,com.tencent.mm.ui.LauncherUI,1464855726,WIFI,
863990027905429,,,1464855731,off
863990027905429,com.tencent.mm,com.tencent.mm.plugin.webview.ui.tools.WebViewUI,1464855748,WIFI,
863990027905429,,,1464855753,on
863990027905429,com.tencent.mm,com.tencent.mm.ui.LauncherUI,1464855787,WIFI,
863990027905429,com.miui.home,com.miui.home.launcher.Launcher,1464855790,WIFI,
863990027905429,com.miui.gallery,com.miui.gallery.app.Gallery,1464855797,WIFI,
863990027905429,android,com.android.internal.app.ChooserActivity,1464855804,WIFI,
863990027905429,com.tencent.mm,com.tencent.mm.ui.tools.ShareImgUI,1464855806,WIFI,
863990027905429,com.tencent.mm,com.tencent.mm.ui.transmit.MsgRetransmitUI,1464855816,WIFI,
863990027905429,com.tencent.mm,com.tencent.mm.ui.transmit.SelectConversationUI,1464855820,WIFI,
863990027905429,com.tencent.mm,com.tencent.mm.ui.transmit.MsgRetransmitUI,1464855835,WIFI,
863990027905429,com.tencent.mm,com.tencent.mm.ui.chatting.ChattingUI,1464855836,WIFI,
863990027905429,com.tencent.mm,com.tencent.mm.ui.LauncherUI,1464855847,WIFI,
863990027905429,,,1464855852,on
863990027905429,com.tencent.mm,com.tencent.mm.plugin.chatroom.ui.ChatroomInfoUI,1464855916,WIFI,
863990027905429,com.tencent.mm,com.tencent.mm.ui.LauncherUI,1464855932,WIFI,
863990027905429,,,1464855937,on
863990027905429,com.tencent.mm,com.tencent.mm.plugin.sns.ui.SnsTimeLineUI,1464855953,WIFI,
863990027905429,,,1464855958,off
863990027905429,com.miui.gallery,com.miui.gallery.app.Gallery,1464855973,WIFI,
863990027905429,com.miui.home,com.miui.home.launcher.Launcher,1464855975,WIFI,
863990027905429,com.tencent.mm,com.tencent.mm.ui.LauncherUI,1464855981,WIFI,
863990027905429,,,1464855986,on
863990027905429,com.tencent.mm,com.tencent.mm.plugin.chatroom.ui.ChatroomInfoUI,1464856026,WIFI,
863990027905429,com.tencent.mm,com.tencent.mm.plugin.profile.ui.ContactInfoUI,1464856032,WIFI,
863990027905429,com.tencent.mm,com.tencent.mm.plugin.chatroom.ui.ChatroomInfoUI,1464856049,WIFI,
863990027905429,com.tencent.mm,com.tencent.mm.ui.LauncherUI,1464856052,WIFI,
863990027905429,,,1464856057,on
863990027905429,com.tencent.mm,com.tencent.mm.plugin.luckymoney.ui.LuckyMoneyReceiveUI,1464856104,WIFI,
863990027905429,com.tencent.mm,com.tencent.mm.plugin.luckymoney.ui.LuckyMoneyDetailUI,1464856105,WIFI,
863990027905429,com.tencent.mm,com.tencent.mm.ui.LauncherUI,1464856115,WIFI,
863990027905429,com.miui.home,com.miui.home.launcher.Launcher,1464856121,WIFI,
863990027905429,,,1464856126,on
863990027905429,com.miui.gallery,com.miui.gallery.app.Gallery,1464856464,WIFI,
863990027905429,com.miui.home,com.miui.home.launcher.Launcher,1464856481,WIFI,
863990027905429,com.android.contacts,com.android.contacts.activities.TwelveKeyDialer,1464856482,WIFI,
863990027905429,com.android.phone,com.android.phone.InCallScreen,1464856494,WIFI,
863990027905429,com.android.phone,com.android.phone.MiuiInCallScreen,1464856495,WIFI,
863990027905429,,,1464856500,,off
863990027905429,,,1464856506,,on
863990027905429,com.android.contacts,com.android.contacts.activities.TwelveKeyDialer,1464856511,WIFI,
863990027905429,com.miui.home,com.miui.home.launcher.Launcher,1464856513,WIFI,
863990027905429,com.miui.gallery,com.miui.gallery.app.Gallery,1464856516,WIFI,
863990027905429,,,1464856521,on
863990027905429,com.miui.home,com.miui.home.launcher.Launcher,1464856578,WIFI,
863990027905429,com.android.contacts,com.android.contacts.activities.TwelveKeyDialer,1464856579,WIFI,
863990027905429,com.android.phone,com.android.phone.PrivilegedOutgoingCallBroadcaster,1464856594,WIFI,
863990027905429,com.android.phone,com.android.phone.MiuiInCallScreen,1464856595,WIFI,
863990027905429,,,1464856601,,off
863990027905429,,,1464856606,off
863990027905429,,,1464856757,,on
863990027905429,com.android.contacts,com.android.contacts.activities.TwelveKeyDialer,1464856759,WIFI,
863990027905429,com.miui.home,com.miui.home.launcher.Launcher,1464856761,WIFI,
863990027905429,com.android.contacts,com.android.contacts.activities.TwelveKeyDialer,1464856764,WIFI,
863990027905429,com.android.phone,com.android.phone.MiuiInCallScreen,1464856768,WIFI,
863990027905429,,,1464856770,,off
863990027905429,,,1464856777,,on
863990027905429,,,1464856778,,off
863990027905429,,,1464856784,,on
863990027905429,,,1464856795,,off
863990027905429,,,1464856800,off
863990027905429,,,1464856891,,on
863990027905429,com.android.contacts,com.android.contacts.activities.TwelveKeyDialer,1464856893,WIFI,
863990027905429,com.miui.home,com.miui.home.launcher.Launcher,1464856899,WIFI,
863990027905429,com.tencent.mm,com.tencent.mm.ui.LauncherUI,1464856900,WIFI,
863990027905429,,,1464856905,off
863990027905429,com.android.phone,com.android.phone.MiuiInCallScreen,1464856937,WIFI,
863990027905429,,,1464856943,,off
863990027905429,,,1464856948,off
863990027905429,,,1464857053,,on
863990027905429,com.tencent.mm,com.tencent.mm.ui.LauncherUI,1464857056,WIFI,
863990027905429,,,1464857061,off
863990027905429,com.tencent.mm,com.tencent.mm.ui.chatting.gallery.ImageGalleryUI,1464857125,WIFI,
863990027905429,com.tencent.mm,com.tencent.mm.ui.LauncherUI,1464857134,WIFI,
863990027905429,,,1464857139,off
863990027905429,com.tencent.mm,com.tencent.mm.plugin.luckymoney.ui.LuckyMoneyReceiveUI,1464857328,WIFI,
863990027905429,com.tencent.mm,com.tencent.mm.ui.LauncherUI,1464857331,WIFI,
863990027905429,,,1464857336,off
863990027905429,com.miui.home,com.miui.home.launcher.Launcher,1464857408,WIFI,
863990027905429,com.example.woxin,com.yswh.woxin.WelcomeActivity,1464857410,WIFI,
863990027905429,com.example.woxin,com.yswh.woxin.MainActivity,1464857413,WIFI,
863990027905429,com.example.woxin,com.yswh.home.AccountWCoinActivity,1464857418,WIFI,
863990027905429,com.example.woxin,com.yswh.woxin.MainActivity,1464857423,WIFI,
863990027905429,com.example.woxin,com.yswh.home.MoreActivity,1464857436,WIFI,
863990027905429,com.example.woxin,com.yswh.woxin.MainActivity,1464857440,WIFI,
863990027905429,com.miui.home,com.miui.home.launcher.Launcher,1464857442,WIFI,
863990027905429,,,1464857447,off
863990027905429,com.happyelements.AndroidAnimal,com.happyelements.hellolua.MainActivity,1464857468,WIFI,
863990027905429,,,1464857473,on
863990027905429,com.miui.home,com.miui.home.launcher.Launcher,1464858169,WIFI,
863990027905429,com.tencent.mm,com.tencent.mm.ui.LauncherUI,1464858171,WIFI,
863990027905429,,,1464858176,on
863990027905429,com.tencent.mm,com.tencent.mm.plugin.subapp.ui.friend.FMessageConversationUI,1464858320,WIFI,
863990027905429,com.tencent.mm,com.tencent.mm.plugin.profile.ui.ContactInfoUI,1464858330,WIFI,
863990027905429,com.tencent.mm,com.tencent.mm.plugin.sns.ui.SnsUserUI,1464858331,WIFI,
863990027905429,com.tencent.mm,com.tencent.mm.plugin.profile.ui.ContactInfoUI,1464858335,WIFI,
863990027905429,com.tencent.mm,com.tencent.mm.plugin.subapp.ui.friend.FMessageConversationUI,1464858337,WIFI,
863990027905429,com.tencent.mm,com.tencent.mm.plugin.profile.ui.ContactInfoUI,1464858343,WIFI,
863990027905429,com.tencent.mm,com.tencent.mm.plugin.subapp.ui.friend.FMessageConversationUI,1464858344,WIFI,
863990027905429,com.miui.home,com.miui.home.launcher.Launcher,1464858348,WIFI,
863990027905429,com.tencent.mm,com.tencent.mm.ui.LauncherUI,1464858350,WIFI,
863990027905429,,,1464858355,off
863990027905429,com.tencent.mm,com.tencent.mm.plugin.luckymoney.ui.LuckyMoneyReceiveUI,1464858421,WIFI,
863990027905429,com.tencent.mm,com.tencent.mm.plugin.luckymoney.ui.LuckyMoneyDetailUI,1464858428,WIFI,
863990027905429,com.tencent.mm,com.tencent.mm.ui.LauncherUI,1464858432,WIFI,
863990027905429,,,1464858437,on
863990027905429,com.tencent.mm,com.tencent.mm.plugin.webview.ui.tools.WebViewUI,1464858451,WIFI,
863990027905429,,,1464858456,off
863990027905429,com.tencent.mm,com.tencent.mm.plugin.webview.stub.WebviewScanImageActivity,1464858502,WIFI,
863990027905429,com.tencent.mm,com.tencent.mm.plugin.profile.ui.ContactInfoUI,1464858504,WIFI,
863990027905429,com.tencent.mm,com.tencent.mm.ui.chatting.ChattingUI,1464858507,WIFI,
863990027905429,,,1464858512,on
863990027905429,com.tencent.mm,com.tencent.mm.plugin.webview.ui.tools.WebViewUI,1464858525,WIFI,
863990027905429,com.tencent.mm,com.tencent.mm.ui.chatting.ChattingUI,1464858538,WIFI,
863990027905429,com.tencent.mm,com.tencent.mm.ui.LauncherUI,1464858542,WIFI,
863990027905429,com.tencent.mm,com.tencent.mm.plugin.webview.ui.tools.WebViewUI,1464858547,WIFI,
863990027905429,,,1464858552,on
863990027905429,com.miui.home,com.miui.home.launcher.Launcher,1464858573,WIFI,
863990027905429,com.miui.gallery,com.miui.gallery.app.Gallery,1464858576,WIFI,
863990027905429,com.miui.home,com.miui.home.launcher.Launcher,1464858579,WIFI,
863990027905429,com.miui.gallery,com.miui.gallery.app.Gallery,1464858585,WIFI,
863990027905429,android,com.android.internal.app.ChooserActivity,1464858590,WIFI,
863990027905429,com.tencent.mm,com.tencent.mm.ui.tools.ShareImgUI,1464858593,WIFI,
863990027905429,com.tencent.mm,com.tencent.mm.ui.transmit.SelectConversationUI,1464858594,WIFI,
863990027905429,com.tencent.mm,com.tencent.mm.ui.chatting.ChattingUI,1464858602,WIFI,
863990027905429,,,1464858607,on
863990027905429,com.miui.gallery,com.miui.gallery.app.Gallery,1464858627,WIFI,
863990027905429,com.miui.home,com.miui.home.launcher.Launcher,1464858629,WIFI,
863990027905429,,,1464858634,on
863990027905429,com.lbe.security.miui,com.lbe.security.ui.SecurityPromptHandler,1464859117,WIFI,
863990027905429,,,1464859122,off
863990027905429,com.miui.home,com.miui.home.launcher.Launcher,1464859139,WIFI,
863990027905429,,,1464859144,on
863990027905429,,,1464859228,,off
863990027905429,,,1464859233,off
863990027905429,,,1464859275,,on
863990027905429,com.tencent.mm,com.tencent.mm.ui.LauncherUI,1464859282,WIFI,
863990027905429,,,1464859287,off
863990027905429,com.tencent.mm,com.tencent.mm.ui.chatting.gallery.ImageGalleryUI,1464859312,WIFI,
863990027905429,com.tencent.mm,com.tencent.mm.ui.LauncherUI,1464859323,WIFI,
863990027905429,,,1464859328,off
863990027905429,com.miui.home,com.miui.home.launcher.Launcher,1464859551,WIFI,
863990027905429,com.tencent.mm,com.tencent.mm.ui.LauncherUI,1464859553,WIFI,
863990027905429,,,1464859558,off
863990027905429,com.tencent.mm,com.tencent.mm.ui.conversation.BizConversationUI,1464859603,WIFI,
863990027905429,com.tencent.mm,com.tencent.mm.ui.LauncherUI,1464859606,WIFI,
863990027905429,com.tencent.mm,com.tencent.mm.plugin.webview.ui.tools.WebViewUI,1464859618,WIFI,
863990027905429,,,1464859623,on
863990027905429,com.tencent.mm,com.tencent.mm.ui.LauncherUI,1464859636,WIFI,
863990027905429,com.tencent.mm,com.tencent.mm.plugin.sns.ui.SnsTimeLineUI,1464859643,WIFI,
863990027905429,,,1464859648,on
863990027905429,com.tencent.mm,com.tencent.mm.plugin.sns.ui.SnsUserUI,1464859668,WIFI,
863990027905429,com.tencent.mm,com.tencent.mm.plugin.profile.ui.ContactInfoUI,1464859672,WIFI,
863990027905429,com.tencent.mm,com.tencent.mm.plugin.sns.ui.SnsPermissionUI,1464859678,WIFI,
863990027905429,com.tencent.mm,com.tencent.mm.plugin.profile.ui.ContactInfoUI,1464859681,WIFI,
863990027905429,com.tencent.mm,com.tencent.mm.plugin.sns.ui.SnsUserUI,1464859682,WIFI,
863990027905429,com.tencent.mm,com.tencent.mm.plugin.sns.ui.SnsTimeLineUI,1464859686,WIFI,
863990027905429,com.tencent.mm,com.tencent.mm.plugin.webview.ui.tools.WebViewUI,1464859702,WIFI,
863990027905429,,,1464859707,off
863990027905429,com.tencent.mm,com.tencent.mm.plugin.subapp.ui.gallery.GestureGalleryUI,1464859768,WIFI,
863990027905429,com.tencent.mm,com.tencent.mm.plugin.webview.ui.tools.WebViewUI,1464859772,WIFI,
863990027905429,com.tencent.mm,com.tencent.mm.plugin.sns.ui.SnsTimeLineUI,1464859779,WIFI,
863990027905429,com.tencent.mm,com.tencent.mm.ui.LauncherUI,1464859791,WIFI,
863990027905429,,,1464859796,off
863990027905429,com.tencent.mm,com.tencent.mm.plugin.sns.ui.SnsTimeLineUI,1464859812,WIFI,
863990027905429,,,1464859817,on
863990027905429,com.tencent.mm,com.tencent.mm.plugin.sns.ui.SnsUserUI,1464859840,WIFI,
863990027905429,com.tencent.mm,com.tencent.mm.plugin.profile.ui.ContactInfoUI,1464859842,WIFI,
863990027905429,com.tencent.mm,com.tencent.mm.plugin.sns.ui.SnsPermissionUI,1464859848,WIFI,
863990027905429,com.tencent.mm,com.tencent.mm.plugin.profile.ui.ContactInfoUI,1464859852,WIFI,
863990027905429,com.tencent.mm,com.tencent.mm.plugin.sns.ui.SnsUserUI,1464859853,WIFI,
863990027905429,com.tencent.mm,com.tencent.mm.plugin.sns.ui.SnsTimeLineUI,1464859855,WIFI,
863990027905429,,,1464859860,on
863990027905429,com.tencent.mm,com.tencent.mm.ui.LauncherUI,1464859876,WIFI,
863990027905429,com.tencent.mm,com.tencent.mm.plugin.favorite.ui.FavoriteIndexUI,1464859885,WIFI,
863990027905429,,,1464859890,on
863990027905429,com.tencent.mm,com.tencent.mm.plugin.webview.ui.tools.WebViewUI,1464859920,WIFI,
863990027905429,com.tencent.mm,com.tencent.mm.plugin.favorite.ui.FavoriteIndexUI,1464859928,WIFI,
863990027905429,com.tencent.mm,com.tencent.mm.plugin.webview.ui.tools.WebViewUI,1464859931,WIFI,
863990027905429,,,1464859936,off
863990027905429,com.tencent.mm,com.tencent.mm.plugin.sns.ui.SnsUploadUI,1464859979,WIFI,
863990027905429,com.tencent.mm,com.tencent.mm.plugin.webview.ui.tools.WebViewUI,1464859985,WIFI,
863990027905429,,,1464859990,off
863990027905429,com.tencent.mm,com.tencent.mm.plugin.webview.stub.WebViewStubProxyUI,1464860033,WIFI,
863990027905429,com.tencent.mm,com.tencent.mm.plugin.sns.ui.SnsUploadUI,1464860034,WIFI,
863990027905429,com.tencent.mm,com.tencent.mm.plugin.webview.ui.tools.WebViewUI,1464860038,WIFI,
863990027905429,,,1464860043,on
863990027905429,com.tencent.mm,com.tencent.mm.plugin.sns.ui.SnsUploadUI,1464860172,WIFI,
863990027905429,com.tencent.mm,com.tencent.mm.plugin.webview.ui.tools.WebViewUI,1464860177,WIFI,
863990027905429,,,1464860182,on
863990027905429,com.tencent.mm,com.tencent.mm.plugin.favorite.ui.FavoriteIndexUI,1464860234,WIFI,
863990027905429,com.tencent.mm,com.tencent.mm.ui.LauncherUI,1464860239,WIFI,
863990027905429,com.tencent.mm,com.tencent.mm.plugin.luckymoney.ui.LuckyMoneyReceiveUI,1464860255,WIFI,
863990027905429,com.miui.home,com.miui.home.launcher.Launcher,1464860259,WIFI,
863990027905429,com.tencent.mm,com.tencent.mm.ui.LauncherUI,1464860261,WIFI,
863990027905429,com.tencent.mm,com.tencent.mm.plugin.webview.ui.tools.WebViewUI,1464860276,WIFI,
863990027905429,,,1464860281,on
863990027905429,com.tencent.mm,com.tencent.mm.plugin.webview.stub.WebviewScanImageActivity,1464860329,WIFI,
863990027905429,com.tencent.mm,com.tencent.mm.ui.chatting.ChattingUI,1464860330,WIFI,
863990027905429,com.tencent.mm,com.tencent.mm.plugin.webview.ui.tools.WebViewUI,1464860339,WIFI,
863990027905429,,,1464860344,off
863990027905429,com.tencent.android.qqdownloader,com.tencent.pangu.link.LinkProxyActivity,1464860425,WIFI,
863990027905429,com.tencent.android.qqdownloader,com.tencent.pangu.activity.ExternalCallActivity,1464860426,WIFI,
863990027905429,com.tencent.mm,com.tencent.mm.plugin.webview.ui.tools.WebViewUI,1464860433,WIFI,
863990027905429,com.tencent.mm,com.tencent.mm.ui.chatting.ChattingUI,1464860441,WIFI,
863990027905429,com.tencent.mm,com.tencent.mm.plugin.webview.ui.tools.WebViewUI,1464860448,WIFI,
863990027905429,,,1464860453,on
863990027905429,com.tencent.mm,com.tencent.mm.ui.chatting.ChattingUI,1464860514,WIFI,
863990027905429,com.tencent.mm,com.tencent.mm.plugin.webview.ui.tools.WebViewUI,1464860522,WIFI,
863990027905429,,,1464860527,on
863990027905429,com.tencent.mm,com.tencent.mm.ui.chatting.ChattingUI,1464860546,WIFI,
863990027905429,,,1464860551,off
863990027905429,com.tencent.mm,com.tencent.mm.plugin.webview.ui.tools.WebViewUI,1464860575,WIFI,
863990027905429,com.miui.home,com.miui.home.launcher.Launcher,1464860586,WIFI,
863990027905429,com.tencent.mm,com.tencent.mm.ui.LauncherUI,1464860589,WIFI,
863990027905429,,,1464860594,on
863990027905429,com.miui.home,com.miui.home.launcher.Launcher,1464860612,WIFI,
863990027905429,com.tencent.mm,com.tencent.mm.ui.LauncherUI,1464860613,WIFI,
863990027905429,com.tencent.mm,com.tencent.mm.plugin.sns.ui.SnsTimeLineUI,1464860617,WIFI,
863990027905429,com.tencent.mm,com.tencent.mm.plugin.sns.ui.SnsMsgUI,1464860621,WIFI,
863990027905429,com.lbe.security.miui,com.lbe.security.ui.SecurityPromptHandler,1464860628,WIFI,
863990027905429,com.tencent.mm,com.tencent.mm.plugin.sns.ui.SnsTimeLineUI,1464860630,WIFI,
863990027905429,com.miui.home,com.miui.home.launcher.Launcher,1464860635,WIFI,
863990027905429,com.tencent.mm,com.tencent.mm.ui.LauncherUI,1464860638,WIFI,
863990027905429,com.tencent.mm,com.tencent.mm.plugin.sns.ui.SnsTimeLineUI,1464860649,WIFI,
863990027905429,com.tencent.mm,com.tencent.mm.plugin.sns.ui.SnsMsgUI,1464860655,WIFI,
863990027905429,com.tencent.mm,com.tencent.mm.plugin.sns.ui.SnsTimeLineUI,1464860658,WIFI,
863990027905429,com.miui.home,com.miui.home.launcher.Launcher,1464860661,WIFI,
863990027905429,com.tencent.android.qqdownloader,com.qq.AppService.StartApp,1464860671,WIFI,
863990027905429,com.miui.home,com.miui.home.launcher.Launcher,1464860672,WIFI,
863990027905429,,,1464860677,on
863990027905429,com.tencent.mm,com.tencent.mm.plugin.voip.ui.VideoActivity,1464860854,WIFI,
863990027905429,,,1464860859,off
863990027905429,com.tencent.mm,com.tencent.mm.ui.LauncherUI,1464861373,WIFI,
863990027905429,,,1464861378,on
863990027905429,com.tencent.mm,com.tencent.mm.plugin.luckymoney.ui.LuckyMoneyReceiveUI,1464861410,WIFI,
863990027905429,com.tencent.mm,com.tencent.mm.plugin.luckymoney.ui.LuckyMoneyDetailUI,1464861413,WIFI,
863990027905429,com.tencent.mm,com.tencent.mm.ui.LauncherUI,1464861425,WIFI,
863990027905429,,,1464861430,off
863990027905429,com.tencent.mm,com.tencent.mm.plugin.luckymoney.ui.LuckyMoneyReceiveUI,1464861515,WIFI,
863990027905429,com.tencent.mm,com.tencent.mm.plugin.luckymoney.ui.LuckyMoneyDetailUI,1464861516,WIFI,
863990027905429,com.tencent.mm,com.tencent.mm.ui.LauncherUI,1464861519,WIFI,
863990027905429,,,1464861524,on
863990027905429,com.miui.home,com.miui.home.launcher.Launcher,1464861555,WIFI,
863990027905429,,,1464861560,off
863990027905429,,,1464861724,,off
863990027905429,,,1464861729,on
863990027905429,,,1464862527,,on
863990027905429,com.tencent.mm,com.tencent.mm.ui.LauncherUI,1464862533,WIFI,
863990027905429,,,1464862538,on
863990027905429,com.tencent.mm,com.tencent.mm.plugin.voip.ui.VideoActivity,1464862554,WIFI,
863990027905429,,,1464862559,off
863990027905429,com.tencent.mm,com.tencent.mm.ui.LauncherUI,1464863112,WIFI,
863990027905429,com.miui.home,com.miui.home.launcher.Launcher,1464863113,WIFI,
863990027905429,,,1464863118,off
863990027905429,,,1464863726,,off
863990027905429,,,1464863731,on
863990027905429,,,1464863803,,on
863990027905429,,,1464863808,off
863990027905429,com.tencent.mm,com.tencent.mm.ui.LauncherUI,1464863823,WIFI,
863990027905429,,,1464863828,on
863990027905429,com.tencent.mm,com.tencent.mm.plugin.voip.ui.VideoActivity,1464863901,WIFI,
863990027905429,,,1464863906,off
863990027905429,com.tencent.mm,com.tencent.mm.ui.LauncherUI,1464864019,WIFI,
863990027905429,com.miui.home,com.miui.home.launcher.Launcher,1464864025,WIFI,
863990027905429,,,1464864030,off
863990027905429,,,1464864050,,off
863990027905429,,,1464864055,on
863990027905429,,,1464864139,,on
863990027905429,com.tencent.mm,com.tencent.mm.ui.LauncherUI,1464864144,WIFI,
863990027905429,,,1464864149,on
863990027905429,com.tencent.mm,com.tencent.mm.plugin.voip.ui.VideoActivity,1464864169,WIFI,
863990027905429,,,1464864174,off
863990027905429,com.tencent.mm,com.tencent.mm.ui.LauncherUI,1464864590,WIFI,
863990027905429,com.miui.home,com.miui.home.launcher.Launcher,1464864593,WIFI,
863990027905429,,,1464864599,,off
863990027905429,,,1464864604,on
863990027905429,,,1464865196,,on
863990027905429,,,1464865201,off
863990027905429,com.tencent.mm,com.tencent.mm.ui.LauncherUI,1464865282,WIFI,
863990027905429,,,1464865287,on
863990027905429,com.miui.home,com.miui.home.launcher.Launcher,1464865339,WIFI,
863990027905429,com.tencent.mm,com.tencent.mm.ui.LauncherUI,1464865342,WIFI,
863990027905429,com.lbe.security.miui,com.lbe.security.ui.SecurityPromptHandler,1464865351,WIFI,
863990027905429,com.tencent.mm,com.tencent.mm.ui.LauncherUI,1464865354,WIFI,
863990027905429,,,1464865359,on
863990027905429,com.tencent.mm,com.tencent.mm.plugin.webview.ui.tools.WebViewUI,1464865374,WIFI,
863990027905429,,,1464865379,off
863990027905429,com.tencent.mm,com.tencent.mm.ui.LauncherUI,1464865395,WIFI,
863990027905429,com.miui.home,com.miui.home.launcher.Launcher,1464865396,WIFI,
863990027905429,com.tencent.mm,com.tencent.mm.ui.LauncherUI,1464865399,WIFI,
863990027905429,,,1464865404,on
863990027905429,com.tencent.mm,com.tencent.mm.plugin.luckymoney.ui.LuckyMoneyReceiveUI,1464865589,WIFI,
863990027905429,com.tencent.mm,com.tencent.mm.plugin.luckymoney.ui.LuckyMoneyDetailUI,1464865592,WIFI,
863990027905429,com.tencent.mm,com.tencent.mm.ui.LauncherUI,1464865599,WIFI,
863990027905429,,,1464865604,off
863990027905429,com.tencent.mm,com.tencent.mm.plugin.webview.ui.tools.WebViewUI,1464865629,WIFI,
863990027905429,,,1464865634,on
863990027905429,com.miui.home,com.miui.home.launcher.Launcher,1464865664,WIFI,
863990027905429,com.miui.gallery,com.miui.gallery.app.Gallery,1464865681,WIFI,
863990027905429,android,com.android.internal.app.ChooserActivity,1464865686,WIFI,
863990027905429,com.tencent.mm,com.tencent.mm.ui.tools.ShareImgUI,1464865688,WIFI,
863990027905429,com.tencent.mm,com.tencent.mm.ui.transmit.SelectConversationUI,1464865689,WIFI,
863990027905429,com.tencent.mm,com.tencent.mm.ui.chatting.ChattingUI,1464865697,WIFI,
863990027905429,,,1464865702,on
863990027905429,com.miui.gallery,com.miui.gallery.app.Gallery,1464865733,WIFI,
863990027905429,com.miui.home,com.miui.home.launcher.Launcher,1464865736,WIFI,
863990027905429,,,1464865741,on
863990027905429,com.tencent.mm,com.tencent.mm.ui.LauncherUI,1464865773,WIFI,
863990027905429,com.tencent.mm,com.tencent.mm.plugin.subapp.ui.friend.FMessageConversationUI,1464865790,WIFI,
863990027905429,com.tencent.mm,com.tencent.mm.plugin.profile.ui.ContactInfoUI,1464865794,WIFI,
863990027905429,com.tencent.mm,com.tencent.mm.plugin.subapp.ui.friend.FMessageConversationUI,1464865799,WIFI,
863990027905429,com.tencent.mm,com.tencent.mm.plugin.profile.ui.ContactInfoUI,1464865803,WIFI,
863990027905429,com.tencent.mm,com.tencent.mm.plugin.subapp.ui.friend.FMessageConversationUI,1464865806,WIFI,
863990027905429,com.tencent.mm,com.tencent.mm.plugin.profile.ui.ContactInfoUI,1464865812,WIFI,
863990027905429,com.tencent.mm,com.tencent.mm.plugin.subapp.ui.friend.FMessageConversationUI,1464865819,WIFI,
863990027905429,com.miui.home,com.miui.home.launcher.Launcher,1464865832,WIFI,
863990027905429,com.tencent.mm,com.tencent.mm.ui.LauncherUI,1464865834,WIFI,
863990027905429,,,1464865839,on
863990027905429,com.tencent.mm,com.tencent.mm.plugin.luckymoney.ui.LuckyMoneyReceiveUI,1464865856,WIFI,
863990027905429,com.tencent.mm,com.tencent.mm.plugin.luckymoney.ui.LuckyMoneyDetailUI,1464865859,WIFI,
863990027905429,com.tencent.mm,com.tencent.mm.ui.LauncherUI,1464865862,WIFI,
863990027905429,,,1464865867,off
863990027905429,com.tencent.mm,com.tencent.mm.plugin.sns.ui.SnsTimeLineUI,1464865947,WIFI,
863990027905429,com.tencent.mm,com.tencent.mm.ui.LauncherUI,1464865955,WIFI,
863990027905429,com.miui.home,com.miui.home.launcher.Launcher,1464865968,WIFI,
863990027905429,,,1464865973,on
863990027905429,com.lbe.security.miui,com.lbe.security.ui.SecurityPromptHandler,1464866502,WIFI,
863990027905429,,,1464866507,off
863990027905429,com.miui.home,com.miui.home.launcher.Launcher,1464866523,WIFI,
863990027905429,,,1464866528,on
863990027905429,,,1464866569,,off
863990027905429,,,1464866574,off
863990027905429,,,1464872031,,on
863990027905429,com.tencent.mobileqq,com.tencent.mobileqq.activity.QQLSActivity,1464872031,WIFI,
863990027905429,,,1464872042,,off
863990027905429,,,1464872047,on
863990027905429,,,1464872063,,on
863990027905429,com.tencent.android.qqdownloader,com.tencent.pangu.activity.AppDetailActivityV5,1464872071,WIFI,
863990027905429,com.tencent.android.qqdownloader,com.tencent.assistant.activity.pictureprocessor.ShowPictureActivity,1464872085,WIFI,
863990027905429,com.tencent.android.qqdownloader,com.qq.AppService.StartApp,1464872095,WIFI,
863990027905429,com.tencent.android.qqdownloader,com.tencent.pangu.activity.AppDetailActivityV5,1464872098,WIFI,
863990027905429,com.tencent.mm,com.tencent.mm.ui.LauncherUI,1464872100,WIFI,
863990027905429,,,1464872105,on
863990027905429,com.tencent.mm,com.tencent.mm.plugin.readerapp.ui.ReaderAppUI,1464872155,WIFI,
863990027905429,com.tencent.mm,com.tencent.mm.ui.LauncherUI,1464872160,WIFI,
863990027905429,,,1464872165,on
863990027905429,com.tencent.mm,com.tencent.mm.plugin.webview.ui.tools.WebViewUI,1464872189,WIFI,
863990027905429,com.tencent.mm,com.tencent.mm.plugin.profile.ui.ContactInfoUI,1464872200,WIFI,
863990027905429,com.tencent.mm,com.tencent.mm.ui.chatting.ChattingUI,1464872204,WIFI,
863990027905429,com.tencent.mm,com.tencent.mm.ui.LauncherUI,1464872218,WIFI,
863990027905429,com.tencent.mm,com.tencent.mm.plugin.webview.ui.tools.WebViewUI,1464872223,WIFI,
863990027905429,,,1464872228,off
863990027905429,com.tencent.mm,com.tencent.mm.ui.LauncherUI,1464872259,WIFI,
863990027905429,,,1464872264,on
863990027905429,com.tencent.mm,com.tencent.mm.plugin.luckymoney.ui.LuckyMoneyReceiveUI,1464872292,WIFI,
863990027905429,com.tencent.mm,com.tencent.mm.ui.LauncherUI,1464872296,WIFI,
863990027905429,,,1464872301,on
863990027905429,com.miui.home,com.miui.home.launcher.Launcher,1464872321,WIFI,
863990027905429,com.tencent.mm,com.tencent.mm.ui.LauncherUI,1464872329,WIFI,
863990027905429,,,1464872334,on
863990027905429,com.tencent.mm,com.tencent.mm.plugin.sns.ui.SnsTimeLineUI,1464872365,WIFI,
863990027905429,com.tencent.mm,com.tencent.mm.plugin.sns.ui.SnsUserUI,1464872379,WIFI,
863990027905429,com.tencent.mm,com.tencent.mm.plugin.profile.ui.ContactInfoUI,1464872381,WIFI,
863990027905429,com.tencent.mm,com.tencent.mm.plugin.sns.ui.SnsPermissionUI,1464872391,WIFI,
863990027905429,com.tencent.mm,com.tencent.mm.plugin.profile.ui.ContactInfoUI,1464872395,WIFI,
863990027905429,com.tencent.mm,com.tencent.mm.plugin.sns.ui.SnsUserUI,1464872397,WIFI,
863990027905429,com.tencent.mm,com.tencent.mm.plugin.sns.ui.SnsTimeLineUI,1464872406,WIFI,
863990027905429,com.tencent.mm,com.tencent.mm.ui.LauncherUI,1464872423,WIFI,
863990027905429,com.tencent.mm,com.tencent.mm.plugin.game.ui.GameCenterUI2,1464872432,WIFI,
863990027905429,com.tencent.mm,com.tencent.mm.ui.LauncherUI,1464872441,WIFI,
863990027905429,com.tencent.mm,com.tencent.mm.plugin.subapp.ui.friend.FMessageConversationUI,1464872448,WIFI,
863990027905429,com.tencent.mm,com.tencent.mm.ui.LauncherUI,1464872455,WIFI,
863990027905429,com.pingan.papd,com.pajk.pedometer.PedoActivity,1464872470,WIFI,
863990027905429,,,1464872475,off
863990027905429,com.miui.home,com.miui.home.launcher.Launcher,1464872489,WIFI,
863990027905429,com.happyelements.AndroidAnimal,com.happyelements.hellolua.MainActivity,1464872494,WIFI,
863990027905429,,,1464872499,off
863990027905429,com.lbe.security.miui,com.lbe.security.ui.SecurityPromptHandler,1464872590,WIFI,
863990027905429,com.happyelements.AndroidAnimal,com.happyelements.hellolua.MainActivity,1464872595,WIFI,
863990027905429,,,1464872600,off
863990027905429,com.lbe.security.miui,com.lbe.security.ui.SecurityPromptHandler,1464872922,WIFI,
863990027905429,com.happyelements.AndroidAnimal,com.happyelements.hellolua.MainActivity,1464872925,WIFI,
863990027905429,,,1464872930,off
863990027905429,com.miui.home,com.miui.home.launcher.Launcher,1464873280,WIFI,
863990027905429,,,1464873285,on
863990027905429,com.tencent.mm,com.tencent.mm.ui.LauncherUI,1464873315,WIFI,
863990027905429,,,1464873320,off
863990027905429,com.tencent.mm,com.tencent.mm.ui.chatting.gallery.ImageGalleryUI,1464873357,WIFI,
863990027905429,,,1464873362,on
863990027905429,com.tencent.mm,com.tencent.mm.ui.LauncherUI,1464873386,WIFI,
863990027905429,,,1464873391,off
863990027905429,com.tencent.mm,com.tencent.mm.ui.chatting.gallery.ImageGalleryUI,1464873413,WIFI,
863990027905429,,,1464873418,on
863990027905429,com.tencent.mm,com.tencent.mm.ui.LauncherUI,1464873485,WIFI,
863990027905429,,,1464873490,off
863990027905429,com.tencent.mm,com.tencent.mm.plugin.sns.ui.SnsTimeLineUI,1464873604,WIFI,
863990027905429,,,1464873609,on
863990027905429,com.tencent.mm,com.tencent.mm.plugin.webview.ui.tools.WebViewUI,1464873637,WIFI,
863990027905429,,,1464873642,off
863990027905429,com.tencent.mm,com.tencent.mm.plugin.sns.ui.SnsTimeLineUI,1464873716,WIFI,
863990027905429,com.tencent.mm,com.tencent.mm.ui.LauncherUI,1464873725,WIFI,
863990027905429,,,1464873730,off
863990027905429,com.tencent.mm,com.tencent.mm.plugin.luckymoney.ui.LuckyMoneyReceiveUI,1464873767,WIFI,
863990027905429,com.tencent.mm,com.tencent.mm.ui.LauncherUI,1464873770,WIFI,
863990027905429,com.miui.home,com.miui.home.launcher.Launcher,1464873773,WIFI,
863990027905429,com.example.woxin,com.yswh.woxin.WelcomeActivity,1464873777,WIFI,
863990027905429,com.example.woxin,com.yswh.woxin.MainActivity,1464873786,WIFI,
863990027905429,com.example.woxin,com.yswh.home.AccountWCoinActivity,1464873801,WIFI,
863990027905429,com.example.woxin,com.yswh.woxin.MainActivity,1464873804,WIFI,
863990027905429,com.miui.home,com.miui.home.launcher.Launcher,1464873813,WIFI,
863990027905429,com.qqgame.happymj,com.onevcat.uniwebview.AndroidPlugin,1464873817,WIFI,
863990027905429,,,1464873822,on
863990027905429,com.miui.home,com.miui.home.launcher.Launcher,1464874749,WIFI,
863990027905429,com.tencent.mm,com.tencent.mm.ui.LauncherUI,1464874753,WIFI,
863990027905429,,,1464874758,on
863990027905429,com.miui.home,com.miui.home.launcher.Launcher,1464874813,WIFI,
863990027905429,,,1464874818,off
863990027905429,com.lbe.security.miui,com.lbe.security.ui.SecurityPromptHandler,1464875013,WIFI,
863990027905429,,,1464875018,on
863990027905429,com.miui.home,com.miui.home.launcher.Launcher,1464875034,WIFI,
863990027905429,,,1464875039,off
863990027905429,,,1464875413,,off
