UserID,App,Activity,Time,Network,Screen
864178029911954,com.lenovo.launcher,com.lenovo.launcher.components.XAllAppFace.XLauncher,1464849413,WIFI,
864178029911954,com.tencent.mm,com.tencent.mm.ui.LauncherUI,1464849418,WIFI,
864178029911954,,,1464849423,off
864178029911954,com.lenovo.launcher,com.lenovo.launcher.components.XAllAppFace.XLauncher,1464849502,WIFI,
864178029911954,,,1464849507,on
864178029911954,com.acbull.activitymonitor,com.acbull.activitymonitor.MainActivity,1464849522,WIFI,
864178029911954,com.lenovo.launcher,com.lenovo.launcher.components.XAllAppFace.XLauncher,1464849526,WIFI,
864178029911954,,,1464849534,,off
864178029911954,,,1464849539,off
864178029911954,,,1464849989,,on
864178029911954,com.lenovo.ideafriend,com.lenovo.ideafriend.alias.DialtactsActivity,1464849992,WIFI,
864178029911954,com.lenovo.launcher,com.lenovo.launcher.components.XAllAppFace.XLauncher,1464850007,WIFI,
864178029911954,com.lenovo.ideafriend,com.lenovo.ideafriend.alias.DialtactsActivity,1464850009,WIFI,
864178029911954,com.lenovo.launcher,com.lenovo.launcher.components.XAllAppFace.XLauncher,1464850010,WIFI,
864178029911954,com.kdweibo.client,com.kdweibo.android.ui.activity.StartActivity,1464850013,WIFI,
864178029911954,com.kdweibo.client,com.kdweibo.android.ui.fragment.HomeMainFragmentActivity,1464850016,WIFI,
864178029911954,com.kdweibo.client,com.umeng.update.UpdateDialogActivity,1464850018,WIFI,
864178029911954,com.kdweibo.client,com.kdweibo.android.ui.fragment.HomeMainFragmentActivity,1464850020,WIFI,
864178029911954,com.kdweibo.client,com.kingdee.eas.eclite.ui.ChatMsgTodoActivity,1464850022,WIFI,
864178029911954,,,1464850027,off
864178029911954,,,1464850052,,off
864178029911954,,,1464850057,on
864178029911954,,,1464850084,,on
864178029911954,com.kdweibo.client,com.kingdee.eas.eclite.ui.NewsWebViewActivity,1464850088,WIFI,
864178029911954,com.kdweibo.client,com.kingdee.eas.eclite.ui.ChatMsgTodoActivity,1464850090,WIFI,
864178029911954,com.kdweibo.client,com.kdweibo.android.ui.fragment.HomeMainFragmentActivity,1464850091,WIFI,
864178029911954,com.lenovo.launcher,com.lenovo.launcher.components.XAllAppFace.XLauncher,1464850092,WIFI,
864178029911954,com.kdweibo.client,com.kdweibo.android.ui.fragment.HomeMainFragmentActivity,1464850094,WIFI,
864178029911954,com.kdweibo.client,com.kdweibo.android.ui.activity.SearchCommonActivity,1464850098,WIFI,
864178029911954,,,1464850103,off
864178029911954,com.kdweibo.client,com.kdweibo.android.ui.userdetail.XTUserInfoFragmentActivity,1464850133,WIFI,
864178029911954,com.lenovo.ideafriend,com.lenovo.ideafriend.alias.DialtactsActivity,1464850137,WIFI,
864178029911954,com.android.phone,com.android.phone.PrivilegedOutgoingCallBroadcaster,1464850139,WIFI,
864178029911954,com.android.phone,com.android.phone.InCallScreen,1464850140,WIFI,
864178029911954,,,1464850145,off
864178029911954,com.lenovo.ideafriend,com.lenovo.ideafriend.alias.DialtactsActivity,1464850199,WIFI,
864178029911954,com.android.phone,com.android.phone.InCallScreen,1464850210,WIFI,
864178029911954,,,1464850215,off
864178029911954,com.lenovo.ideafriend,com.lenovo.ideafriend.alias.DialtactsActivity,1464850265,WIFI,
864178029911954,com.kdweibo.client,com.kdweibo.android.ui.userdetail.XTUserInfoFragmentActivity,1464850266,WIFI,
864178029911954,com.lenovo.launcher,com.lenovo.launcher.components.XAllAppFace.XLauncher,1464850270,WIFI,
864178029911954,,,1464850275,on
864178029911954,,,1464850302,,off
864178029911954,,,1464850312,,on
864178029911954,com.lenovo.ideafriend,com.lenovo.ideafriend.alias.DialtactsActivity,1464850314,WIFI,
864178029911954,com.lenovo.ideafriend,com.lenovo.ideafriend.contacts.activities.ContactDetailActivity,1464850320,WIFI,
864178029911954,com.android.phone,com.android.phone.InCallScreen,1464850321,WIFI,
864178029911954,,,1464850326,off
864178029911954,com.lenovo.launcher,com.lenovo.launcher.components.XAllAppFace.XLauncher,1464850373,WIFI,
864178029911954,,,1464850376,,off
864178029911954,,,1464850381,off
864178029911954,,,1464850998,,on
864178029911954,,,1464851011,,off
864178029911954,,,1464851016,off
864178029911954,,,1464851263,,on
864178029911954,com.lenovo.ideafriend,com.lenovo.ideafriend.alias.DialtactsActivity,1464851266,cellular,
864178029911954,com.android.phone,com.android.phone.InCallScreen,1464851271,WIFI,
864178029911954,com.lenovo.ideafriend,com.lenovo.ideafriend.alias.DialtactsActivity,1464851274,WIFI,
864178029911954,com.lenovo.launcher,com.lenovo.launcher.components.XAllAppFace.XLauncher,1464851276,WIFI,
864178029911954,,,1464851278,,off
864178029911954,,,1464851283,off
864178029911954,,,1464851485,,on
864178029911954,com.lenovo.ideafriend,com.lenovo.ideafriend.alias.DialtactsActivity,1464851487,WIFI,
864178029911954,com.android.phone,com.android.phone.InCallScreen,1464851492,WIFI,
864178029911954,,,1464851497,on
864178029911954,com.lenovo.ideafriend,com.lenovo.ideafriend.alias.DialtactsActivity,1464851536,WIFI,
864178029911954,com.lenovo.launcher,com.lenovo.launcher.components.XAllAppFace.XLauncher,1464851553,WIFI,
864178029911954,,,1464851560,,off
864178029911954,,,1464851565,off
864178029911954,,,1464851580,,on
864178029911954,com.lenovo.ideafriend,com.lenovo.ideafriend.alias.DialtactsActivity,1464851583,WIFI,
864178029911954,,,1464851588,off
864178029911954,com.lenovo.launcher,com.lenovo.launcher.components.XAllAppFace.XLauncher,1464851611,WIFI,
864178029911954,,,1464851616,on
864178029911954,,,1464851641,,off
864178029911954,,,1464851646,off
864178029911954,,,1464851804,,on
864178029911954,com.tencent.mm,com.tencent.mm.ui.LauncherUI,1464851809,WIFI,
864178029911954,com.tencent.mm,com.tencent.mm.ui.chatting.gallery.ImageGalleryUI,1464851823,WIFI,
864178029911954,,,1464851828,on
864178029911954,com.tencent.mm,com.tencent.mm.ui.LauncherUI,1464851863,WIFI,
864178029911954,com.tencent.mm,com.tencent.mm.ui.chatting.gallery.ImageGalleryUI,1464851871,WIFI,
864178029911954,,,1464851876,on
864178029911954,,,1464851943,,off
864178029911954,,,1464851948,off
864178029911954,,,1464852847,,on
864178029911954,com.android.phone,com.android.phone.InCallScreen,1464852847,cellular,
864178029911954,,,1464852852,off
864178029911954,com.tencent.mm,com.tencent.mm.ui.chatting.gallery.ImageGalleryUI,1464852884,cellular,
864178029911954,,,1464852889,on
864178029911954,com.lenovo.launcher,com.lenovo.launcher.components.XAllAppFace.XLauncher,1464852902,cellular,
864178029911954,,,1464852904,,off
864178029911954,,,1464852909,on
864178029911954,,,1464853093,,on
864178029911954,com.android.phone,com.android.phone.InCallScreen,1464853093,cellular,
864178029911954,,,1464853098,on
864178029911954,com.lenovo.launcher,com.lenovo.launcher.components.XAllAppFace.XLauncher,1464853145,cellular,
864178029911954,,,1464853147,,off
864178029911954,,,1464853152,on
864178029911954,,,1464853753,,on
864178029911954,,,1464853758,off
864178029911954,,,1464853787,,off
864178029911954,,,1464853792,on
864178029911954,,,1464853806,,on
864178029911954,com.android.systemui,com.android.systemui.recent.RecentsActivity,1464853808,WIFI,
864178029911954,,,1464853813,,off
864178029911954,,,1464853813,,on
864178029911954,,,1464853813,,off
864178029911954,,,1464853815,,on
864178029911954,com.lenovo.launcher,com.lenovo.launcher.components.XAllAppFace.XLauncher,1464853815,WIFI,
864178029911954,,,1464853820,,off
864178029911954,,,1464853825,on
864178029911954,,,1464854890,,on
864178029911954,com.happyelements.AndroidAnimal,com.happyelements.hellolua.MainActivity,1464854896,WIFI,
864178029911954,,,1464854901,on
864178029911954,,,1464855963,,on
864178029911954,com.android.phone,com.android.phone.InCallScreen,1464855963,WIFI,
864178029911954,,,1464855968,on
864178029911954,com.lenovo.launcher,com.lenovo.launcher.components.XAllAppFace.XLauncher,1464856054,WIFI,
864178029911954,,,1464856057,,off
864178029911954,,,1464856062,on
864178029911954,,,1464857398,,on
864178029911954,com.lenovo.ideafriend,com.lenovo.ideafriend.alias.DialtactsActivity,1464857404,WIFI,
864178029911954,com.android.phone,com.android.phone.PrivilegedOutgoingCallBroadcaster,1464857408,WIFI,
864178029911954,com.android.phone,com.android.phone.InCallScreen,1464857409,WIFI,
864178029911954,,,1464857414,on
864178029911954,com.lenovo.ideafriend,com.lenovo.ideafriend.alias.DialtactsActivity,1464857444,WIFI,
864178029911954,com.lenovo.launcher,com.lenovo.launcher.components.XAllAppFace.XLauncher,1464857446,WIFI,
864178029911954,,,1464857457,,off
864178029911954,,,1464857462,off
864178029911954,,,1464857502,,on
864178029911954,com.lenovo.ideafriend,com.lenovo.ideafriend.alias.DialtactsActivity,1464857505,cellular,
864178029911954,com.lenovo.ideafriend,com.lenovo.ideafriend.contacts.activities.ContactDetailActivity,1464857512,cellular,
864178029911954,com.android.phone,com.android.phone.PrivilegedOutgoingCallBroadcaster,1464857513,cellular,
864178029911954,com.android.phone,com.android.phone.InCallScreen,1464857514,cellular,
864178029911954,,,1464857519,on
864178029911954,com.lenovo.ideafriend,com.lenovo.ideafriend.contacts.activities.ContactDetailActivity,1464857547,cellular,
864178029911954,com.lenovo.launcher,com.lenovo.launcher.components.XAllAppFace.XLauncher,1464857549,cellular,
864178029911954,,,1464857552,,off
864178029911954,,,1464857557,off
864178029911954,,,1464858068,,on
864178029911954,,,1464858073,on
864178029911954,,,1464858101,,off
864178029911954,,,1464858106,off
864178029911954,,,1464858180,,on
864178029911954,,,1464858182,,off
864178029911954,,,1464858182,,on
864178029911954,com.tencent.mm,com.tencent.mm.ui.chatting.gallery.ImageGalleryUI,1464858186,cellular,
864178029911954,com.tencent.mm,com.tencent.mm.ui.LauncherUI,1464858193,cellular,
864178029911954,com.lenovo.launcher,com.lenovo.launcher.components.XAllAppFace.XLauncher,1464858209,cellular,
864178029911954,,,1464858211,,off
864178029911954,,,1464858216,on
864178029911954,,,1464858525,,on
864178029911954,com.tencent.mm,com.tencent.mm.ui.LauncherUI,1464858528,WIFI,
864178029911954,,,1464858533,on
864178029911954,,,1464858590,,off
864178029911954,,,1464858594,,on
864178029911954,com.tencent.mm,com.tencent.mm.plugin.profile.ui.ContactInfoUI,1464858601,WIFI,
864178029911954,com.tencent.mm,com.tencent.mm.plugin.profile.ui.SayHiWithSnsPermissionUI,1464858604,WIFI,
864178029911954,,,1464858609,on
864178029911954,com.tencent.mm,com.tencent.mm.plugin.profile.ui.ContactInfoUI,1464858623,WIFI,
864178029911954,com.tencent.mm,com.tencent.mm.ui.LauncherUI,1464858627,WIFI,
864178029911954,com.tencent.mm,com.tencent.mm.plugin.profile.ui.ContactInfoUI,1464858629,WIFI,
864178029911954,com.tencent.mm,com.tencent.mm.ui.contact.ModRemarkNameUI,1464858630,WIFI,
864178029911954,,,1464858635,on
864178029911954,com.tencent.mm,com.tencent.mm.plugin.profile.ui.ContactInfoUI,1464858648,WIFI,
864178029911954,com.tencent.mm,com.tencent.mm.ui.LauncherUI,1464858652,WIFI,
864178029911954,com.lenovo.launcher,com.lenovo.launcher.components.XAllAppFace.XLauncher,1464858654,WIFI,
864178029911954,,,1464858658,,off
864178029911954,,,1464858663,on
864178029911954,,,1464858749,,on
864178029911954,com.tencent.mm,com.tencent.mm.ui.LauncherUI,1464858752,WIFI,
864178029911954,com.tencent.mm,com.tencent.mm.plugin.luckymoney.ui.LuckyMoneyReceiveUI,1464858763,WIFI,
864178029911954,com.tencent.mm,com.tencent.mm.plugin.luckymoney.ui.LuckyMoneyDetailUI,1464858766,WIFI,
864178029911954,com.tencent.mm,com.tencent.mm.ui.LauncherUI,1464858782,WIFI,
864178029911954,com.lenovo.launcher,com.lenovo.launcher.components.XAllAppFace.XLauncher,1464858793,WIFI,
864178029911954,,,1464858795,,off
864178029911954,,,1464858800,off
864178029911954,,,1464858819,,on
864178029911954,com.lenovo.ideafriend,com.lenovo.ideafriend.alias.DialtactsActivity,1464858821,WIFI,
864178029911954,com.android.phone,com.android.phone.InCallScreen,1464858823,WIFI,
