UserID,App,Activity,Time,Network,Screen
866723028738847,com.miui.home,com.miui.home.launcher.Launcher,1465345382,WIFI,
866723028738847,com.tencent.mobileqq,com.tencent.mobileqq.activity.SplashActivity,1465345385,WIFI,
866723028738847,com.tencent.mobileqq,cooperation.qwallet.plugin.QWalletPluginProxyActivity,1465345392,WIFI,
866723028738847,,,1465345397,on
866723028738847,com.tencent.mobileqq,com.tencent.mobileqq.activity.SplashActivity,1465345410,WIFI,
866723028738847,,,1465345415,off
866723028738847,com.tencent.mobileqq,com.tencent.mobileqq.activity.PayBridgeActivity,1465345447,WIFI,
866723028738847,com.tencent.mobileqq,cooperation.qwallet.plugin.QWalletPluginProxyActivity,1465345449,WIFI,
866723028738847,com.miui.home,com.miui.home.launcher.Launcher,1465345459,WIFI,
866723028738847,com.tencent.mobileqq,cooperation.qwallet.plugin.QWalletPluginProxyActivity,1465345460,WIFI,
866723028738847,,,1465345465,off
866723028738847,com.tencent.mobileqq,com.tencent.mobileqq.activity.SplashActivity,1465345479,WIFI,
866723028738847,,,1465345484,on
866723028738847,com.tencent.mobileqq,com.tencent.mobileqq.activity.aio.photo.AIOGalleryActivity,1465345519,WIFI,
866723028738847,com.tencent.mobileqq,com.tencent.mobileqq.activity.SplashActivity,1465345523,WIFI,
866723028738847,com.miui.home,com.miui.home.launcher.Launcher,1465345539,WIFI,
866723028738847,,,1465345544,off
866723028738847,,,1465345796,,off
866723028738847,,,1465345801,on
866723028738847,,,1465349087,,on
866723028738847,com.tencent.mobileqq,com.tencent.mobileqq.activity.QQLSActivity,1465349087,WIFI,
866723028738847,com.android.settings,com.android.settings.SubSettings,1465349090,WIFI,
866723028738847,,,1465349095,off
866723028738847,,,1465349153,,off
866723028738847,,,1465349158,on
866723028738847,,,1465350381,,on
866723028738847,com.tencent.mobileqq,com.tencent.mobileqq.activity.QQLSActivity,1465350382,WIFI,
866723028738847,com.android.settings,com.android.settings.SubSettings,1465350384,WIFI,
866723028738847,com.miui.home,com.miui.home.launcher.Launcher,1465350392,WIFI,
866723028738847,com.tencent.mobileqq,com.tencent.mobileqq.activity.SplashActivity,1465350394,WIFI,
866723028738847,,,1465350399,off
866723028738847,com.tencent.mobileqq,com.tencent.mobileqq.activity.TextPreviewActivity,1465350550,WIFI,
866723028738847,com.tencent.mobileqq,com.tencent.mobileqq.activity.SplashActivity,1465350555,WIFI,
866723028738847,,,1465350560,off
866723028738847,com.tencent.mobileqq,com.tencent.mobileqq.activity.QQBrowserActivity,1465350625,WIFI,
866723028738847,,,1465350630,on
866723028738847,,,1465350685,,off
866723028738847,,,1465350690,off
866723028738847,,,1465353494,,on
866723028738847,com.tencent.mobileqq,com.tencent.mobileqq.activity.QQLSActivity,1465353494,WIFI,
866723028738847,com.miui.home,com.miui.home.launcher.Launcher,1465353497,WIFI,
866723028738847,com.tencent.mobileqq,com.tencent.mobileqq.activity.QQBrowserActivity,1465353501,WIFI,
866723028738847,com.tencent.mobileqq,com.tencent.mobileqq.activity.SplashActivity,1465353505,WIFI,
866723028738847,,,1465353510,on
866723028738847,com.tencent.mobileqq,com.tencent.mobileqq.activity.QQBrowserActivity,1465353551,WIFI,
866723028738847,,,1465353556,off
866723028738847,com.tencent.mobileqq,com.tencent.mobileqq.activity.SplashActivity,1465353586,WIFI,
866723028738847,,,1465353591,on
866723028738847,com.tencent.mobileqq,com.tencent.mobileqq.activity.aio.photo.AIOGalleryActivity,1465353653,WIFI,
866723028738847,com.tencent.mobileqq,com.tencent.mobileqq.activity.SplashActivity,1465353661,WIFI,
866723028738847,,,1465353666,on
866723028738847,com.tencent.mobileqq,com.tencent.mobileqq.activity.aio.photo.AIOGalleryActivity,1465353690,WIFI,
866723028738847,com.tencent.mobileqq,com.tencent.mobileqq.activity.SplashActivity,1465353705,WIFI,
866723028738847,,,1465353710,on
866723028738847,com.tencent.mobileqq,com.tencent.mobileqq.activity.aio.photo.AIOGalleryActivity,1465353757,WIFI,
866723028738847,com.tencent.mobileqq,com.tencent.mobileqq.activity.SplashActivity,1465353769,WIFI,
866723028738847,,,1465353774,on
866723028738847,com.tencent.mobileqq,com.tencent.mobileqq.activity.ChatSettingForTroop,1465353959,WIFI,
866723028738847,com.tencent.mobileqq,com.tencent.mobileqq.activity.TroopMemberListActivity,1465353962,WIFI,
866723028738847,com.tencent.mobileqq,com.tencent.mobileqq.activity.ChatSettingForTroop,1465353964,WIFI,
866723028738847,com.tencent.mobileqq,com.tencent.mobileqq.activity.ChatHistory,1465353972,WIFI,
866723028738847,com.tencent.mobileqq,com.tencent.mobileqq.activity.ChatSettingForTroop,1465353977,WIFI,
866723028738847,,,1465353982,off
866723028738847,,,1465354036,,off
866723028738847,,,1465354041,on
866723028738847,,,1465354072,,on
866723028738847,,,1465354077,off
866723028738847,com.tencent.mobileqq,com.tencent.mobileqq.activity.SplashActivity,1465354142,WIFI,
866723028738847,,,1465354147,on
866723028738847,,,1465354214,,off
866723028738847,,,1465354219,off
866723028738847,,,1465359748,,on
866723028738847,,,1465359753,on
866723028738847,com.tencent.mobileqq,com.tencent.mobileqq.activity.aio.photo.AIOGalleryActivity,1465359797,Off,
866723028738847,com.tencent.mobileqq,com.tencent.mobileqq.activity.SplashActivity,1465359802,Off,
866723028738847,com.tencent.mobileqq,com.tencent.mobileqq.activity.aio.photo.AIOGalleryActivity,1465359806,Off,
866723028738847,com.tencent.mobileqq,com.tencent.mobileqq.activity.SplashActivity,1465359816,Off,
866723028738847,com.tencent.mobileqq,com.tencent.mobileqq.activity.aio.photo.AIOGalleryActivity,1465359819,Off,
866723028738847,com.tencent.mobileqq,com.tencent.mobileqq.activity.SplashActivity,1465359835,Off,
866723028738847,,,1465359840,on
866723028738847,com.miui.home,com.miui.home.launcher.Launcher,1465359858,Off,
866723028738847,com.tencent.mobileqq,com.tencent.mobileqq.activity.SplashActivity,1465359860,Off,
866723028738847,,,1465359865,on
866723028738847,com.tencent.mobileqq,com.tencent.mobileqq.activity.aio.photo.AIOGalleryActivity,1465360015,Off,
866723028738847,com.tencent.mobileqq,com.tencent.mobileqq.activity.SplashActivity,1465360018,Off,
866723028738847,,,1465360023,on
866723028738847,com.tencent.mobileqq,com.tencent.mobileqq.activity.aio.photo.AIOGalleryActivity,1465360042,Off,
866723028738847,com.tencent.mobileqq,com.tencent.mobileqq.activity.SplashActivity,1465360047,Off,
866723028738847,com.tencent.mobileqq,com.tencent.mobileqq.activity.aio.photo.AIOGalleryActivity,1465360057,Off,
866723028738847,com.tencent.mobileqq,com.tencent.mobileqq.activity.SplashActivity,1465360060,Off,
866723028738847,,,1465360065,on
866723028738847,com.tencent.mobileqq,com.tencent.mobileqq.activity.PayBridgeActivity,1465360095,Off,
866723028738847,com.tencent.mobileqq,cooperation.qwallet.plugin.QWalletPluginProxyActivity,1465360096,Off,
866723028738847,com.tencent.mobileqq,com.tencent.mobileqq.activity.SplashActivity,1465360098,Off,
866723028738847,com.tencent.mobileqq,com.tencent.mobileqq.activity.aio.photo.AIOGalleryActivity,1465360103,Off,
866723028738847,com.tencent.mobileqq,com.tencent.mobileqq.activity.SplashActivity,1465360105,Off,
866723028738847,,,1465360110,off
866723028738847,,,1465360170,,off
866723028738847,,,1465360175,on
866723028738847,,,1465991896,,on
866723028738847,,,1465991897,,off
866723028738847,,,1465991897,,on
866723028738847,com.miui.home,com.miui.home.launcher.Launcher,1465991910,Off,
866723028738847,,,1465991910,,off
866723028738847,com.tencent.mobileqq,com.tencent.mobileqq.activity.SplashActivity,1465991911,Off,
866723028738847,,,1465991911,,on
866723028738847,,,1465991916,off
866723028738847,com.qihoo.freewifi,com.qihoo.freewifi.activity.FloatNotificationActivity,1465991943,Off,
866723028738847,com.tencent.mobileqq,com.tencent.mobileqq.activity.SplashActivity,1465991949,WIFI,
866723028738847,,,1465991954,off
866723028738847,,,1465992024,,off
