UserID,App,Activity,Time,Network,Screen
867660023025540,com.android.browser,com.android.browser.BrowserActivity,1464749176,WIFI,
867660023025540,com.yulong.android.launcher3,com.yulong.android.launcher3.Launcher,1464749185,WIFI,
867660023025540,com.android.packageinstaller,com.android.packageinstaller.UninstallerActivity,1464749192,WIFI,
867660023025540,com.android.packageinstaller,com.android.packageinstaller.UninstallAppProgress,1464749194,WIFI,
867660023025540,com.yulong.android.launcher3,com.yulong.android.launcher3.Launcher,1464749195,WIFI,
867660023025540,com.yulong.android.security,com.yulong.android.security.ui.activity.cleanaccelerate.AppUninstallDeleteDialogActivity,1464749200,WIFI,
867660023025540,com.yulong.android.launcher3,com.yulong.android.launcher3.Launcher,1464749204,WIFI,
867660023025540,com.android.browser,com.android.browser.BrowserActivity,1464749205,WIFI,
867660023025540,com.yulong.android.launcher3,com.yulong.android.launcher3.Launcher,1464749218,WIFI,
867660023025540,com.yulong.android.privatemode.activity,com.yulong.android.privatemode.activity.EntryModeSettingActivity,1464749224,WIFI,
867660023025540,com.yulong.android.launcher3,com.yulong.android.launcher3.Launcher,1464749226,WIFI,
867660023025540,com.acbull.activitymonitor,com.acbull.activitymonitor.MainActivity,1464749229,WIFI,
867660023025540,com.yulong.android.launcher3,com.yulong.android.launcher3.Launcher,1464749234,WIFI,
867660023025540,,,1464749239,on
867660023025540,com.yulong.android.launcher3,com.yulong.android.launcher3.Launcher,1464749358,WIFI,
867660023025540,com.acbull.activitymonitor,com.acbull.activitymonitor.MainActivity,1464749362,WIFI,
867660023025540,com.yulong.android.launcher3,com.yulong.android.launcher3.Launcher,1464749367,WIFI,
867660023025540,com.tencent.mm,com.tencent.mm.ui.LauncherUI,1464749369,WIFI,
867660023025540,com.tencent.mm,com.tencent.mm.plugin.sns.ui.SnsTimeLineUI,1464749385,WIFI,
867660023025540,com.yulong.android.launcher3,com.yulong.android.launcher3.Launcher,1464749390,WIFI,
867660023025540,com.taobao.taobao,com.taobao.tao.welcome.Welcome,1464749393,WIFI,
867660023025540,com.taobao.taobao,com.taobao.tao.homepage.MainActivity3,1464749402,WIFI,
867660023025540,com.taobao.taobao,com.taobao.search.searchdoor.SearchDoorActivity,1464749414,WIFI,
867660023025540,com.taobao.taobao,com.taobao.search.SearchListActivity,1464749431,WIFI,
867660023025540,com.taobao.taobao,com.taobao.search.searchdoor.SearchDoorActivity,1464749446,WIFI,
867660023025540,,,1464749451,off
867660023025540,com.taobao.taobao,com.taobao.search.SearchListActivity,1464749464,WIFI,
867660023025540,com.taobao.taobao,com.taobao.search.searchdoor.SearchDoorActivity,1464749467,WIFI,
867660023025540,com.taobao.taobao,com.taobao.search.SearchListActivity,1464749472,WIFI,
867660023025540,com.taobao.taobao,com.taobao.search.searchdoor.SearchDoorActivity,1464749483,WIFI,
867660023025540,,,1464749488,off
867660023025540,com.taobao.taobao,com.taobao.search.SearchListActivity,1464749504,WIFI,
867660023025540,,,1464749509,on
867660023025540,com.taobao.taobao,com.taobao.search.searchdoor.SearchDoorActivity,1464749540,WIFI,
867660023025540,com.taobao.taobao,com.taobao.search.SearchListActivity,1464749546,WIFI,
867660023025540,,,1464749551,on
867660023025540,com.taobao.taobao,com.taobao.tao.detail.activity.DetailActivity,1464749598,WIFI,
867660023025540,com.taobao.taobao,com.taobao.search.SearchListActivity,1464749602,WIFI,
867660023025540,,,1464749607,on
867660023025540,com.taobao.taobao,com.taobao.tao.detail.activity.DetailActivity,1464749650,WIFI,
867660023025540,,,1464749655,off
867660023025540,com.taobao.taobao,com.taobao.search.SearchListActivity,1464749675,WIFI,
867660023025540,com.yulong.android.launcher3,com.yulong.android.launcher3.Launcher,1464749678,WIFI,
867660023025540,com.tencent.mm,com.tencent.mm.ui.LauncherUI,1464749680,WIFI,
867660023025540,com.yulong.android.launcher3,com.yulong.android.launcher3.Launcher,1464749686,WIFI,
867660023025540,,,1464749691,off
867660023025540,,,1464749719,,on
867660023025540,,,1464749719,,off
867660023025540,,,1464749724,off
867660023025540,,,1464749834,,on
867660023025540,com.taobao.taobao,com.taobao.search.SearchListActivity,1464749837,WIFI,
867660023025540,com.taobao.taobao,com.taobao.search.searchdoor.SearchDoorActivity,1464749846,WIFI,
867660023025540,com.taobao.taobao,com.taobao.search.SearchListActivity,1464749848,WIFI,
867660023025540,,,1464749853,off
867660023025540,com.taobao.taobao,com.taobao.tao.detail.activity.DetailActivity,1464749940,WIFI,
867660023025540,,,1464749945,on
867660023025540,,,1464749971,,off
867660023025540,,,1464749976,off
867660023025540,,,1464750020,,on
867660023025540,com.taobao.taobao,com.taobao.search.SearchListActivity,1464750024,WIFI,
867660023025540,,,1464750029,off
867660023025540,,,1464750054,,off
867660023025540,,,1464750059,on
867660023025540,,,1464750101,,on
867660023025540,com.tencent.mm,com.tencent.mm.ui.LauncherUI,1464750103,WIFI,
867660023025540,com.tencent.mm,com.tencent.mm.plugin.luckymoney.ui.LuckyMoneyReceiveUI,1464750106,WIFI,
867660023025540,com.tencent.mm,com.tencent.mm.ui.LauncherUI,1464750110,WIFI,
867660023025540,com.tencent.mm,com.tencent.mm.plugin.luckymoney.ui.LuckyMoneyReceiveUI,1464750113,WIFI,
867660023025540,com.tencent.mm,com.tencent.mm.ui.LauncherUI,1464750117,WIFI,
867660023025540,com.tencent.mm,com.tencent.mm.plugin.luckymoney.ui.LuckyMoneyReceiveUI,1464750118,WIFI,
867660023025540,com.tencent.mm,com.tencent.mm.ui.LauncherUI,1464750121,WIFI,
867660023025540,,,1464750126,on
867660023025540,com.tencent.mm,com.tencent.mm.plugin.luckymoney.ui.LuckyMoneyReceiveUI,1464750147,WIFI,
867660023025540,com.tencent.mm,com.tencent.mm.ui.LauncherUI,1464750149,WIFI,
867660023025540,,,1464750154,on
867660023025540,,,1464750180,,off
867660023025540,,,1464750185,off
867660023025540,,,1464750550,,on
867660023025540,com.taobao.taobao,com.taobao.search.SearchListActivity,1464750554,WIFI,
867660023025540,,,1464750559,off
867660023025540,com.taobao.taobao,com.taobao.search.searchdoor.SearchDoorActivity,1464750577,WIFI,
867660023025540,com.taobao.taobao,com.taobao.search.SearchListActivity,1464750589,WIFI,
867660023025540,,,1464750594,off
867660023025540,com.taobao.taobao,com.taobao.tao.detail.activity.DetailActivity,1464750663,WIFI,
867660023025540,,,1464750668,on
867660023025540,com.taobao.taobao,com.taobao.search.SearchListActivity,1464750936,WIFI,
867660023025540,com.taobao.taobao,com.taobao.search.searchdoor.SearchDoorActivity,1464750951,WIFI,
867660023025540,com.taobao.taobao,com.taobao.search.SearchListActivity,1464750962,WIFI,
867660023025540,,,1464750967,off
867660023025540,com.taobao.taobao,com.taobao.tao.detail.activity.DetailActivity,1464750993,WIFI,
867660023025540,com.taobao.taobao,com.taobao.search.SearchListActivity,1464751006,WIFI,
867660023025540,,,1464751011,off
867660023025540,com.taobao.taobao,com.taobao.tao.detail.activity.DetailActivity,1464751052,WIFI,
867660023025540,com.taobao.taobao,com.taobao.search.SearchListActivity,1464751055,WIFI,
867660023025540,com.taobao.taobao,com.taobao.search.searchdoor.SearchDoorActivity,1464751072,WIFI,
867660023025540,com.taobao.taobao,com.taobao.search.SearchListActivity,1464751080,WIFI,
867660023025540,,,1464751085,off
867660023025540,com.taobao.taobao,com.taobao.tao.detail.activity.DetailActivity,1464751129,WIFI,
867660023025540,,,1464751134,on
867660023025540,com.taobao.taobao,com.taobao.search.SearchListActivity,1464751147,WIFI,
867660023025540,,,1464751152,off
867660023025540,com.taobao.taobao,com.taobao.tao.detail.activity.DetailActivity,1464751170,WIFI,
867660023025540,,,1464751175,on
867660023025540,com.taobao.taobao,com.taobao.search.SearchListActivity,1464751212,WIFI,
867660023025540,,,1464751217,off
867660023025540,,,1464751263,,off
867660023025540,,,1464751268,on
867660023025540,,,1464753907,,on
867660023025540,,,1464753912,off
867660023025540,com.taobao.taobao,com.taobao.search.searchdoor.SearchDoorActivity,1464753931,WIFI,
867660023025540,com.yulong.android.launcher3,com.yulong.android.launcher3.Launcher,1464753932,WIFI,
867660023025540,com.android.mms,com.yulong.android.mms.ui.MmsConversationListActivity,1464753934,WIFI,
867660023025540,com.android.mms,com.yulong.android.mms.ui.MmsChatActivity,1464753935,WIFI,
867660023025540,com.android.mms,com.yulong.android.mms.ui.MmsConversationListActivity,1464753939,WIFI,
867660023025540,com.yulong.android.launcher3,com.yulong.android.launcher3.Launcher,1464753940,WIFI,
867660023025540,com.tencent.mm,com.tencent.mm.ui.LauncherUI,1464753942,WIFI,
867660023025540,com.tencent.mm,com.tencent.mm.plugin.sns.ui.SnsTimeLineUI,1464753953,WIFI,
867660023025540,com.tencent.mm,com.tencent.mm.ui.LauncherUI,1464753963,WIFI,
867660023025540,com.yulong.android.launcher3,com.yulong.android.launcher3.Launcher,1464753964,WIFI,
867660023025540,com.qiyi.video,com.qiyi.video.WelcomeActivity,1464753967,WIFI,
867660023025540,com.qiyi.video,org.qiyi.android.video.MainActivity,1464753972,WIFI,
867660023025540,com.qiyi.video,org.qiyi.android.video.ui.phone.download.PhoneDownloadActivity,1464753977,WIFI,
867660023025540,com.qiyi.video,org.iqiyi.video.activity.PlayerActivity,1464753982,WIFI,
867660023025540,,,1464753987,off
867660023025540,com.qiyi.video,org.qiyi.android.video.ui.phone.download.PhoneDownloadActivity,1464754478,WIFI,
867660023025540,com.qiyi.video,org.iqiyi.video.activity.PlayerActivity,1464754479,WIFI,
867660023025540,,,1464754484,off
867660023025540,com.qiyi.video,org.qiyi.android.video.ui.phone.download.PhoneDownloadActivity,1464755253,WIFI,
867660023025540,com.qiyi.video,org.iqiyi.video.activity.PlayerActivity,1464755262,WIFI,
867660023025540,com.qiyi.video,org.qiyi.android.video.ui.phone.download.PhoneDownloadActivity,1464755266,WIFI,
867660023025540,com.qiyi.video,org.iqiyi.video.activity.PlayerActivity,1464755277,WIFI,
867660023025540,,,1464755282,off
867660023025540,com.qiyi.video,org.qiyi.android.video.ui.phone.download.PhoneDownloadActivity,1464756946,WIFI,
867660023025540,com.qiyi.video,org.iqiyi.video.activity.PlayerActivity,1464756949,WIFI,
867660023025540,,,1464756954,off
867660023025540,com.qiyi.video,org.qiyi.android.video.ui.phone.download.PhoneDownloadActivity,1464757144,WIFI,
867660023025540,com.qiyi.video,org.qiyi.android.video.MainActivity,1464757159,WIFI,
867660023025540,com.qiyi.video,org.qiyi.android.video.ui.phone.download.PhoneDownloadActivity,1464757161,WIFI,
867660023025540,com.qiyi.video,org.qiyi.android.video.MainActivity,1464757167,WIFI,
867660023025540,com.yulong.android.launcher3,com.yulong.android.launcher3.Launcher,1464757168,WIFI,
867660023025540,com.tencent.mm,com.tencent.mm.ui.LauncherUI,1464757170,WIFI,
867660023025540,com.tencent.mm,com.tencent.mm.plugin.sns.ui.SnsTimeLineUI,1464757183,WIFI,
867660023025540,com.tencent.mm,com.tencent.mm.ui.LauncherUI,1464757200,WIFI,
867660023025540,com.yulong.android.launcher3,com.yulong.android.launcher3.Launcher,1464757201,WIFI,
867660023025540,com.tencent.mobileqq,com.tencent.mobileqq.activity.SplashActivity,1464757202,WIFI,
867660023025540,,,1464757207,off
867660023025540,com.tencent.mobileqq,com.tencent.mobileqq.activity.ChatActivity,1464757287,WIFI,
867660023025540,com.tencent.mobileqq,com.tencent.mobileqq.activity.SplashActivity,1464757296,WIFI,
867660023025540,com.tencent.mobileqq,com.tencent.mobileqq.activity.ChatActivity,1464757302,WIFI,
867660023025540,com.tencent.mobileqq,com.tencent.mobileqq.activity.SplashActivity,1464757304,WIFI,
867660023025540,com.tencent.mobileqq,com.tencent.mobileqq.activity.ChatActivity,1464757308,WIFI,
867660023025540,,,1464757313,on
867660023025540,,,1464757338,,off
867660023025540,,,1464757343,off
867660023025540,,,1464757397,,on
867660023025540,com.yulong.android.launcher3,com.yulong.android.launcher3.Launcher,1464757400,WIFI,
867660023025540,,,1464757405,off
867660023025540,,,1464757436,,off
867660023025540,,,1464757441,on
867660023025540,,,1464758202,,on
867660023025540,com.taobao.taobao,com.taobao.tao.homepage.MainActivity3,1464758205,WIFI,
867660023025540,com.taobao.taobao,com.taobao.tao.mytaobao.MyTaoBaoActivity,1464758212,WIFI,
867660023025540,com.taobao.taobao,com.taobao.order.list.OrderListActivity,1464758225,WIFI,
867660023025540,com.taobao.taobao,com.taobao.order.search.OrderSearchActivity,1464758229,WIFI,
867660023025540,com.taobao.taobao,com.taobao.order.list.OrderSearchResultActivity,1464758238,WIFI,
867660023025540,com.taobao.taobao,com.taobao.order.detail.ui.OrderDetailActivity,1464758242,WIFI,
867660023025540,com.taobao.taobao,com.taobao.order.list.OrderSearchResultActivity,1464758247,WIFI,
867660023025540,com.taobao.taobao,com.taobao.order.detail.ui.OrderDetailActivity,1464758253,WIFI,
867660023025540,com.taobao.taobao,com.taobao.tao.detail.activity.DetailActivity,1464758264,WIFI,
867660023025540,,,1464758269,on
867660023025540,com.taobao.taobao,com.taobao.order.detail.ui.OrderDetailActivity,1464758290,WIFI,
867660023025540,com.taobao.taobao,com.taobao.tao.detail.activity.DetailActivity,1464758295,WIFI,
867660023025540,,,1464758300,on
867660023025540,com.taobao.taobao,com.taobao.tao.purchase.activity.PurchaseActivity,1464758316,WIFI,
867660023025540,com.taobao.taobao,com.taobao.tao.detail.activity.DetailActivity,1464758324,WIFI,
867660023025540,com.taobao.taobao,com.taobao.order.detail.ui.OrderDetailActivity,1464758339,WIFI,
867660023025540,com.taobao.taobao,com.taobao.order.list.OrderSearchResultActivity,1464758340,WIFI,
867660023025540,com.taobao.taobao,com.taobao.order.list.OrderListActivity,1464758341,WIFI,
867660023025540,com.taobao.taobao,com.taobao.tao.mytaobao.MyTaoBaoActivity,1464758343,WIFI,
867660023025540,com.taobao.taobao,com.taobao.android.trade.cart.CartActivity,1464758344,WIFI,
867660023025540,com.taobao.taobao,com.taobao.tao.purchase.activity.PurchaseActivity,1464758349,WIFI,
867660023025540,com.taobao.taobao,com.taobao.android.trade.cart.CartActivity,1464758355,WIFI,
867660023025540,com.taobao.taobao,com.taobao.tao.detail.activity.DetailActivity,1464758357,WIFI,
867660023025540,,,1464758362,on
867660023025540,com.taobao.taobao,com.taobao.android.trade.cart.CartActivity,1464758386,WIFI,
867660023025540,,,1464758391,off
867660023025540,com.taobao.taobao,com.taobao.tao.purchase.activity.PurchaseActivity,1464758410,WIFI,
867660023025540,com.taobao.taobao,com.alipay.android.app.pay.MiniLaucherActivity,1464758413,WIFI,
867660023025540,com.taobao.taobao,com.alipay.android.app.ui.quickpay.window.MiniPayActivity,1464758414,WIFI,
867660023025540,com.taobao.taobao,com.taobao.browser.BrowserActivity,1464758425,WIFI,
867660023025540,com.taobao.taobao,com.taobao.android.trade.cart.CartActivity,1464758431,WIFI,
867660023025540,com.taobao.taobao,com.taobao.tao.mytaobao.MyTaoBaoActivity,1464758432,WIFI,
867660023025540,com.taobao.taobao,com.taobao.order.list.OrderListActivity,1464758435,WIFI,
867660023025540,com.taobao.taobao,com.taobao.cainiao.logistic.LogisticDetailActivity,1464758442,WIFI,
867660023025540,com.taobao.taobao,com.taobao.order.list.OrderListActivity,1464758452,WIFI,
867660023025540,com.taobao.taobao,com.taobao.order.detail.ui.OrderDetailActivity,1464758454,WIFI,
867660023025540,com.taobao.taobao,com.taobao.order.list.OrderListActivity,1464758460,WIFI,
867660023025540,com.taobao.taobao,com.taobao.tao.msgcenter.activity.MsgCenterCategoryActivity,1464758463,WIFI,
867660023025540,com.taobao.taobao,com.taobao.tao.msgcenter.activity.OfficialMsgListActivity,1464758464,WIFI,
867660023025540,com.taobao.taobao,com.taobao.browser.BrowserActivity,1464758466,WIFI,
867660023025540,,,1464758471,off
867660023025540,com.taobao.taobao,com.taobao.tao.msgcenter.activity.OfficialMsgListActivity,1464758495,WIFI,
867660023025540,com.taobao.taobao,com.taobao.browser.BrowserActivity,1464758496,WIFI,
867660023025540,com.taobao.taobao,com.taobao.tao.msgcenter.activity.OfficialMsgListActivity,1464758503,WIFI,
867660023025540,com.taobao.taobao,com.taobao.tao.msgcenter.activity.MsgCenterCategoryActivity,1464758504,WIFI,
867660023025540,com.taobao.taobao,com.taobao.tao.msgcenter.activity.OfficialMsgListActivity,1464758506,WIFI,
867660023025540,com.taobao.taobao,com.taobao.order.list.OrderListActivity,1464758508,WIFI,
867660023025540,com.taobao.taobao,com.taobao.tao.mytaobao.MyTaoBaoActivity,1464758510,WIFI,
867660023025540,com.taobao.taobao,com.taobao.tao.homepage.MainActivity3,1464758512,WIFI,
867660023025540,com.yulong.android.launcher3,com.yulong.android.launcher3.Launcher,1464758517,WIFI,
867660023025540,,,1464758522,on
867660023025540,,,1464758551,,off
867660023025540,,,1464758556,off
867660023025540,,,1464760794,,on
867660023025540,com.android.incallui,com.android.incallui.InCallActivity,1464760794,WIFI,
867660023025540,,,1464760799,off
867660023025540,,,1464760824,,off
867660023025540,,,1464760827,,on
867660023025540,,,1464760830,,off
867660023025540,,,1464760835,on
867660023025540,,,1464760906,,on
867660023025540,com.android.incallui,com.android.incallui.yulong.CallEndActivity,1464760908,WIFI,
867660023025540,com.yulong.android.launcher3,com.yulong.android.launcher3.Launcher,1464760913,WIFI,
867660023025540,,,1464760918,off
867660023025540,com.android.incallui,com.android.incallui.InCallActivity,1464760933,WIFI,
867660023025540,,,1464760949,,off
867660023025540,,,1464760954,off
867660023025540,,,1464761016,,on
867660023025540,com.android.incallui,com.android.incallui.yulong.CallEndActivity,1464761022,WIFI,
867660023025540,com.yulong.android.launcher3,com.yulong.android.launcher3.Launcher,1464761023,WIFI,
867660023025540,,,1464761028,on
867660023025540,,,1464761054,,off
867660023025540,,,1464761059,off
867660023025540,,,1464761382,,on
867660023025540,com.taobao.taobao,com.taobao.tao.homepage.MainActivity3,1464761386,WIFI,
867660023025540,com.taobao.taobao,com.taobao.tao.mytaobao.MyTaoBaoActivity,1464761395,WIFI,
867660023025540,com.taobao.taobao,com.taobao.tao.homepage.MainActivity3,1464761409,WIFI,
867660023025540,com.taobao.taobao,com.taobao.search.searchdoor.SearchDoorActivity,1464761410,WIFI,
867660023025540,com.taobao.taobao,com.taobao.search.SearchListActivity,1464761427,WIFI,
867660023025540,com.taobao.taobao,com.taobao.search.searchdoor.SearchDoorActivity,1464761430,WIFI,
867660023025540,com.taobao.taobao,com.taobao.search.SearchListActivity,1464761435,WIFI,
867660023025540,,,1464761440,off
867660023025540,com.taobao.taobao,com.taobao.tao.detail.activity.DetailActivity,1464761469,WIFI,
867660023025540,,,1464761474,on
867660023025540,com.taobao.taobao,com.taobao.browser.BrowserActivity,1464761592,WIFI,
867660023025540,com.taobao.taobao,com.taobao.tao.detail.activity.DetailActivity,1464761601,WIFI,
867660023025540,,,1464761606,on
867660023025540,com.taobao.taobao,com.taobao.search.SearchListActivity,1464761710,WIFI,
867660023025540,com.taobao.taobao,com.taobao.tao.detail.activity.DetailActivity,1464761714,WIFI,
867660023025540,,,1464761719,on
867660023025540,com.taobao.taobao,com.taobao.search.SearchListActivity,1464761778,WIFI,
867660023025540,,,1464761783,off
867660023025540,com.taobao.taobao,com.taobao.tao.detail.activity.DetailActivity,1464761809,WIFI,
867660023025540,,,1464761814,on
867660023025540,com.taobao.taobao,com.taobao.search.SearchListActivity,1464761899,WIFI,
867660023025540,com.taobao.taobao,com.taobao.tao.detail.activity.DetailActivity,1464761901,WIFI,
867660023025540,,,1464761906,on
867660023025540,,,1464761939,,off
867660023025540,,,1464761946,,on
867660023025540,,,1464761951,on
867660023025540,com.taobao.taobao,com.taobao.search.SearchListActivity,1464762079,WIFI,
867660023025540,com.taobao.taobao,com.taobao.tao.detail.activity.DetailActivity,1464762080,WIFI,
867660023025540,com.taobao.taobao,com.taobao.tao.shop.ShopHomePageActivity,1464762082,WIFI,
867660023025540,com.taobao.taobao,com.taobao.tao.detail.activity.DetailActivity,1464762092,WIFI,
867660023025540,,,1464762097,on
867660023025540,com.taobao.taobao,com.taobao.tao.shop.ShopHomePageActivity,1464762118,WIFI,
867660023025540,com.taobao.taobao,com.taobao.tao.shop.ShopGoodsActivity,1464762122,WIFI,
867660023025540,,,1464762127,on
867660023025540,com.taobao.taobao,com.taobao.tao.detail.activity.DetailActivity,1464762195,WIFI,
867660023025540,,,1464762200,off
867660023025540,com.taobao.taobao,com.taobao.wangxin.activity.WangxinActivity,1464762219,WIFI,
867660023025540,com.taobao.taobao,com.taobao.wangxin.activity.ChatActivity,1464762220,WIFI,
867660023025540,,,1464762225,off
867660023025540,com.taobao.taobao,com.taobao.tao.detail.activity.DetailActivity,1464762279,WIFI,
867660023025540,com.taobao.taobao,com.taobao.wangxin.activity.WangxinActivity,1464762286,WIFI,
867660023025540,com.taobao.taobao,com.taobao.wangxin.activity.ChatActivity,1464762287,WIFI,
867660023025540,,,1464762292,on
867660023025540,com.taobao.taobao,com.taobao.tao.detail.activity.DetailActivity,1464762309,WIFI,
867660023025540,com.taobao.taobao,com.taobao.tao.msgcenter.activity.MsgCenterCategoryActivity,1464762311,WIFI,
867660023025540,com.taobao.taobao,com.taobao.tao.msgcenter.activity.OfficialMsgListActivity,1464762313,WIFI,
867660023025540,com.taobao.taobao,com.taobao.tao.msgcenter.activity.MsgCenterCategoryActivity,1464762314,WIFI,
867660023025540,com.taobao.taobao,com.taobao.tao.msgcenter.activity.OfficialMsgListActivity,1464762315,WIFI,
867660023025540,com.taobao.taobao,com.taobao.tao.msgcenter.activity.MsgCenterCategoryActivity,1464762316,WIFI,
867660023025540,com.taobao.taobao,com.taobao.wangxin.activity.ChatActivity,1464762317,WIFI,
867660023025540,,,1464762322,off
867660023025540,com.taobao.taobao,com.taobao.tao.msgcenter.activity.MsgCenterCategoryActivity,1464762346,WIFI,
867660023025540,com.taobao.taobao,com.taobao.tao.detail.activity.DetailActivity,1464762348,WIFI,
867660023025540,com.android.systemui,com.android.systemui.screenshot.EditActivity,1464762362,WIFI,
867660023025540,com.taobao.taobao,com.taobao.tao.detail.activity.DetailActivity,1464762365,WIFI,
867660023025540,com.taobao.taobao,com.taobao.wangxin.activity.ChatActivity,1464762368,WIFI,
867660023025540,,,1464762373,on
867660023025540,com.taobao.taobao,com.taobao.tao.shop.ShopGoodsActivity,1464762398,WIFI,
867660023025540,com.taobao.taobao,com.taobao.tao.detail.activity.DetailActivity,1464762400,WIFI,
867660023025540,com.taobao.taobao,com.taobao.tao.shop.ShopGoodsActivity,1464762401,WIFI,
867660023025540,com.taobao.taobao,com.taobao.tao.shop.ShopHomePageActivity,1464762402,WIFI,
867660023025540,com.taobao.taobao,com.taobao.search.searchdoor.SearchDoorActivity,1464762403,WIFI,
867660023025540,com.taobao.taobao,com.taobao.tao.homepage.MainActivity3,1464762405,WIFI,
867660023025540,com.taobao.taobao,com.taobao.tao.mytaobao.MyTaoBaoActivity,1464762406,WIFI,
867660023025540,com.taobao.taobao,com.taobao.tao.favorites.FavoriteGoodsActivity,1464762408,WIFI,
867660023025540,com.taobao.taobao,com.taobao.tao.detail.activity.DetailActivity,1464762412,WIFI,
867660023025540,com.android.systemui,com.android.systemui.screenshot.EditActivity,1464762423,WIFI,
867660023025540,com.taobao.taobao,com.taobao.tao.detail.activity.DetailActivity,1464762425,WIFI,
867660023025540,com.yulong.android.launcher3,com.yulong.android.launcher3.Launcher,1464762431,WIFI,
867660023025540,com.tencent.mm,com.tencent.mm.ui.LauncherUI,1464762436,WIFI,
867660023025540,com.tencent.mm,com.tencent.mm.plugin.gallery.ui.AlbumPreviewUI,1464762447,WIFI,
867660023025540,com.tencent.mm,com.tencent.mm.ui.chatting.SendImgProxyUI,1464762453,WIFI,
867660023025540,com.tencent.mm,com.tencent.mm.ui.LauncherUI,1464762462,WIFI,
867660023025540,,,1464762467,on
867660023025540,com.yulong.android.launcher3,com.yulong.android.launcher3.Launcher,1464762502,WIFI,
867660023025540,com.taobao.taobao,com.taobao.wangxin.activity.WangxinActivity,1464762504,WIFI,
867660023025540,com.taobao.taobao,com.taobao.wangxin.activity.ChatActivity,1464762505,WIFI,
867660023025540,com.taobao.taobao,com.taobao.tao.detail.activity.DetailActivity,1464762510,WIFI,
867660023025540,com.taobao.taobao,com.taobao.wangxin.activity.WangxinActivity,1464762522,WIFI,
867660023025540,com.taobao.taobao,com.taobao.wangxin.activity.ChatActivity,1464762525,WIFI,
867660023025540,,,1464762530,on
867660023025540,,,1464762570,,off
867660023025540,,,1464762575,off
867660023025540,,,1464762751,,on
867660023025540,com.taobao.taobao,com.taobao.tao.detail.activity.DetailActivity,1464762756,WIFI,
867660023025540,com.taobao.taobao,com.taobao.tao.favorites.FavoriteGoodsActivity,1464762757,WIFI,
867660023025540,com.taobao.taobao,com.taobao.tao.mytaobao.MyTaoBaoActivity,1464762770,WIFI,
867660023025540,com.taobao.taobao,com.taobao.order.list.OrderListActivity,1464762774,WIFI,
867660023025540,com.taobao.taobao,com.taobao.tao.homepage.MainActivity3,1464762777,WIFI,
867660023025540,com.yulong.android.launcher3,com.yulong.android.launcher3.Launcher,1464762778,WIFI,
867660023025540,com.tencent.mm,com.tencent.mm.ui.LauncherUI,1464762780,WIFI,
867660023025540,com.tencent.mm,com.tencent.mm.ui.chatting.gallery.ImageGalleryUI,1464762786,WIFI,
867660023025540,com.tencent.mm,com.tencent.mm.ui.LauncherUI,1464762792,WIFI,
867660023025540,,,1464762797,off
867660023025540,com.tencent.mm,com.tencent.mm.ui.chatting.gallery.ImageGalleryUI,1464762821,WIFI,
867660023025540,com.tencent.mm,com.tencent.mm.ui.LauncherUI,1464762835,WIFI,
867660023025540,,,1464762840,off
867660023025540,com.yulong.android.launcher3,com.yulong.android.launcher3.Launcher,1464762883,WIFI,
867660023025540,,,1464762888,on
867660023025540,,,1464762914,,off
867660023025540,,,1464762919,off
867660023025540,,,1464763186,,on
867660023025540,com.tencent.mm,com.tencent.mm.ui.LauncherUI,1464763188,WIFI,
867660023025540,,,1464763193,off
867660023025540,com.tencent.mm,com.tencent.mm.plugin.sns.ui.SnsTimeLineUI,1464763246,WIFI,
867660023025540,com.tencent.mm,com.tencent.mm.plugin.sns.ui.SnsBrowseUI,1464763259,WIFI,
867660023025540,com.tencent.mm,com.tencent.mm.plugin.sns.ui.SnsTimeLineUI,1464763276,WIFI,
867660023025540,com.tencent.mm,com.tencent.mm.plugin.sns.ui.SnsBrowseUI,1464763281,WIFI,
867660023025540,com.tencent.mm,com.tencent.mm.plugin.sns.ui.SnsTimeLineUI,1464763293,WIFI,
867660023025540,com.tencent.mm,com.tencent.mm.plugin.webview.ui.tools.WebViewUI,1464763299,WIFI,
867660023025540,,,1464763304,off
867660023025540,com.tencent.mm,com.tencent.mm.plugin.sns.ui.SnsTimeLineUI,1464763325,WIFI,
867660023025540,com.tencent.mm,com.tencent.mm.ui.LauncherUI,1464763333,WIFI,
867660023025540,com.yulong.android.launcher3,com.yulong.android.launcher3.Launcher,1464763336,WIFI,
867660023025540,com.taobao.taobao,com.taobao.tao.homepage.MainActivity3,1464763340,WIFI,
867660023025540,com.yulong.android.launcher3,com.yulong.android.launcher3.Launcher,1464763353,WIFI,
867660023025540,com.tencent.mm,com.tencent.mm.ui.LauncherUI,1464763355,WIFI,
867660023025540,,,1464763360,off
867660023025540,com.tencent.mm,com.tencent.mm.plugin.profile.ui.ContactInfoUI,1464763393,WIFI,
867660023025540,com.tencent.mm,com.tencent.mm.ui.LauncherUI,1464763399,WIFI,
867660023025540,,,1464763404,off
867660023025540,com.tencent.mm,com.tencent.mm.ui.chatting.gallery.ImageGalleryUI,1464763464,WIFI,
867660023025540,com.tencent.mm,com.tencent.mm.ui.LauncherUI,1464763473,WIFI,
867660023025540,com.yulong.android.launcher3,com.yulong.android.launcher3.Launcher,1464763483,WIFI,
867660023025540,com.taobao.taobao,com.taobao.tao.homepage.MainActivity3,1464763486,WIFI,
867660023025540,com.taobao.taobao,com.taobao.tao.mytaobao.MyTaoBaoActivity,1464763491,WIFI,
867660023025540,com.taobao.taobao,com.taobao.tao.favorites.FavoriteGoodsActivity,1464763494,WIFI,
867660023025540,com.taobao.taobao,com.taobao.tao.detail.activity.DetailActivity,1464763496,WIFI,
867660023025540,,,1464763501,on
867660023025540,com.tencent.mm,com.tencent.mm.ui.LauncherUI,1464763515,WIFI,
867660023025540,com.taobao.taobao,com.taobao.tao.detail.activity.DetailActivity,1464763530,WIFI,
867660023025540,,,1464763535,on
867660023025540,com.tencent.mm,com.tencent.mm.ui.LauncherUI,1464763642,WIFI,
867660023025540,,,1464763647,off
867660023025540,com.taobao.taobao,com.taobao.tao.detail.activity.DetailActivity,1464763713,WIFI,
867660023025540,com.taobao.taobao,com.taobao.browser.BrowserActivity,1464763728,WIFI,
867660023025540,,,1464763733,off
867660023025540,com.taobao.taobao,com.taobao.tao.detail.activity.DetailActivity,1464763752,WIFI,
867660023025540,com.taobao.taobao,com.taobao.tao.favorites.FavoriteGoodsActivity,1464763754,WIFI,
867660023025540,com.taobao.taobao,com.taobao.tao.detail.activity.DetailActivity,1464763762,WIFI,
867660023025540,,,1464763767,on
867660023025540,com.taobao.taobao,com.taobao.tao.favorites.FavoriteGoodsActivity,1464763798,WIFI,
867660023025540,com.taobao.taobao,com.taobao.tao.msgcenter.activity.MsgCenterCategoryActivity,1464763808,WIFI,
867660023025540,com.taobao.taobao,com.taobao.wangxin.activity.WangxinActivity,1464763809,WIFI,
867660023025540,com.taobao.taobao,com.taobao.wangxin.activity.ChatActivity,1464763810,WIFI,
867660023025540,com.taobao.taobao,com.taobao.tao.favorites.FavoriteGoodsActivity,1464763816,WIFI,
867660023025540,com.taobao.taobao,com.taobao.tao.mytaobao.MyTaoBaoActivity,1464763818,WIFI,
867660023025540,com.taobao.taobao,com.taobao.tao.favorites.FavoriteGoodsActivity,1464763825,WIFI,
867660023025540,com.taobao.taobao,com.taobao.tao.detail.activity.DetailActivity,1464763827,WIFI,
867660023025540,com.taobao.taobao,com.taobao.tao.favorites.FavoriteGoodsActivity,1464763839,WIFI,
867660023025540,com.taobao.taobao,com.taobao.tao.detail.activity.DetailActivity,1464763840,WIFI,
867660023025540,,,1464763845,on
867660023025540,,,1464763873,,off
867660023025540,,,1464763878,off
867660023025540,,,1464764024,,on
867660023025540,com.taobao.taobao,com.taobao.tao.favorites.FavoriteGoodsActivity,1464764033,WIFI,
867660023025540,com.taobao.taobao,com.taobao.tao.mytaobao.MyTaoBaoActivity,1464764034,WIFI,
867660023025540,com.taobao.taobao,com.taobao.android.trade.cart.CartActivity,1464764036,WIFI,
867660023025540,com.taobao.taobao,com.taobao.tao.detail.activity.DetailActivity,1464764047,WIFI,
867660023025540,com.taobao.taobao,com.taobao.android.trade.cart.CartActivity,1464764062,WIFI,
867660023025540,com.taobao.taobao,com.taobao.tao.mytaobao.MyTaoBaoActivity,1464764072,WIFI,
867660023025540,com.taobao.taobao,com.taobao.tao.homepage.MainActivity3,1464764074,WIFI,
867660023025540,com.yulong.android.launcher3,com.yulong.android.launcher3.Launcher,1464764075,WIFI,
867660023025540,com.taobao.taobao,com.taobao.tao.homepage.MainActivity3,1464764081,WIFI,
867660023025540,com.taobao.taobao,com.taobao.tao.msgcenter.activity.MsgCenterCategoryActivity,1464764083,WIFI,
867660023025540,com.taobao.taobao,com.taobao.wangxin.activity.ChatActivity,1464764088,WIFI,
867660023025540,,,1464764093,off
867660023025540,com.taobao.taobao,com.taobao.tao.msgcenter.activity.MsgCenterCategoryActivity,1464764137,WIFI,
867660023025540,com.taobao.taobao,com.taobao.tao.homepage.MainActivity3,1464764138,WIFI,
867660023025540,com.yulong.android.launcher3,com.yulong.android.launcher3.Launcher,1464764143,WIFI,
867660023025540,com.taobao.taobao,com.taobao.tao.homepage.MainActivity3,1464764146,WIFI,
867660023025540,com.taobao.taobao,com.taobao.tao.msgcenter.activity.MsgCenterCategoryActivity,1464764148,WIFI,
867660023025540,com.taobao.taobao,com.taobao.wangxin.activity.ChatActivity,1464764149,WIFI,
867660023025540,com.taobao.taobao,com.taobao.tao.msgcenter.activity.MsgCenterCategoryActivity,1464764161,WIFI,
867660023025540,com.taobao.taobao,com.taobao.tao.homepage.MainActivity3,1464764162,WIFI,
867660023025540,com.taobao.taobao,com.taobao.android.trade.cart.CartActivity,1464764164,WIFI,
867660023025540,com.taobao.taobao,com.taobao.tao.purchase.activity.PurchaseActivity,1464764167,WIFI,
867660023025540,,,1464764172,off
867660023025540,,,1464764221,,off
867660023025540,,,1464764226,,on
867660023025540,com.taobao.taobao,com.taobao.android.trade.cart.CartActivity,1464764231,WIFI,
867660023025540,com.taobao.taobao,com.taobao.tao.detail.activity.DetailActivity,1464764232,WIFI,
867660023025540,com.taobao.taobao,com.taobao.tao.shop.ShopHomePageActivity,1464764234,WIFI,
867660023025540,com.taobao.taobao,com.taobao.tao.detail.activity.DetailActivity,1464764236,WIFI,
867660023025540,com.taobao.taobao,com.taobao.tao.shop.ShopHomePageActivity,1464764237,WIFI,
867660023025540,,,1464764242,on
867660023025540,,,1464764304,,off
867660023025540,,,1464764310,,on
867660023025540,com.tencent.mm,com.tencent.mm.ui.LauncherUI,1464764313,WIFI,
867660023025540,com.taobao.taobao,com.taobao.tao.shop.ShopHomePageActivity,1464764319,WIFI,
867660023025540,com.taobao.taobao,com.taobao.tao.detail.activity.DetailActivity,1464764321,WIFI,
867660023025540,com.taobao.taobao,com.taobao.android.trade.cart.CartActivity,1464764323,WIFI,
867660023025540,com.taobao.taobao,com.taobao.tao.detail.activity.DetailActivity,1464764324,WIFI,
867660023025540,com.taobao.taobao,com.taobao.android.trade.cart.CartActivity,1464764330,WIFI,
867660023025540,com.taobao.taobao,com.taobao.tao.homepage.MainActivity3,1464764331,WIFI,
867660023025540,com.taobao.taobao,com.taobao.tao.mytaobao.MyTaoBaoActivity,1464764332,WIFI,
867660023025540,com.taobao.taobao,com.taobao.tao.favorites.FavoriteGoodsActivity,1464764335,WIFI,
867660023025540,,,1464764340,off
867660023025540,com.taobao.taobao,com.taobao.tao.detail.activity.DetailActivity,1464764354,WIFI,
867660023025540,com.taobao.taobao,com.taobao.tao.favorites.FavoriteGoodsActivity,1464764365,WIFI,
867660023025540,com.taobao.taobao,com.taobao.tao.homepage.MainActivity3,1464764366,WIFI,
867660023025540,com.yulong.android.launcher3,com.yulong.android.launcher3.Launcher,1464764367,WIFI,
867660023025540,com.tencent.mm,com.tencent.mm.ui.LauncherUI,1464764368,WIFI,
867660023025540,,,1464764373,on
867660023025540,,,1464764410,,off
867660023025540,,,1464764421,,on
867660023025540,com.yulong.android.launcher3,com.yulong.android.launcher3.Launcher,1464764431,WIFI,
867660023025540,com.taobao.taobao,com.taobao.tao.homepage.MainActivity3,1464764438,WIFI,
867660023025540,com.taobao.taobao,com.taobao.tao.mytaobao.MyTaoBaoActivity,1464764451,WIFI,
867660023025540,com.taobao.taobao,com.taobao.tao.favorites.FavoriteGoodsActivity,1464764453,WIFI,
867660023025540,com.taobao.taobao,com.taobao.tao.detail.activity.DetailActivity,1464764456,WIFI,
867660023025540,,,1464764461,off
867660023025540,com.taobao.taobao,com.taobao.tao.favorites.FavoriteGoodsActivity,1464764487,WIFI,
867660023025540,com.taobao.taobao,com.taobao.tao.mytaobao.MyTaoBaoActivity,1464764489,WIFI,
867660023025540,com.yulong.android.launcher3,com.yulong.android.launcher3.Launcher,1464764491,WIFI,
867660023025540,com.tencent.mm,com.tencent.mm.ui.LauncherUI,1464764496,WIFI,
867660023025540,,,1464764501,off
867660023025540,,,1464764539,,off
867660023025540,,,1464764539,,on
867660023025540,,,1464764544,off
867660023025540,,,1464764657,,off
867660023025540,,,1464764662,,on
867660023025540,,,1464764667,off
867660023025540,,,1464764693,,off
867660023025540,,,1464764698,on
867660023025540,,,1464764717,,on
867660023025540,,,1464764722,off
867660023025540,com.tencent.mm,com.tencent.mm.plugin.luckymoney.ui.LuckyMoneyPrepareUI,1464764878,WIFI,
867660023025540,,,1464764883,on
867660023025540,com.tencent.mm,com.tencent.mm.plugin.wallet.pay.ui.WalletPayUI,1464764923,WIFI,
867660023025540,com.tencent.mm,com.tencent.mm.ui.LauncherUI,1464764928,WIFI,
867660023025540,,,1464764933,on
867660023025540,com.tencent.mm,com.tencent.mm.plugin.luckymoney.ui.LuckyMoneyReceiveUI,1464764965,WIFI,
867660023025540,com.tencent.mm,com.tencent.mm.plugin.luckymoney.ui.LuckyMoneyDetailUI,1464764966,WIFI,
867660023025540,com.tencent.mm,com.tencent.mm.ui.LauncherUI,1464764971,WIFI,
867660023025540,,,1464764976,off
867660023025540,com.tencent.mm,com.tencent.mm.plugin.sns.ui.SnsTimeLineUI,1464765005,WIFI,
867660023025540,com.tencent.mm,com.tencent.mm.plugin.webview.ui.tools.WebViewUI,1464765011,WIFI,
867660023025540,,,1464765016,off
867660023025540,com.tencent.mm,com.tencent.mm.plugin.sns.ui.SnsTimeLineUI,1464765090,WIFI,
867660023025540,com.tencent.mm,com.tencent.mm.plugin.webview.ui.tools.WebViewUI,1464765107,WIFI,
867660023025540,,,1464765112,off
867660023025540,com.tencent.mm,com.tencent.mm.plugin.sns.ui.SnsTimeLineUI,1464765366,WIFI,
867660023025540,com.yulong.android.launcher3,com.yulong.android.launcher3.Launcher,1464765370,WIFI,
867660023025540,com.taobao.taobao,com.taobao.tao.homepage.MainActivity3,1464765383,WIFI,
867660023025540,com.taobao.taobao,com.taobao.browser.BrowserActivity,1464765390,WIFI,
867660023025540,,,1464765395,off
867660023025540,com.taobao.taobao,com.taobao.tao.homepage.MainActivity3,1464765409,WIFI,
867660023025540,com.taobao.taobao,com.taobao.android.trade.cart.CartActivity,1464765411,WIFI,
867660023025540,,,1464765416,off
867660023025540,com.taobao.taobao,com.taobao.tao.homepage.MainActivity3,1464765434,WIFI,
867660023025540,com.yulong.android.launcher3,com.yulong.android.launcher3.Launcher,1464765435,WIFI,
867660023025540,,,1464765440,off
867660023025540,,,1464765485,,off
867660023025540,,,1464765490,on
867660023025540,,,1464767166,,on
867660023025540,com.tencent.mm,com.tencent.mm.ui.LauncherUI,1464767169,WIFI,
867660023025540,,,1464767174,on
867660023025540,com.tencent.mm,com.tencent.mm.plugin.sns.ui.SnsTimeLineUI,1464767206,WIFI,
867660023025540,com.yulong.android.launcher3,com.yulong.android.launcher3.Launcher,1464767221,WIFI,
867660023025540,,,1464767226,on
867660023025540,,,1464767252,,off
867660023025540,,,1464767257,off
867660023025540,,,1464768486,,on
867660023025540,com.taobao.taobao,com.taobao.tao.homepage.MainActivity3,1464768490,WIFI,
867660023025540,com.taobao.taobao,com.taobao.browser.BrowserActivity,1464768495,WIFI,
867660023025540,com.taobao.taobao,com.taobao.tao.homepage.MainActivity3,1464768498,WIFI,
867660023025540,com.taobao.taobao,com.taobao.search.searchdoor.SearchDoorActivity,1464768499,WIFI,
867660023025540,com.taobao.taobao,com.taobao.search.SearchListActivity,1464768508,WIFI,
867660023025540,,,1464768513,off
867660023025540,com.taobao.taobao,com.taobao.search.searchdoor.SearchDoorActivity,1464768535,WIFI,
867660023025540,com.yulong.android.launcher3,com.yulong.android.launcher3.Launcher,1464768536,WIFI,
867660023025540,,,1464768541,off
867660023025540,,,1464768569,,off
867660023025540,,,1464768574,on
867660023025540,,,1464770544,,on
867660023025540,com.tencent.mm,com.tencent.mm.ui.LauncherUI,1464770546,WIFI,
867660023025540,,,1464770551,on
867660023025540,com.tencent.mm,com.tencent.mm.plugin.luckymoney.ui.LuckyMoneyReceiveUI,1464770615,WIFI,
867660023025540,com.tencent.mm,com.tencent.mm.plugin.luckymoney.ui.LuckyMoneyDetailUI,1464770616,WIFI,
867660023025540,com.tencent.mm,com.tencent.mm.plugin.luckymoney.ui.LuckyMoneyMyRecordUI,1464770617,WIFI,
867660023025540,com.tencent.mm,com.tencent.mm.plugin.luckymoney.ui.LuckyMoneyDetailUI,1464770630,WIFI,
867660023025540,com.tencent.mm,com.tencent.mm.ui.LauncherUI,1464770631,WIFI,
867660023025540,,,1464770636,off
867660023025540,com.yulong.android.launcher3,com.yulong.android.launcher3.Launcher,1464770652,WIFI,
867660023025540,,,1464770657,on
867660023025540,,,1464770683,,off
