UserID,App,Activity,Time,Network,Screen
867601021207276,com.huawei.android.launcher,com.huawei.android.launcher.Launcher,1464824758,WIFI,
867601021207276,com.android.email,com.android.email.activity.Welcome,1464824761,WIFI,
867601021207276,com.huawei.android.launcher,com.huawei.android.launcher.Launcher,1464824764,WIFI,
867601021207276,,,1464824769,on
867601021207276,com.android.contacts,com.android.mms.ui.ConversationList,1464824956,WIFI,
867601021207276,com.android.contacts,com.android.contacts.activities.ContactDetailActivity,1464824959,WIFI,
867601021207276,com.android.contacts,com.android.mms.ui.ConversationList,1464824971,WIFI,
867601021207276,com.huawei.android.launcher,com.huawei.android.launcher.Launcher,1464824978,WIFI,
867601021207276,,,1464824983,on
867601021207276,com.acbull.activitymonitor,com.acbull.activitymonitor.MainActivity,1464825406,WIFI,
867601021207276,com.huawei.android.launcher,com.huawei.android.launcher.Launcher,1464825412,WIFI,
867601021207276,com.sina.weibo,com.sina.weibo.MainTabActivity,1464825418,WIFI,
867601021207276,com.huawei.android.launcher,com.huawei.android.launcher.Launcher,1464825419,WIFI,
867601021207276,com.android.settings,com.android.settings.applications.InstalledAppDetails,1464825426,WIFI,
867601021207276,,,1464825431,off
867601021207276,com.huawei.android.launcher,com.huawei.android.launcher.Launcher,1464825457,WIFI,
867601021207276,com.tencent.mm,com.tencent.mm.plugin.webview.ui.tools.WebViewUI,1464825464,WIFI,
867601021207276,com.tencent.mm,com.tencent.mm.ui.LauncherUI,1464825471,WIFI,
867601021207276,,,1464825476,on
867601021207276,,,1464825769,,off
867601021207276,,,1464825774,off
867601021207276,,,1464826608,,on
867601021207276,,,1464826619,,off
867601021207276,,,1464826632,,on
867601021207276,com.android.contacts,com.android.mms.ui.ConversationList,1464826637,WIFI,
867601021207276,com.android.contacts,com.android.contacts.activities.ContactDetailActivity,1464826640,WIFI,
867601021207276,com.android.contacts,com.android.mms.ui.ConversationList,1464826642,WIFI,
867601021207276,com.android.contacts,com.android.contacts.activities.ContactDetailActivity,1464826643,WIFI,
867601021207276,,,1464826648,on
867601021207276,com.android.incallui,com.android.incallui.MSimInCallActivity,1464826701,WIFI,
867601021207276,,,1464826702,,off
867601021207276,,,1464826706,,on
867601021207276,com.android.contacts,com.android.contacts.activities.ContactDetailActivity,1464826708,WIFI,
867601021207276,com.android.incallui,com.android.incallui.MSimInCallActivity,1464826715,WIFI,
867601021207276,,,1464826726,,off
867601021207276,,,1464826731,on
867601021207276,,,1464826758,,on
867601021207276,com.android.contacts,com.android.contacts.activities.ContactDetailActivity,1464826759,WIFI,
867601021207276,com.huawei.android.launcher,com.huawei.android.launcher.Launcher,1464826760,WIFI,
867601021207276,,,1464826765,off
867601021207276,,,1464827060,,off
867601021207276,,,1464827065,on
867601021207276,,,1464827846,,on
867601021207276,,,1464827856,,off
867601021207276,,,1464827861,on
867601021207276,,,1464827894,,on
867601021207276,com.tencent.mm,com.tencent.mm.ui.LauncherUI,1464827905,WIFI,
867601021207276,,,1464827910,on
867601021207276,com.huawei.android.launcher,com.huawei.android.launcher.Launcher,1464828192,WIFI,
867601021207276,com.android.settings,com.android.settings.HWSettings,1464828208,WIFI,
867601021207276,,,1464828213,on
867601021207276,com.huawei.android.launcher,com.huawei.android.launcher.Launcher,1464828439,WIFI,
867601021207276,,,1464828444,off
867601021207276,,,1464828738,,off
867601021207276,,,1464828743,on
867601021207276,,,1464839804,,on
867601021207276,com.tencent.mm,com.tencent.mm.ui.LauncherUI,1464839821,WIFI,
867601021207276,com.tencent.mm,com.tencent.mm.plugin.qmessage.ui.QConversationUI,1464839834,WIFI,
867601021207276,com.huawei.android.launcher,com.huawei.android.launcher.Launcher,1464839835,WIFI,
867601021207276,com.sina.weibo,com.sina.weibo.MainTabActivity,1464839845,WIFI,
867601021207276,,,1464839850,off
867601021207276,com.sina.weibo,com.sina.weibo.page.MyGroupFollowActivity,1464839885,WIFI,
867601021207276,com.sina.weibo,com.sina.weibo.page.ProfileInfoActivity,1464839889,WIFI,
867601021207276,,,1464839894,off
867601021207276,com.sina.weibo,com.sina.weibo.feed.DetailWeiboActivity,1464839936,WIFI,
867601021207276,,,1464839941,on
867601021207276,com.sina.weibo,com.sina.weibo.page.ProfileInfoActivity,1464839981,WIFI,
867601021207276,,,1464839986,off
867601021207276,com.sina.weibo,com.sina.weibo.video.feed.VideoListActivity,1464840019,WIFI,
867601021207276,com.sina.weibo,com.sina.weibo.page.ProfileInfoActivity,1464840021,WIFI,
867601021207276,,,1464840026,off
867601021207276,com.sina.weibo,com.sina.weibo.feed.DetailWeiboActivity,1464840082,WIFI,
867601021207276,com.sina.weibo,com.sina.weibo.video.feed.VideoListActivity,1464840090,WIFI,
867601021207276,,,1464840095,off
867601021207276,com.sina.weibo,com.sina.weibo.feed.DetailWeiboActivity,1464840128,WIFI,
867601021207276,,,1464840133,on
867601021207276,com.sina.weibo,com.sina.weibo.page.ProfileInfoActivity,1464840162,WIFI,
867601021207276,,,1464840167,off
867601021207276,com.sina.weibo,com.sina.weibo.page.MyGroupFollowActivity,1464840188,WIFI,
867601021207276,com.sina.weibo,com.sina.weibo.MainTabActivity,1464840195,WIFI,
867601021207276,com.sina.weibo,com.sina.weibo.page.SearchResultActivity,1464840197,WIFI,
867601021207276,,,1464840202,on
867601021207276,com.sina.weibo,com.sina.weibo.ImageViewer,1464840231,WIFI,
867601021207276,,,1464840236,off
867601021207276,com.sina.weibo,com.sina.weibo.page.SearchResultActivity,1464840291,WIFI,
867601021207276,,,1464840296,on
867601021207276,com.sina.weibo,com.sina.weibo.feed.DetailWeiboActivity,1464840491,WIFI,
867601021207276,com.sina.weibo,com.sina.weibo.page.SearchResultActivity,1464840497,WIFI,
867601021207276,,,1464840502,on
867601021207276,com.sina.weibo,com.sina.weibo.ImageViewer,1464840535,WIFI,
867601021207276,,,1464840540,off
867601021207276,com.sina.weibo,com.sina.weibo.page.SearchResultActivity,1464840555,WIFI,
867601021207276,com.sina.weibo,com.sina.weibo.ImageViewer,1464840557,WIFI,
867601021207276,,,1464840562,off
867601021207276,com.sina.weibo,com.sina.weibo.feed.DetailWeiboActivity,1464841134,WIFI,
867601021207276,com.sina.weibo,com.sina.weibo.page.SearchResultActivity,1464841146,WIFI,
867601021207276,,,1464841151,off
867601021207276,com.sina.weibo,com.sina.weibo.feed.DetailWeiboActivity,1464841296,WIFI,
867601021207276,,,1464841301,on
867601021207276,com.sina.weibo,com.sina.weibo.page.SearchResultActivity,1464841315,WIFI,
867601021207276,,,1464841320,off
867601021207276,com.sina.weibo,com.sina.weibo.feed.DetailWeiboActivity,1464841524,WIFI,
867601021207276,,,1464841529,on
867601021207276,com.sina.weibo,com.sina.weibo.ImageViewer,1464841609,WIFI,
867601021207276,com.sina.weibo,com.sina.weibo.feed.DetailWeiboActivity,1464841620,WIFI,
867601021207276,,,1464841625,on
867601021207276,com.sina.weibo,com.sina.weibo.page.SearchResultActivity,1464841680,WIFI,
867601021207276,,,1464841685,off
867601021207276,com.sina.weibo,com.sina.weibo.MainTabActivity,1464841722,WIFI,
867601021207276,com.sina.weibo,com.sina.weibo.page.SearchResultActivity,1464841724,WIFI,
867601021207276,,,1464841729,off
867601021207276,com.sina.weibo,com.sina.weibo.MainTabActivity,1464841946,WIFI,
867601021207276,com.huawei.android.launcher,com.huawei.android.launcher.Launcher,1464841947,WIFI,
867601021207276,com.tencent.mm,com.tencent.mm.ui.LauncherUI,1464841950,WIFI,
867601021207276,com.tencent.mm,com.tencent.mm.plugin.readerapp.ui.ReaderAppUI,1464841956,WIFI,
867601021207276,,,1464841961,off
867601021207276,com.tencent.mm,com.tencent.mm.ui.LauncherUI,1464841982,WIFI,
867601021207276,com.tencent.mm,com.tencent.mm.plugin.profile.ui.ContactInfoUI,1464841989,WIFI,
867601021207276,com.tencent.mm,com.tencent.mm.ui.chatting.ChattingUI,1464841991,WIFI,
867601021207276,com.tencent.mm,com.tencent.mm.plugin.luckymoney.ui.LuckyMoneyPrepareUI,1464841994,WIFI,
867601021207276,,,1464841999,off
867601021207276,com.tencent.mm,com.tencent.mm.plugin.wallet.pay.ui.WalletPayUI,1464842070,WIFI,
867601021207276,,,1464842075,on
867601021207276,com.huawei.android.launcher,com.huawei.android.launcher.Launcher,1464842229,Off,
867601021207276,com.tencent.mm,com.tencent.mm.ui.LauncherUI,1464842232,Off,
867601021207276,com.tencent.mm,com.tencent.mm.plugin.profile.ui.ContactInfoUI,1464842242,WIFI,
867601021207276,com.tencent.mm,com.tencent.mm.ui.chatting.ChattingUI,1464842244,WIFI,
867601021207276,com.tencent.mm,com.tencent.mm.plugin.luckymoney.ui.LuckyMoneyPrepareUI,1464842249,WIFI,
867601021207276,,,1464842254,off
867601021207276,com.tencent.mm,com.tencent.mm.ui.chatting.ChattingUI,1464842333,WIFI,
867601021207276,com.tencent.mm,com.tencent.mm.ui.LauncherUI,1464842335,WIFI,
867601021207276,com.huawei.android.launcher,com.huawei.android.launcher.Launcher,1464842337,WIFI,
867601021207276,com.tencent.mm,com.tencent.mm.ui.LauncherUI,1464842353,WIFI,
867601021207276,com.tencent.mm,com.tencent.mm.plugin.profile.ui.ContactInfoUI,1464842360,WIFI,
867601021207276,com.tencent.mm,com.tencent.mm.ui.chatting.ChattingUI,1464842361,WIFI,
867601021207276,com.tencent.mm,com.tencent.mm.plugin.luckymoney.ui.LuckyMoneyPrepareUI,1464842365,WIFI,
867601021207276,,,1464842370,on
867601021207276,com.tencent.mm,com.tencent.mm.plugin.wallet.pay.ui.WalletPayUI,1464842411,cellular,
867601021207276,com.tencent.mm,com.tencent.mm.plugin.luckymoney.ui.LuckyMoneyPrepareUI,1464842415,cellular,
867601021207276,com.tencent.mm,com.tencent.mm.plugin.wallet.pay.ui.WalletPayUI,1464842416,cellular,
867601021207276,com.tencent.mm,com.tencent.mm.ui.chatting.ChattingUI,1464842422,cellular,
867601021207276,com.tencent.mm,com.tencent.mm.ui.LauncherUI,1464842427,cellular,
867601021207276,com.huawei.android.launcher,com.huawei.android.launcher.Launcher,1464842438,cellular,
867601021207276,,,1464842443,on
867601021207276,,,1464843051,,off
867601021207276,,,1464843056,off
867601021207276,,,1464845342,,on
867601021207276,,,1464845343,,off
867601021207276,,,1464845345,,on
867601021207276,com.android.contacts,com.android.mms.ui.ConversationList,1464845348,cellular,
867601021207276,com.android.contacts,com.android.contacts.activities.ContactDetailActivity,1464845357,cellular,
867601021207276,com.android.phone,com.android.phone.PrivilegedOutgoingCallBroadcaster,1464845358,cellular,
867601021207276,com.android.incallui,com.android.incallui.MSimInCallActivity,1464845359,cellular,
867601021207276,,,1464845360,,off
867601021207276,,,1464845365,off
867601021207276,,,1464845402,,on
867601021207276,com.huawei.android.launcher,com.huawei.android.launcher.Launcher,1464845403,Off,
867601021207276,,,1464845408,off
867601021207276,,,1464846323,,off
867601021207276,,,1464846328,on
867601021207276,,,1464848080,,on
867601021207276,com.tencent.mm,com.tencent.mm.ui.LauncherUI,1464848085,cellular,
867601021207276,com.huawei.android.launcher,com.huawei.android.launcher.Launcher,1464848097,cellular,
867601021207276,,,1464848102,off
867601021207276,com.tencent.mm,com.tencent.mm.ui.LauncherUI,1464848153,cellular,
867601021207276,,,1464848158,on
867601021207276,com.huawei.android.launcher,com.huawei.android.launcher.Launcher,1464848298,cellular,
867601021207276,,,1464848303,off
867601021207276,,,1464848898,,off
867601021207276,,,1464848903,on
867601021207276,,,1464850293,,on
867601021207276,,,1464850310,,off
867601021207276,,,1464850315,on
867601021207276,,,1464851543,,on
867601021207276,,,1464851548,off
867601021207276,,,1464851845,,off
867601021207276,,,1464851850,on
867601021207276,,,1464854003,,on
867601021207276,com.tencent.mm,com.tencent.mm.ui.LauncherUI,1464854008,NETWORK_2G,
867601021207276,com.huawei.android.launcher,com.huawei.android.launcher.Launcher,1464854013,NETWORK_2G,
867601021207276,com.android.contacts,com.android.mms.ui.ConversationList,1464854024,NETWORK_2G,
867601021207276,com.android.contacts,com.android.contacts.activities.ContactDetailActivity,1464854039,NETWORK_2G,
867601021207276,,,1464854044,off
867601021207276,,,1464854339,,off
867601021207276,,,1464854344,on
867601021207276,,,1464854811,,on
867601021207276,com.android.contacts,com.android.mms.ui.ConversationList,1464854817,NETWORK_2G,
867601021207276,com.android.contacts,com.android.contacts.activities.ContactDetailActivity,1464854819,NETWORK_2G,
867601021207276,com.android.contacts,com.android.mms.ui.ConversationList,1464854821,NETWORK_2G,
867601021207276,com.android.contacts,com.android.contacts.activities.ContactDetailActivity,1464854826,NETWORK_2G,
867601021207276,,,1464854831,off
867601021207276,com.huawei.android.launcher,com.huawei.android.launcher.Launcher,1464855025,NETWORK_2G,
867601021207276,,,1464855030,on
867601021207276,com.huawei.camera,com.huawei.camera,1464855257,NETWORK_2G,
867601021207276,com.huawei.android.launcher,com.huawei.android.launcher.Launcher,1464855263,NETWORK_2G,
867601021207276,,,1464855268,on
867601021207276,,,1464855563,,off
867601021207276,,,1464855568,off
867601021207276,,,1464855877,,on
867601021207276,,,1464855887,,off
867601021207276,,,1464855892,off
867601021207276,,,1464856438,,on
867601021207276,,,1464856443,on
867601021207276,com.huawei.hwvplayer,com.huawei.hwvplayer.framework.MainActivity,1464856556,NETWORK_2G,
867601021207276,,,1464856561,off
867601021207276,com.huawei.android.launcher,com.huawei.android.launcher.Launcher,1464856585,NETWORK_2G,
867601021207276,,,1464856590,on
867601021207276,com.tencent.mm,com.tencent.mm.ui.LauncherUI,1464856617,NETWORK_2G,
867601021207276,,,1464856622,off
867601021207276,com.tencent.mm,com.tencent.mm.plugin.sns.ui.SnsTimeLineUI,1464856647,NETWORK_2G,
867601021207276,,,1464856652,on
867601021207276,com.tencent.mm,com.tencent.mm.plugin.sns.ui.SnsBrowseUI,1464856723,NETWORK_2G,
867601021207276,com.tencent.mm,com.tencent.mm.plugin.sns.ui.SnsTimeLineUI,1464856738,NETWORK_2G,
867601021207276,,,1464856743,on
867601021207276,com.huawei.android.launcher,com.huawei.android.launcher.Launcher,1464856766,NETWORK_2G,
867601021207276,com.tencent.mm,com.tencent.mm.plugin.sns.ui.SnsTimeLineUI,1464856773,NETWORK_2G,
867601021207276,com.huawei.android.launcher,com.huawei.android.launcher.Launcher,1464856785,NETWORK_2G,
867601021207276,,,1464856790,off
867601021207276,,,1464857087,,off
867601021207276,,,1464857092,on
867601021207276,,,1464858807,,on
867601021207276,com.sina.weibo,com.sina.weibo.MainTabActivity,1464858820,Off,
867601021207276,com.sina.weibo,com.sina.weibo.page.MyGroupFollowActivity,1464858826,WIFI,
867601021207276,com.sina.weibo,com.sina.weibo.page.ProfileInfoActivity,1464858829,WIFI,
867601021207276,com.sina.weibo,com.sina.weibo.video.feed.VideoListActivity,1464858837,WIFI,
867601021207276,,,1464858842,off
867601021207276,com.sina.weibo,com.sina.weibo.page.ProfileInfoActivity,1464858864,WIFI,
867601021207276,com.sina.weibo,com.sina.weibo.page.MyGroupFollowActivity,1464858865,WIFI,
867601021207276,com.sina.weibo,com.sina.weibo.MainTabActivity,1464858869,WIFI,
867601021207276,com.sina.weibo,com.sina.weibo.page.SearchResultActivity,1464858871,WIFI,
867601021207276,,,1464858876,off
867601021207276,com.sina.weibo,com.sina.weibo.ImageViewer,1464858926,WIFI,
867601021207276,com.sina.weibo,com.sina.weibo.feed.DetailWeiboActivity,1464858933,WIFI,
867601021207276,,,1464858938,off
867601021207276,com.sina.weibo,com.sina.weibo.page.SearchResultActivity,1464858972,WIFI,
867601021207276,,,1464858977,on
867601021207276,com.sina.weibo,com.sina.weibo.ImageViewer,1464859024,WIFI,
867601021207276,com.sina.weibo,com.sina.weibo.feed.DetailWeiboActivity,1464859034,WIFI,
867601021207276,,,1464859039,on
867601021207276,com.sina.weibo,com.sina.weibo.page.SearchResultActivity,1464859058,WIFI,
867601021207276,,,1464859063,off
867601021207276,com.sina.weibo,com.sina.weibo.MainTabActivity,1464859119,WIFI,
867601021207276,com.sina.weibo,com.sina.weibo.page.MyGroupFollowActivity,1464859127,WIFI,
867601021207276,,,1464859132,off
867601021207276,com.sina.weibo,com.sina.weibo.page.ProfileInfoActivity,1464859152,WIFI,
867601021207276,com.sina.weibo,com.sina.weibo.feed.DetailWeiboActivity,1464859164,WIFI,
867601021207276,,,1464859169,off
867601021207276,com.sina.weibo,com.sina.weibo.ImageViewer,1464859264,WIFI,
867601021207276,com.sina.weibo,com.sina.weibo.feed.DetailWeiboActivity,1464859269,WIFI,
867601021207276,com.sina.weibo,com.sina.weibo.ImageViewer,1464859273,WIFI,
867601021207276,com.sina.weibo,com.sina.weibo.feed.DetailWeiboActivity,1464859279,WIFI,
867601021207276,com.sina.weibo,com.sina.weibo.ImageViewer,1464859281,WIFI,
867601021207276,com.sina.weibo,com.sina.weibo.feed.DetailWeiboActivity,1464859285,WIFI,
867601021207276,com.sina.weibo,com.sina.weibo.ImageViewer,1464859287,WIFI,
867601021207276,com.sina.weibo,com.sina.weibo.feed.DetailWeiboActivity,1464859292,WIFI,
867601021207276,,,1464859297,off
867601021207276,com.sina.weibo,com.sina.weibo.ImageViewer,1464859330,WIFI,
867601021207276,com.sina.weibo,com.sina.weibo.feed.DetailWeiboActivity,1464859338,WIFI,
867601021207276,com.sina.weibo,com.sina.weibo.ImageViewer,1464859341,WIFI,
867601021207276,com.sina.weibo,com.sina.weibo.feed.DetailWeiboActivity,1464859346,WIFI,
867601021207276,com.sina.weibo,com.sina.weibo.ImageViewer,1464859355,WIFI,
867601021207276,com.sina.weibo,com.sina.weibo.feed.DetailWeiboActivity,1464859361,WIFI,
867601021207276,,,1464859366,off
867601021207276,com.sina.weibo,com.sina.weibo.ImageViewer,1464859397,WIFI,
867601021207276,,,1464859402,on
867601021207276,com.sina.weibo,com.sina.weibo.feed.DetailWeiboActivity,1464859455,WIFI,
867601021207276,,,1464859460,off
867601021207276,com.sina.weibo,com.sina.weibo.ImageViewer,1464859503,WIFI,
867601021207276,com.sina.weibo,com.sina.weibo.feed.DetailWeiboActivity,1464859505,WIFI,
867601021207276,,,1464859510,off
867601021207276,com.sina.weibo,com.sina.weibo.ImageViewer,1464859533,WIFI,
867601021207276,com.sina.weibo,com.sina.weibo.feed.DetailWeiboActivity,1464859544,WIFI,
867601021207276,,,1464859549,off
867601021207276,com.sina.weibo,com.sina.weibo.ImageViewer,1464859633,WIFI,
867601021207276,com.sina.weibo,com.sina.weibo.feed.DetailWeiboActivity,1464859643,WIFI,
867601021207276,com.sina.weibo,com.sina.weibo.ImageViewer,1464859644,WIFI,
867601021207276,com.sina.weibo,com.sina.weibo.feed.DetailWeiboActivity,1464859646,WIFI,
867601021207276,,,1464859651,off
867601021207276,com.sina.weibo,com.sina.weibo.ImageViewer,1464859684,WIFI,
867601021207276,,,1464859689,on
867601021207276,com.sina.weibo,com.sina.weibo.feed.DetailWeiboActivity,1464859706,WIFI,
867601021207276,,,1464859711,off
867601021207276,com.sina.weibo,com.sina.weibo.ImageViewer,1464859735,WIFI,
867601021207276,,,1464859740,on
867601021207276,com.sina.weibo,com.sina.weibo.feed.DetailWeiboActivity,1464859756,WIFI,
867601021207276,,,1464859761,off
867601021207276,com.sina.weibo,com.sina.weibo.ImageViewer,1464859775,WIFI,
867601021207276,com.sina.weibo,com.sina.weibo.feed.DetailWeiboActivity,1464859784,WIFI,
867601021207276,com.sina.weibo,com.sina.weibo.page.ProfileInfoActivity,1464859798,WIFI,
867601021207276,,,1464859803,on
867601021207276,com.sina.weibo,com.sina.weibo.video.feed.VideoListActivity,1464859837,WIFI,
867601021207276,,,1464859842,off
867601021207276,com.sina.weibo,com.sina.weibo.page.ProfileInfoActivity,1464859856,WIFI,
867601021207276,com.sina.weibo,com.sina.weibo.page.MyGroupFollowActivity,1464859857,WIFI,
867601021207276,com.sina.weibo,com.sina.weibo.MainTabActivity,1464859861,WIFI,
867601021207276,com.sina.weibo,com.sina.weibo.page.SearchResultActivity,1464859864,WIFI,
867601021207276,,,1464859869,off
867601021207276,com.sina.weibo,com.sina.weibo.ImageViewer,1464859912,WIFI,
867601021207276,,,1464859917,on
867601021207276,com.sina.weibo,com.sina.weibo.page.SearchResultActivity,1464859995,WIFI,
867601021207276,,,1464860000,off
867601021207276,com.sina.weibo,com.sina.weibo.feed.DetailWeiboActivity,1464860098,WIFI,
867601021207276,com.sina.weibo,com.sina.weibo.page.SearchResultActivity,1464860102,WIFI,
867601021207276,com.sina.weibo,com.sina.weibo.MainTabActivity,1464860119,WIFI,
867601021207276,com.sina.weibo,com.sina.weibo.page.SearchResultActivity,1464860121,WIFI,
867601021207276,,,1464860126,off
867601021207276,com.sina.weibo,com.sina.weibo.feed.DetailWeiboActivity,1464860172,WIFI,
867601021207276,,,1464860177,on
867601021207276,com.sina.weibo,com.sina.weibo.ImageViewer,1464860226,WIFI,
867601021207276,com.sina.weibo,com.sina.weibo.feed.DetailWeiboActivity,1464860231,WIFI,
867601021207276,com.sina.weibo,com.sina.weibo.page.SearchResultActivity,1464860236,WIFI,
867601021207276,,,1464860241,off
867601021207276,com.sina.weibo,com.sina.weibo.video.feed.VideoListActivity,1464860254,WIFI,
867601021207276,,,1464860259,on
867601021207276,com.sina.weibo,com.sina.weibo.page.SearchResultActivity,1464860523,WIFI,
867601021207276,com.sina.weibo,com.sina.weibo.feed.DetailWeiboActivity,1464860524,WIFI,
867601021207276,com.sina.weibo,com.sina.weibo.ImageViewer,1464860526,WIFI,
867601021207276,com.sina.weibo,com.sina.weibo.page.SearchResultActivity,1464860529,WIFI,
867601021207276,,,1464860534,on
867601021207276,com.sina.weibo,com.sina.weibo.ImageViewer,1464860734,WIFI,
867601021207276,,,1464860739,off
867601021207276,com.sina.weibo,com.sina.weibo.page.SearchResultActivity,1464860833,WIFI,
867601021207276,,,1464860838,on
867601021207276,com.sina.weibo,com.sina.weibo.feed.DetailWeiboActivity,1464860984,WIFI,
867601021207276,com.sina.weibo,com.sina.weibo.page.SearchResultActivity,1464860990,WIFI,
867601021207276,,,1464860995,on
867601021207276,com.sina.weibo,com.sina.weibo.feed.DetailWeiboActivity,1464861011,WIFI,
867601021207276,com.sina.weibo,com.sina.weibo.page.SearchResultActivity,1464861015,WIFI,
867601021207276,,,1464861020,on
867601021207276,com.sina.weibo,com.sina.weibo.MainTabActivity,1464861078,WIFI,
867601021207276,com.huawei.android.launcher,com.huawei.android.launcher.Launcher,1464861079,WIFI,
867601021207276,com.qiyi.video,com.qiyi.video.WelcomeActivity,1464861081,WIFI,
867601021207276,com.qiyi.video,org.qiyi.android.video.MainActivity,1464861083,WIFI,
867601021207276,,,1464861088,on
867601021207276,com.qiyi.video,com.iqiyi.video.search.PhoneSearchActivity,1464861457,WIFI,
867601021207276,,,1464861462,off
867601021207276,com.qiyi.video,org.qiyi.android.video.MainActivity,1464861541,WIFI,
867601021207276,com.huawei.android.launcher,com.huawei.android.launcher.Launcher,1464861551,WIFI,
867601021207276,com.sina.weibo,com.sina.weibo.SplashActivity,1464861554,WIFI,
867601021207276,com.sina.weibo,com.sina.weibo.MainTabActivity,1464861560,WIFI,
867601021207276,,,1464861565,off
867601021207276,com.sina.weibo,com.sina.weibo.page.NewCardListActivity,1464861648,WIFI,
867601021207276,com.sina.weibo,com.sina.weibo.MainTabActivity,1464861665,WIFI,
867601021207276,com.sina.weibo,com.sina.weibo.page.MyGroupFollowActivity,1464861668,WIFI,
867601021207276,,,1464861673,on
867601021207276,com.sina.weibo,com.sina.weibo.page.ProfileInfoActivity,1464861690,WIFI,
867601021207276,com.sina.weibo,com.sina.weibo.video.feed.VideoListActivity,1464861705,WIFI,
867601021207276,,,1464861710,on
867601021207276,com.sina.weibo,com.sina.weibo.page.ProfileInfoActivity,1464861728,WIFI,
867601021207276,com.sina.weibo,com.sina.weibo.page.MyGroupFollowActivity,1464861729,WIFI,
867601021207276,com.sina.weibo,com.sina.weibo.MainTabActivity,1464861730,WIFI,
867601021207276,com.huawei.android.launcher,com.huawei.android.launcher.Launcher,1464861732,WIFI,
867601021207276,com.android.browser,com.tencent.mtt.MainActivity,1464861734,WIFI,
867601021207276,,,1464861739,off
867601021207276,com.huawei.android.launcher,com.huawei.android.launcher.Launcher,1464863804,WIFI,
867601021207276,,,1464863809,on
867601021207276,,,1464864105,,off
867601021207276,,,1464864110,off
867601021207276,,,1464864206,,on
867601021207276,com.sina.weibo,com.sina.weibo.MainTabActivity,1464864215,WIFI,
867601021207276,com.sina.weibo,com.sina.weibo.page.MyGroupFollowActivity,1464864218,WIFI,
867601021207276,com.sina.weibo,com.sina.weibo.page.ProfileInfoActivity,1464864222,WIFI,
867601021207276,,,1464864227,off
867601021207276,,,1464864715,,off
867601021207276,,,1464864720,on
867601021207276,,,1464868211,,on
867601021207276,com.sina.weibo,com.sina.weibo.page.MyGroupFollowActivity,1464868217,Off,
867601021207276,com.sina.weibo,com.sina.weibo.page.ProfileInfoActivity,1464868221,WIFI,
867601021207276,,,1464868226,off
867601021207276,com.sina.weibo,com.sina.weibo.video.feed.VideoListActivity,1464868244,WIFI,
867601021207276,,,1464868249,on
867601021207276,com.sina.weibo,com.sina.weibo.page.ProfileInfoActivity,1464868266,WIFI,
867601021207276,com.sina.weibo,com.sina.weibo.page.MyGroupFollowActivity,1464868273,WIFI,
867601021207276,,,1464868278,on
867601021207276,,,1464868575,,off
867601021207276,,,1464868580,off
867601021207276,,,1464869289,,on
867601021207276,,,1464869299,,off
867601021207276,,,1464869301,,on
867601021207276,,,1464869306,on
867601021207276,com.sina.weibo,com.sina.weibo.MainTabActivity,1464869328,WIFI,
867601021207276,com.sina.weibo,com.sina.weibo.page.SearchResultActivity,1464869330,WIFI,
867601021207276,com.sina.weibo,com.sina.weibo.MainTabActivity,1464869333,WIFI,
867601021207276,com.sina.weibo,com.sina.weibo.page.SearchResultActivity,1464869335,WIFI,
867601021207276,,,1464869340,on
867601021207276,com.sina.weibo,com.sina.weibo.MainTabActivity,1464869359,WIFI,
867601021207276,com.huawei.android.launcher,com.huawei.android.launcher.Launcher,1464869360,WIFI,
867601021207276,com.android.browser,com.tencent.mtt.MainActivity,1464869361,WIFI,
867601021207276,,,1464869366,off
867601021207276,com.huawei.android.launcher,com.huawei.android.launcher.Launcher,1464870746,WIFI,
867601021207276,com.sina.weibo,com.sina.weibo.MainTabActivity,1464870749,WIFI,
867601021207276,com.sina.weibo,com.sina.weibo.page.MyGroupFollowActivity,1464870752,WIFI,
867601021207276,com.sina.weibo,com.sina.weibo.page.ProfileInfoActivity,1464870756,WIFI,
867601021207276,,,1464870761,off
867601021207276,com.sina.weibo,com.sina.weibo.ImageViewer,1464870776,WIFI,
867601021207276,,,1464870781,on
867601021207276,com.sina.weibo,com.sina.weibo.feed.DetailWeiboActivity,1464870799,WIFI,
867601021207276,,,1464870804,off
867601021207276,com.sina.weibo,com.sina.weibo.page.ProfileInfoActivity,1464870838,WIFI,
867601021207276,com.sina.weibo,com.sina.weibo.ImageViewer,1464870839,WIFI,
867601021207276,,,1464870844,off
867601021207276,com.sina.weibo,com.sina.weibo.page.ProfileInfoActivity,1464870887,WIFI,
867601021207276,com.sina.weibo,com.sina.weibo.page.MyGroupFollowActivity,1464870894,WIFI,
867601021207276,com.sina.weibo,com.sina.weibo.MainTabActivity,1464870896,WIFI,
867601021207276,com.sina.weibo,com.sina.weibo.page.SearchResultActivity,1464870897,WIFI,
867601021207276,com.sina.weibo,com.sina.weibo.ImageViewer,1464870914,WIFI,
867601021207276,com.sina.weibo,com.sina.weibo.page.SearchResultActivity,1464870929,WIFI,
867601021207276,com.sina.weibo,com.sina.weibo.ImageViewer,1464870930,WIFI,
867601021207276,com.sina.weibo,com.sina.weibo.feed.DetailWeiboActivity,1464870939,WIFI,
867601021207276,,,1464870944,off
867601021207276,com.sina.weibo,com.sina.weibo.page.SearchResultActivity,1464871155,WIFI,
867601021207276,com.sina.weibo,com.sina.weibo.ImageViewer,1464871157,WIFI,
867601021207276,,,1464871162,off
867601021207276,com.sina.weibo,com.sina.weibo.feed.DetailWeiboActivity,1464871189,WIFI,
867601021207276,,,1464871194,on
867601021207276,com.sina.weibo,com.sina.weibo.ImageViewer,1464871212,WIFI,
867601021207276,com.sina.weibo,com.sina.weibo.feed.DetailWeiboActivity,1464871217,WIFI,
867601021207276,,,1464871222,on
867601021207276,com.sina.weibo,com.sina.weibo.page.SearchResultActivity,1464871461,WIFI,
867601021207276,,,1464871466,off
867601021207276,com.sina.weibo,com.sina.weibo.MainTabActivity,1464871783,WIFI,
867601021207276,com.sina.weibo,com.sina.weibo.page.SearchResultActivity,1464871791,WIFI,
867601021207276,,,1464871796,off
867601021207276,,,1464872478,,off
867601021207276,,,1464872483,on
867601021207276,,,1464872542,,on
867601021207276,,,1464872547,off
867601021207276,com.sina.weibo,com.sina.weibo.feed.DetailWeiboActivity,1464872577,WIFI,
867601021207276,,,1464872582,on
867601021207276,com.sina.weibo,com.sina.weibo.page.SearchResultActivity,1464872867,WIFI,
867601021207276,,,1464872872,off
867601021207276,com.sina.weibo,com.sina.weibo.MainTabActivity,1464872923,WIFI,
867601021207276,com.sina.weibo,com.sina.weibo.page.SearchResultActivity,1464872930,WIFI,
867601021207276,,,1464872935,off
867601021207276,com.sina.weibo,com.sina.weibo.feed.DetailWeiboActivity,1464872969,WIFI,
867601021207276,,,1464872974,on
867601021207276,,,1464873268,,off
867601021207276,,,1464873273,off
867601021207276,,,1464874651,,on
867601021207276,com.tencent.mm,com.tencent.mm.ui.LauncherUI,1464874662,WIFI,
867601021207276,,,1464874667,off
867601021207276,com.tencent.mm,com.tencent.mm.plugin.sns.ui.SnsTimeLineUI,1464874684,WIFI,
867601021207276,,,1464874689,on
867601021207276,com.tencent.mm,com.tencent.mm.ui.LauncherUI,1464874723,WIFI,
867601021207276,com.tencent.mm,com.tencent.mm.plugin.readerapp.ui.ReaderAppUI,1464874727,WIFI,
867601021207276,com.tencent.mm,com.tencent.mm.ui.LauncherUI,1464874728,WIFI,
867601021207276,,,1464874733,off
867601021207276,com.tencent.mm,com.tencent.mm.plugin.sns.ui.SnsTimeLineUI,1464874757,WIFI,
867601021207276,,,1464874762,on
867601021207276,com.tencent.mm,com.tencent.mm.ui.LauncherUI,1464874775,WIFI,
867601021207276,com.sina.weibo,com.sina.weibo.feed.DetailWeiboActivity,1464874776,WIFI,
867601021207276,com.huawei.android.launcher,com.huawei.android.launcher.Launcher,1464874779,WIFI,
867601021207276,com.huawei.lcagent,com.huawei.lcagent.service.WifiPromptActivity,1464874782,WIFI,
867601021207276,com.huawei.android.launcher,com.huawei.android.launcher.Launcher,1464874784,WIFI,
867601021207276,com.tencent.mm,com.tencent.mm.ui.LauncherUI,1464874787,WIFI,
867601021207276,com.tencent.mm,com.tencent.mm.plugin.sns.ui.SnsTimeLineUI,1464874789,WIFI,
867601021207276,com.tencent.mm,com.tencent.mm.ui.LauncherUI,1464874791,WIFI,
867601021207276,com.tencent.mm,com.tencent.mm.ui.conversation.BizConversationUI,1464874793,WIFI,
867601021207276,,,1464874798,off
867601021207276,com.tencent.mm,com.tencent.mm.plugin.webview.ui.tools.WebViewUI,1464874812,WIFI,
867601021207276,,,1464874817,on
867601021207276,com.tencent.mm,com.tencent.mm.ui.conversation.BizConversationUI,1464874833,WIFI,
867601021207276,,,1464874838,off
867601021207276,com.tencent.mm,com.tencent.mm.plugin.webview.ui.tools.WebViewUI,1464874853,WIFI,
867601021207276,,,1464874858,on
867601021207276,com.tencent.mm,com.tencent.mm.ui.conversation.BizConversationUI,1464874889,WIFI,
867601021207276,,,1464874894,off
867601021207276,com.tencent.mm,com.tencent.mm.plugin.webview.ui.tools.WebViewUI,1464874913,WIFI,
867601021207276,com.tencent.mm,com.tencent.mm.ui.conversation.BizConversationUI,1464874916,WIFI,
867601021207276,com.tencent.mm,com.tencent.mm.plugin.webview.ui.tools.WebViewUI,1464874918,WIFI,
867601021207276,com.tencent.mm,com.tencent.mm.ui.conversation.BizConversationUI,1464874931,WIFI,
867601021207276,com.tencent.mm,com.tencent.mm.plugin.webview.ui.tools.WebViewUI,1464874938,WIFI,
867601021207276,,,1464874943,on
867601021207276,com.tencent.mm,com.tencent.mm.ui.conversation.BizConversationUI,1464875043,WIFI,
867601021207276,com.tencent.mm,com.tencent.mm.ui.LauncherUI,1464875046,WIFI,
867601021207276,com.tencent.mm,com.tencent.mm.plugin.sns.ui.SnsTimeLineUI,1464875048,WIFI,
867601021207276,com.tencent.mm,com.tencent.mm.plugin.gallery.ui.AlbumPreviewUI,1464875051,WIFI,
867601021207276,,,1464875056,on
867601021207276,com.tencent.mm,com.tencent.mm.plugin.sns.ui.SnsTimeLineUI,1464875101,WIFI,
867601021207276,com.tencent.mm,com.tencent.mm.plugin.gallery.ui.AlbumPreviewUI,1464875105,WIFI,
867601021207276,,,1464875110,on
867601021207276,com.tencent.mm,com.tencent.mm.plugin.sns.ui.SnsUploadUI,1464875168,WIFI,
867601021207276,,,1464875173,off
867601021207276,com.tencent.mm,com.tencent.mm.plugin.sns.ui.SnsTimeLineUI,1464875188,WIFI,
867601021207276,com.tencent.mm,com.tencent.mm.ui.LauncherUI,1464875190,WIFI,
867601021207276,,,1464875195,off
867601021207276,com.tencent.mm,com.tencent.mm.plugin.brandservice.ui.BrandServiceIndexUI,1464875208,WIFI,
867601021207276,com.tencent.mm,com.tencent.mm.ui.chatting.ChattingUI,1464875215,WIFI,
867601021207276,com.tencent.mm,com.tencent.mm.plugin.webview.ui.tools.WebViewUI,1464875227,WIFI,
867601021207276,,,1464875232,on
867601021207276,com.tencent.mm,com.tencent.mm.ui.chatting.ChattingUI,1464875267,WIFI,
867601021207276,com.tencent.mm,com.tencent.mm.plugin.brandservice.ui.BrandServiceIndexUI,1464875269,WIFI,
867601021207276,com.tencent.mm,com.tencent.mm.ui.chatting.ChattingUI,1464875278,WIFI,
867601021207276,com.tencent.mm,com.tencent.mm.plugin.webview.ui.tools.WebViewUI,1464875283,WIFI,
867601021207276,,,1464875288,on
867601021207276,com.tencent.mm,com.tencent.mm.ui.chatting.ChattingUI,1464875304,WIFI,
867601021207276,com.tencent.mm,com.tencent.mm.plugin.brandservice.ui.BrandServiceIndexUI,1464875306,WIFI,
867601021207276,com.tencent.mm,com.tencent.mm.ui.LauncherUI,1464875316,WIFI,
867601021207276,com.tencent.mm,com.tencent.mm.plugin.subapp.ui.pluginapp.AddMoreFriendsUI,1464875321,WIFI,
867601021207276,com.tencent.mm,com.tencent.mm.plugin.search.ui.FTSAddFriendUI,1464875323,WIFI,
867601021207276,com.tencent.mm,com.tencent.mm.plugin.brandservice.ui.BizSearchDetailPageUI,1464875333,WIFI,
867601021207276,com.tencent.mm,com.tencent.mm.plugin.profile.ui.ContactInfoUI,1464875338,WIFI,
867601021207276,,,1464875343,off
867601021207276,com.tencent.mm,com.tencent.mm.ui.chatting.ChattingUI,1464875359,WIFI,
867601021207276,com.tencent.mm,com.tencent.mm.ui.LauncherUI,1464875362,WIFI,
867601021207276,com.tencent.mm,com.tencent.mm.ui.conversation.BizConversationUI,1464875365,WIFI,
867601021207276,com.tencent.mm,com.tencent.mm.ui.LauncherUI,1464875368,WIFI,
867601021207276,com.tencent.mm,com.tencent.mm.ui.contact.SelectContactUI,1464875371,WIFI,
867601021207276,com.tencent.mm,com.tencent.mm.ui.LauncherUI,1464875372,WIFI,
867601021207276,com.tencent.mm,com.tencent.mm.plugin.subapp.ui.pluginapp.AddMoreFriendsUI,1464875374,WIFI,
867601021207276,com.tencent.mm,com.tencent.mm.plugin.search.ui.FTSAddFriendUI,1464875375,WIFI,
867601021207276,com.tencent.mm,com.tencent.mm.plugin.brandservice.ui.BizSearchDetailPageUI,1464875382,WIFI,
867601021207276,com.tencent.mm,com.tencent.mm.plugin.profile.ui.ContactInfoUI,1464875395,WIFI,
867601021207276,com.tencent.mm,com.tencent.mm.ui.chatting.ChattingUI,1464875398,WIFI,
867601021207276,com.tencent.mm,com.tencent.mm.ui.LauncherUI,1464875401,WIFI,
867601021207276,com.tencent.mm,com.tencent.mm.ui.conversation.BizConversationUI,1464875403,WIFI,
867601021207276,com.tencent.mm,com.tencent.mm.plugin.webview.ui.tools.WebViewUI,1464875411,WIFI,
867601021207276,,,1464875416,off
867601021207276,com.tencent.mm,com.tencent.mm.ui.conversation.BizConversationUI,1464875441,WIFI,
867601021207276,com.tencent.mm,com.tencent.mm.plugin.webview.ui.tools.WebViewUI,1464875445,WIFI,
867601021207276,,,1464875450,off
867601021207276,com.tencent.mm,com.tencent.mm.ui.conversation.BizConversationUI,1464875583,WIFI,
867601021207276,com.tencent.mm,com.tencent.mm.ui.LauncherUI,1464875584,WIFI,
867601021207276,com.tencent.mm,com.tencent.mm.ui.conversation.BizConversationUI,1464875587,WIFI,
867601021207276,,,1464875592,on
867601021207276,com.tencent.mm,com.tencent.mm.plugin.webview.ui.tools.WebViewUI,1464875614,WIFI,
867601021207276,com.tencent.mm,com.tencent.mm.ui.conversation.BizConversationUI,1464875625,WIFI,
867601021207276,com.tencent.mm,com.tencent.mm.plugin.profile.ui.ContactInfoUI,1464875638,WIFI,
867601021207276,com.tencent.mm,com.tencent.mm.ui.LauncherUI,1464875648,WIFI,
867601021207276,com.tencent.mm,com.tencent.mm.plugin.sns.ui.SnsTimeLineUI,1464875650,WIFI,
867601021207276,,,1464875655,off
867601021207276,,,1464875949,,off
867601021207276,,,1464875954,on
867601021207276,,,1464876981,,on
867601021207276,com.tencent.mm,com.tencent.mm.plugin.sns.ui.SnsMsgUI,1464876985,WIFI,
867601021207276,com.tencent.mm,com.tencent.mm.plugin.sns.ui.SnsTimeLineUI,1464876988,WIFI,
867601021207276,com.tencent.mm,com.tencent.mm.ui.LauncherUI,1464877000,WIFI,
867601021207276,com.tencent.mm,com.tencent.mm.plugin.sns.ui.SnsTimeLineUI,1464877002,WIFI,
867601021207276,com.tencent.mm,com.tencent.mm.ui.LauncherUI,1464877006,WIFI,
867601021207276,,,1464877011,on
867601021207276,com.tencent.mm,com.tencent.mm.plugin.sns.ui.SnsTimeLineUI,1464877256,WIFI,
867601021207276,com.tencent.mm,com.tencent.mm.ui.LauncherUI,1464877266,WIFI,
867601021207276,,,1464877271,on
867601021207276,,,1464877568,,off
867601021207276,,,1464877573,off
867601021207276,,,1464878404,,on
867601021207276,com.tencent.mm,com.tencent.mm.plugin.sns.ui.SnsTimeLineUI,1464878415,WIFI,
867601021207276,com.tencent.mm,com.tencent.mm.plugin.sns.ui.SnsMsgUI,1464878417,WIFI,
867601021207276,com.tencent.mm,com.tencent.mm.plugin.sns.ui.SnsTimeLineUI,1464878420,WIFI,
867601021207276,,,1464878425,off
867601021207276,com.tencent.mm,com.tencent.mm.ui.LauncherUI,1464878460,WIFI,
867601021207276,,,1464878465,on
867601021207276,,,1464878767,,off
867601021207276,,,1464878772,off
867601021207276,,,1464878855,,on
867601021207276,com.android.settings,com.android.settings.applications.InstalledAppDetails,1464878865,WIFI,
867601021207276,com.tencent.mm,com.tencent.mm.ui.LauncherUI,1464878873,WIFI,
867601021207276,com.huawei.android.launcher,com.huawei.android.launcher.Launcher,1464878875,WIFI,
867601021207276,com.sina.weibo,com.sina.weibo.feed.DetailWeiboActivity,1464878877,WIFI,
867601021207276,,,1464878882,on
867601021207276,com.sina.weibo,com.sina.weibo.page.SearchResultActivity,1464878993,WIFI,
867601021207276,com.sina.weibo,com.sina.weibo.ImageViewer,1464878996,WIFI,
867601021207276,,,1464879001,on
867601021207276,com.sina.weibo,com.sina.weibo.page.SearchResultActivity,1464879076,WIFI,
867601021207276,com.sina.weibo,com.sina.weibo.MainTabActivity,1464879078,WIFI,
867601021207276,com.sina.weibo,com.sina.weibo.page.MyGroupFollowActivity,1464879080,WIFI,
867601021207276,com.sina.weibo,com.sina.weibo.page.ProfileInfoActivity,1464879084,WIFI,
867601021207276,,,1464879089,on
867601021207276,com.sina.weibo,com.sina.weibo.feed.DetailWeiboActivity,1464879104,WIFI,
867601021207276,,,1464879109,off
867601021207276,com.sina.weibo,com.sina.weibo.ImageViewer,1464879190,WIFI,
867601021207276,com.sina.weibo,com.sina.weibo.feed.DetailWeiboActivity,1464879199,WIFI,
867601021207276,com.sina.weibo,com.sina.weibo.ImageViewer,1464879203,WIFI,
867601021207276,com.sina.weibo,com.sina.weibo.feed.DetailWeiboActivity,1464879215,WIFI,
867601021207276,,,1464879220,off
867601021207276,com.sina.weibo,com.sina.weibo.page.ProfileInfoActivity,1464879380,WIFI,
867601021207276,com.sina.weibo,com.sina.weibo.ImageViewer,1464879382,WIFI,
867601021207276,,,1464879387,off
867601021207276,com.sina.weibo,com.sina.weibo.feed.DetailWeiboActivity,1464879411,WIFI,
867601021207276,,,1464879416,on
867601021207276,com.sina.weibo,com.sina.weibo.page.MyGroupFollowActivity,1464879439,WIFI,
867601021207276,com.sina.weibo,com.sina.weibo.MainTabActivity,1464879440,WIFI,
867601021207276,com.sina.weibo,com.sina.weibo.page.SearchResultActivity,1464879444,WIFI,
867601021207276,com.sina.weibo,com.sina.weibo.MainTabActivity,1464879459,WIFI,
867601021207276,com.sina.weibo,com.sina.weibo.page.MyGroupFollowActivity,1464879462,WIFI,
867601021207276,com.sina.weibo,com.sina.weibo.page.ProfileInfoActivity,1464879464,WIFI,
867601021207276,com.sina.weibo,com.sina.weibo.page.MyGroupFollowActivity,1464879473,WIFI,
867601021207276,com.sina.weibo,com.sina.weibo.MainTabActivity,1464879474,WIFI,
867601021207276,com.huawei.android.launcher,com.huawei.android.launcher.Launcher,1464879475,WIFI,
867601021207276,com.android.browser,com.tencent.mtt.MainActivity,1464879477,WIFI,
867601021207276,,,1464879482,on
867601021207276,com.huawei.android.launcher,com.huawei.android.launcher.Launcher,1464882937,WIFI,
867601021207276,com.sina.weibo,com.sina.weibo.MainTabActivity,1464882940,WIFI,
867601021207276,com.sina.weibo,com.sina.weibo.page.SearchResultActivity,1464882946,WIFI,
867601021207276,com.sina.weibo,com.sina.weibo.MainTabActivity,1464882956,WIFI,
867601021207276,com.sina.weibo,com.sina.weibo.page.MyGroupFollowActivity,1464882958,WIFI,
867601021207276,com.sina.weibo,com.sina.weibo.page.ProfileInfoActivity,1464882961,WIFI,
867601021207276,,,1464882966,on
867601021207276,com.sina.weibo,com.sina.weibo.ImageViewer,1464882988,WIFI,
867601021207276,,,1464882993,off
867601021207276,com.sina.weibo,com.sina.weibo.feed.DetailWeiboActivity,1464883015,WIFI,
867601021207276,,,1464883020,on
867601021207276,com.sina.weibo,com.sina.weibo.page.ProfileInfoActivity,1464883047,WIFI,
867601021207276,com.sina.weibo,com.sina.weibo.feed.DetailWeiboActivity,1464883058,WIFI,
867601021207276,com.sina.weibo,com.sina.weibo.page.ProfileInfoActivity,1464883066,WIFI,
867601021207276,com.sina.weibo,com.sina.weibo.page.MyGroupFollowActivity,1464883067,WIFI,
867601021207276,,,1464883072,on
867601021207276,com.sina.weibo,com.sina.weibo.page.ProfileInfoActivity,1464883089,WIFI,
867601021207276,,,1464883094,off
867601021207276,com.sina.weibo,com.sina.weibo.page.MyGroupFollowActivity,1464883133,WIFI,
867601021207276,com.sina.weibo,com.sina.weibo.MainTabActivity,1464883136,WIFI,
867601021207276,com.sina.weibo,com.sina.weibo.weiyou.DMSingleChatActivity,1464883142,WIFI,
867601021207276,com.sina.weibo,com.sina.weibo.browser.InfoPageActivity,1464883149,WIFI,
867601021207276,,,1464883154,off
867601021207276,com.sina.weibo,com.sina.weibo.weiyou.DMSingleChatActivity,1464883242,WIFI,
867601021207276,,,1464883247,on
867601021207276,com.sina.weibo,com.sina.weibo.browser.InfoPageActivity,1464883276,WIFI,
867601021207276,,,1464883281,off
867601021207276,com.sina.weibo,com.sina.weibo.weiyou.DMSingleChatActivity,1464883329,WIFI,
867601021207276,com.sina.weibo,com.sina.weibo.MainTabActivity,1464883340,WIFI,
867601021207276,com.sina.weibo,com.sina.weibo.page.SearchResultActivity,1464883342,WIFI,
867601021207276,com.sina.weibo,com.sina.weibo.page.ProfileInfoActivity,1464883355,WIFI,
867601021207276,,,1464883360,off
867601021207276,com.sina.weibo,com.sina.weibo.feed.DetailWeiboActivity,1464883431,WIFI,
867601021207276,,,1464883436,on
867601021207276,com.sina.weibo,com.sina.weibo.page.ProfileInfoActivity,1464883495,WIFI,
867601021207276,com.sina.weibo,com.sina.weibo.ImageViewer,1464883497,WIFI,
867601021207276,,,1464883502,on
867601021207276,com.sina.weibo,com.sina.weibo.page.SearchResultActivity,1464883520,WIFI,
867601021207276,com.sina.weibo,com.sina.weibo.page.ProfileInfoActivity,1464883526,WIFI,
867601021207276,com.sina.weibo,com.sina.weibo.feed.DetailWeiboActivity,1464883537,WIFI,
867601021207276,,,1464883542,off
867601021207276,com.sina.weibo,com.sina.weibo.page.ProfileInfoActivity,1464883575,WIFI,
867601021207276,com.sina.weibo,com.sina.weibo.page.SearchResultActivity,1464883584,WIFI,
867601021207276,com.sina.weibo,com.sina.weibo.MainTabActivity,1464883589,WIFI,
867601021207276,com.sina.weibo,com.sina.weibo.page.SearchResultActivity,1464883595,WIFI,
867601021207276,,,1464883600,off
867601021207276,com.sina.weibo,com.sina.weibo.MainTabActivity,1464883723,WIFI,
867601021207276,com.huawei.android.launcher,com.huawei.android.launcher.Launcher,1464883724,WIFI,
867601021207276,,,1464883729,off
867601021207276,,,1464884024,,off
867601021207276,,,1464884029,on
867601021207276,,,1464885598,,on
867601021207276,com.tencent.mm,com.tencent.mm.ui.LauncherUI,1464885605,WIFI,
867601021207276,com.tencent.mm,com.tencent.mm.plugin.sns.ui.SnsTimeLineUI,1464885611,WIFI,
867601021207276,,,1464885616,off
867601021207276,com.tencent.mm,com.tencent.mm.ui.LauncherUI,1464885695,WIFI,
867601021207276,com.huawei.android.launcher,com.huawei.android.launcher.Launcher,1464885696,WIFI,
867601021207276,com.android.browser,com.tencent.mtt.MainActivity,1464885697,WIFI,
867601021207276,,,1464885702,on
867601021207276,com.huawei.android.launcher,com.huawei.android.launcher.Launcher,1464886025,WIFI,
867601021207276,com.tencent.mm,com.tencent.mm.ui.LauncherUI,1464886028,WIFI,
867601021207276,com.tencent.mm,com.tencent.mm.plugin.readerapp.ui.ReaderAppUI,1464886033,WIFI,
867601021207276,com.tencent.mm,com.tencent.mm.plugin.webview.ui.tools.WebViewUI,1464886049,WIFI,
867601021207276,,,1464886054,on
867601021207276,com.huawei.android.launcher,com.huawei.android.launcher.Launcher,1464886094,WIFI,
867601021207276,,,1464886099,off
867601021207276,,,1464886394,,off
867601021207276,,,1464886399,on
867601021207276,,,1464904796,,on
867601021207276,,,1464904801,off
867601021207276,,,1464904814,,off
867601021207276,,,1464904819,on
867601021207276,,,1464905938,,on
867601021207276,,,1464905948,,off
867601021207276,,,1464905953,on
867601021207276,,,1464907143,,on
867601021207276,com.sina.weibo,com.sina.weibo.MainTabActivity,1464907154,WIFI,
867601021207276,com.sina.weibo,com.sina.weibo.page.MyGroupFollowActivity,1464907159,WIFI,
867601021207276,com.sina.weibo,com.sina.weibo.page.ProfileInfoActivity,1464907169,WIFI,
867601021207276,com.sina.weibo,com.sina.weibo.page.MyGroupFollowActivity,1464907186,WIFI,
867601021207276,com.sina.weibo,com.sina.weibo.MainTabActivity,1464907188,WIFI,
867601021207276,com.sina.weibo,com.sina.weibo.page.SearchResultActivity,1464907190,WIFI,
867601021207276,,,1464907195,off
867601021207276,,,1464907513,,off
867601021207276,,,1464907518,on
867601021207276,,,1464909894,,on
867601021207276,com.sina.weibo,com.sina.weibo.MainTabActivity,1464909902,Off,
867601021207276,com.sina.weibo,com.sina.weibo.page.MyGroupFollowActivity,1464909908,WIFI,
867601021207276,com.sina.weibo,com.sina.weibo.page.ProfileInfoActivity,1464909917,WIFI,
867601021207276,,,1464909922,on
867601021207276,com.sina.weibo,com.sina.weibo.feed.DetailWeiboActivity,1464909944,WIFI,
867601021207276,,,1464909949,off
867601021207276,com.sina.weibo,com.sina.weibo.page.MyGroupFollowActivity,1464909985,WIFI,
867601021207276,com.sina.weibo,com.sina.weibo.page.ProfileInfoActivity,1464909990,WIFI,
867601021207276,,,1464909995,off
867601021207276,com.huawei.android.launcher,com.huawei.android.launcher.Launcher,1464910014,WIFI,
867601021207276,,,1464910019,on
867601021207276,,,1464910314,,off
867601021207276,,,1464910319,off
867601021207276,,,1464912330,,on
867601021207276,com.huawei.camera,com.huawei.camera,1464912336,Off,
867601021207276,,,1464912341,off
867601021207276,com.huawei.android.launcher,com.huawei.android.launcher.Launcher,1464912358,WIFI,
867601021207276,,,1464912363,on
867601021207276,,,1464912693,,off
867601021207276,,,1464912698,off
867601021207276,,,1464915956,,on
867601021207276,com.huawei.camera,com.huawei.camera,1464915961,Off,
867601021207276,,,1464915966,off
867601021207276,com.huawei.android.launcher,com.huawei.android.launcher.Launcher,1464916005,WIFI,
867601021207276,,,1464916006,,off
867601021207276,,,1464916011,off
867601021207276,,,1464918438,,on
867601021207276,com.android.gallery3d,com.huawei.gallery.app.GalleryActivity,1464918448,Off,
867601021207276,,,1464918453,off
867601021207276,com.huawei.android.launcher,com.huawei.android.launcher.Launcher,1464918479,Off,
867601021207276,,,1464918479,,off
867601021207276,,,1464918484,off
867601021207276,,,1464925939,,on
867601021207276,com.sina.weibo,com.sina.weibo.page.ProfileInfoActivity,1464925948,WIFI,
867601021207276,com.sina.weibo,com.sina.weibo.page.MyGroupFollowActivity,1464925956,WIFI,
867601021207276,com.sina.weibo,com.sina.weibo.page.ProfileInfoActivity,1464925958,WIFI,
867601021207276,,,1464925963,off
867601021207276,com.sina.weibo,com.sina.weibo.page.MyGroupFollowActivity,1464925982,WIFI,
867601021207276,com.sina.weibo,com.sina.weibo.page.ProfileInfoActivity,1464925986,WIFI,
867601021207276,,,1464925991,off
867601021207276,com.sina.weibo,com.sina.weibo.page.MyGroupFollowActivity,1464926015,WIFI,
867601021207276,com.sina.weibo,com.sina.weibo.page.ProfileInfoActivity,1464926031,WIFI,
867601021207276,,,1464926036,off
867601021207276,com.sina.weibo,com.sina.weibo.feed.DetailWeiboActivity,1464926051,WIFI,
867601021207276,,,1464926056,on
867601021207276,com.sina.weibo,com.sina.weibo.page.ProfileInfoActivity,1464926075,WIFI,
867601021207276,com.sina.weibo,com.sina.weibo.page.MyGroupFollowActivity,1464926079,WIFI,
867601021207276,com.sina.weibo,com.sina.weibo.page.ProfileInfoActivity,1464926089,WIFI,
867601021207276,,,1464926094,off
867601021207276,com.sina.weibo,com.sina.weibo.feed.DetailWeiboActivity,1464926194,WIFI,
867601021207276,,,1464926199,on
867601021207276,com.sina.weibo,com.sina.weibo.page.ProfileInfoActivity,1464926341,WIFI,
867601021207276,com.sina.weibo,com.sina.weibo.page.MyGroupFollowActivity,1464926344,WIFI,
867601021207276,com.sina.weibo,com.sina.weibo.MainTabActivity,1464926346,WIFI,
867601021207276,com.sina.weibo,com.sina.weibo.page.SearchResultActivity,1464926347,WIFI,
867601021207276,,,1464926352,on
867601021207276,com.sina.weibo,com.sina.weibo.feed.DetailWeiboActivity,1464926442,WIFI,
867601021207276,com.sina.weibo,com.sina.weibo.page.SearchResultActivity,1464926457,WIFI,
867601021207276,,,1464926462,on
867601021207276,com.sina.weibo,com.sina.weibo.feed.DetailWeiboActivity,1464926721,WIFI,
867601021207276,,,1464926726,off
867601021207276,com.sina.weibo,com.sina.weibo.page.SearchResultActivity,1464926769,WIFI,
867601021207276,com.sina.weibo,com.sina.weibo.ImageViewer,1464926770,WIFI,
867601021207276,,,1464926775,off
867601021207276,com.sina.weibo,com.sina.weibo.page.SearchResultActivity,1464926817,WIFI,
867601021207276,,,1464926822,on
867601021207276,com.sina.weibo,com.sina.weibo.feed.DetailWeiboActivity,1464926872,WIFI,
867601021207276,com.sina.weibo,com.sina.weibo.page.SearchResultActivity,1464926886,WIFI,
867601021207276,,,1464926891,on
867601021207276,com.sina.weibo,com.sina.weibo.feed.DetailWeiboActivity,1464926942,WIFI,
867601021207276,,,1464926947,off
867601021207276,com.sina.weibo,com.sina.weibo.page.SearchResultActivity,1464927027,WIFI,
867601021207276,,,1464927032,on
867601021207276,com.sina.weibo,com.sina.weibo.feed.DetailWeiboActivity,1464927074,WIFI,
867601021207276,com.sina.weibo,com.sina.weibo.page.SearchResultActivity,1464927079,WIFI,
867601021207276,,,1464927084,on
867601021207276,com.huawei.android.launcher,com.huawei.android.launcher.Launcher,1464927098,WIFI,
867601021207276,com.android.contacts,com.android.mms.ui.ConversationList,1464927099,WIFI,
867601021207276,,,1464927104,on
867601021207276,,,1464927399,,off
867601021207276,,,1464927404,off
867601021207276,,,1464928497,,on
867601021207276,,,1464928508,,off
867601021207276,,,1464928513,,on
867601021207276,,,1464928518,on
867601021207276,,,1464928823,,off
867601021207276,,,1464928828,off
867601021207276,,,1464935699,,on
867601021207276,,,1464935704,on
867601021207276,,,1464936074,,off
867601021207276,,,1464936079,off
867601021207276,,,1464936778,,on
867601021207276,,,1464936783,on
867601021207276,,,1464937167,,off
867601021207276,,,1464937172,off
867601021207276,,,1464937414,,on
867601021207276,com.android.contacts,com.android.mms.ui.NotificationList,1464937422,WIFI,
867601021207276,com.huawei.android.launcher,com.huawei.android.launcher.Launcher,1464937424,WIFI,
867601021207276,com.android.contacts,com.android.mms.ui.ConversationList,1464937426,WIFI,
867601021207276,com.android.contacts,com.android.mms.ui.NotificationList,1464937427,WIFI,
867601021207276,com.android.contacts,com.android.mms.ui.ComposeMessageActivity,1464937430,WIFI,
867601021207276,com.huawei.android.launcher,com.huawei.android.launcher.Launcher,1464937432,WIFI,
867601021207276,,,1464937437,on
867601021207276,,,1464938388,,off
867601021207276,,,1464938393,off
867601021207276,,,1464938611,,on
867601021207276,com.tencent.mm,com.tencent.mm.plugin.webview.ui.tools.WebViewUI,1464938624,WIFI,
867601021207276,com.tencent.mm,com.tencent.mm.plugin.readerapp.ui.ReaderAppUI,1464938631,WIFI,
867601021207276,com.tencent.mm,com.tencent.mm.ui.LauncherUI,1464938632,WIFI,
867601021207276,com.tencent.mm,com.tencent.mm.plugin.sns.ui.SnsTimeLineUI,1464938634,WIFI,
867601021207276,,,1464938639,on
867601021207276,com.tencent.mm,com.tencent.mm.plugin.sns.ui.SnsMsgUI,1464938658,WIFI,
867601021207276,com.tencent.mm,com.tencent.mm.plugin.sns.ui.SnsTimeLineUI,1464938660,WIFI,
867601021207276,com.tencent.mm,com.tencent.mm.ui.LauncherUI,1464938661,WIFI,
867601021207276,com.tencent.mm,com.tencent.mm.plugin.profile.ui.ContactInfoUI,1464938667,WIFI,
867601021207276,com.tencent.mm,com.tencent.mm.ui.chatting.ChattingUI,1464938681,WIFI,
867601021207276,com.tencent.mm,com.tencent.mm.plugin.gallery.ui.AlbumPreviewUI,1464938686,WIFI,
867601021207276,com.huawei.camera,com.huawei.camera.ThirdCamera,1464938688,WIFI,
867601021207276,com.tencent.mm,com.tencent.mm.plugin.gallery.ui.ImagePreviewUI,1464938704,WIFI,
867601021207276,com.tencent.mm,com.tencent.mm.ui.chatting.ChattingUI,1464938709,WIFI,
867601021207276,com.tencent.mm,com.tencent.mm.ui.LauncherUI,1464938712,WIFI,
867601021207276,com.huawei.android.launcher,com.huawei.android.launcher.Launcher,1464938714,WIFI,
867601021207276,com.huawei.camera,com.huawei.camera,1464938718,WIFI,
867601021207276,,,1464938723,on
867601021207276,com.huawei.android.launcher,com.huawei.android.launcher.Launcher,1464938739,WIFI,
867601021207276,com.android.gallery3d,com.huawei.gallery.app.GalleryActivity,1464938740,WIFI,
867601021207276,com.tencent.mobileqq,com.tencent.mobileqq.activity.qfileJumpActivity,1464938753,WIFI,
867601021207276,com.tencent.mobileqq,com.dataline.activities.LiteActivity,1464938756,WIFI,
867601021207276,,,1464938761,on
867601021207276,com.huawei.android.launcher,com.huawei.android.launcher.Launcher,1464938844,WIFI,
867601021207276,,,1464938849,off
867601021207276,,,1464939144,,off
867601021207276,,,1464939149,on
867601021207276,,,1464939532,,on
867601021207276,com.sina.weibo,com.sina.weibo.page.SearchResultActivity,1464939540,WIFI,
867601021207276,,,1464939545,on
867601021207276,com.sina.weibo,com.sina.weibo.MainTabActivity,1464939598,WIFI,
867601021207276,com.sina.weibo,com.sina.weibo.page.MyGroupFollowActivity,1464939600,WIFI,
867601021207276,com.sina.weibo,com.sina.weibo.page.ProfileInfoActivity,1464939603,WIFI,
867601021207276,,,1464939608,off
867601021207276,com.sina.weibo,com.sina.weibo.feed.DetailWeiboActivity,1464939628,WIFI,
867601021207276,,,1464939633,on
867601021207276,com.huawei.android.launcher,com.huawei.android.launcher.Launcher,1464939651,WIFI,
867601021207276,com.android.contacts,com.android.mms.ui.ConversationList,1464939654,WIFI,
867601021207276,com.huawei.android.launcher,com.huawei.android.launcher.Launcher,1464939662,WIFI,
867601021207276,,,1464939667,off
867601021207276,,,1464939962,,off
867601021207276,,,1464939967,on
867601021207276,,,1464942288,,on
867601021207276,,,1464942293,off
867601021207276,,,1464942306,,off
867601021207276,,,1464942311,on
867601021207276,,,1464942346,,on
867601021207276,com.sina.weibo,com.sina.weibo.page.ProfileInfoActivity,1464942358,WIFI,
867601021207276,,,1464942363,on
867601021207276,com.sina.weibo,com.sina.weibo.page.MyGroupFollowActivity,1464942385,WIFI,
867601021207276,com.sina.weibo,com.sina.weibo.page.ProfileInfoActivity,1464942396,WIFI,
867601021207276,com.huawei.android.launcher,com.huawei.android.launcher.Launcher,1464942412,Off,
867601021207276,,,1464942415,,off
867601021207276,,,1464942420,on
867601021207276,,,1464943419,,on
867601021207276,,,1464943428,,off
867601021207276,,,1464943433,on
867601021207276,,,1464944956,,on
867601021207276,com.sina.weibo,com.sina.weibo.page.ProfileInfoActivity,1464944965,Off,
867601021207276,com.sina.weibo,com.weibo.mobileads.view.FlashAdActivity,1464944969,WIFI,
867601021207276,com.sina.weibo,com.sina.weibo.page.ProfileInfoActivity,1464944976,WIFI,
867601021207276,,,1464944981,on
867601021207276,com.sina.weibo,com.sina.weibo.ImageViewer,1464945000,WIFI,
867601021207276,,,1464945005,off
867601021207276,com.sina.weibo,com.sina.weibo.page.MyGroupFollowActivity,1464945021,WIFI,
867601021207276,com.sina.weibo,com.sina.weibo.page.ProfileInfoActivity,1464945029,WIFI,
867601021207276,,,1464945034,off
867601021207276,com.sina.weibo,com.sina.weibo.page.MyGroupFollowActivity,1464945071,WIFI,
867601021207276,com.sina.weibo,com.sina.weibo.page.ProfileInfoActivity,1464945083,WIFI,
867601021207276,,,1464945088,off
867601021207276,com.sina.weibo,com.sina.weibo.ImageViewer,1464945101,WIFI,
867601021207276,,,1464945106,on
867601021207276,com.sina.weibo,com.sina.weibo.page.ProfileInfoActivity,1464945123,WIFI,
867601021207276,com.sina.weibo,com.sina.weibo.page.MyGroupFollowActivity,1464945124,WIFI,
867601021207276,com.sina.weibo,com.sina.weibo.page.ProfileInfoActivity,1464945133,WIFI,
867601021207276,,,1464945138,off
867601021207276,com.sina.weibo,com.sina.weibo.page.MyGroupFollowActivity,1464945409,WIFI,
867601021207276,com.sina.weibo,com.sina.weibo.MainTabActivity,1464945418,WIFI,
867601021207276,com.sina.weibo,com.sina.weibo.page.SearchResultActivity,1464945420,WIFI,
867601021207276,com.sina.weibo,com.sina.weibo.page.ProfileInfoActivity,1464945430,WIFI,
867601021207276,,,1464945435,off
867601021207276,com.sina.weibo,com.sina.weibo.ImageViewer,1464945502,WIFI,
867601021207276,com.sina.weibo,com.sina.weibo.page.ProfileInfoActivity,1464945516,WIFI,
867601021207276,,,1464945521,off
867601021207276,com.sina.weibo,com.sina.weibo.page.SearchResultActivity,1464945583,WIFI,
867601021207276,,,1464945588,on
867601021207276,,,1464945882,,off
867601021207276,,,1464945887,off
867601021207276,,,1464945998,,on
867601021207276,com.huawei.android.launcher,com.huawei.android.launcher.Launcher,1464946003,WIFI,
867601021207276,com.huawei.hidisk,com.huawei.hidisk.filemanager.FileManager,1464946015,WIFI,
867601021207276,,,1464946020,on
867601021207276,com.huawei.android.launcher,com.huawei.android.launcher.Launcher,1464946217,WIFI,
867601021207276,com.android.settings,com.android.settings.applications.InstalledAppDetails,1464946220,WIFI,
867601021207276,com.huawei.android.launcher,com.huawei.android.launcher.Launcher,1464946221,WIFI,
867601021207276,com.huawei.hidisk,com.huawei.hidisk.filemanager.FileManager,1464946226,WIFI,
867601021207276,,,1464946231,on
867601021207276,com.huawei.android.launcher,com.huawei.android.launcher.Launcher,1464946265,WIFI,
867601021207276,com.qiyi.video,com.qiyi.video.WelcomeActivity,1464946270,WIFI,
867601021207276,com.qiyi.video,org.qiyi.android.video.MainActivity,1464946271,WIFI,
867601021207276,,,1464946276,off
867601021207276,com.qiyi.video,org.qiyi.android.video.activitys.PhoneMyOrderActivity,1464946315,WIFI,
867601021207276,com.huawei.android.launcher,com.huawei.android.launcher.Launcher,1464946318,WIFI,
867601021207276,,,1464946323,off
867601021207276,com.tencent.mm,com.tencent.mm.ui.LauncherUI,1464946481,WIFI,
867601021207276,,,1464946486,on
867601021207276,com.tencent.mm,com.tencent.mm.plugin.profile.ui.ContactInfoUI,1464946512,WIFI,
867601021207276,com.tencent.mm,com.tencent.mm.ui.chatting.ChattingUI,1464946514,WIFI,
867601021207276,,,1464946519,on
867601021207276,com.tencent.mm,com.tencent.mm.plugin.luckymoney.ui.LuckyMoneyPrepareUI,1464946577,WIFI,
867601021207276,,,1464946582,off
867601021207276,com.tencent.mm,com.tencent.mm.plugin.wallet.pay.ui.WalletPayUI,1464946601,WIFI,
867601021207276,com.tencent.mm,com.tencent.mm.plugin.luckymoney.ui.LuckyMoneyPrepareUI,1464946606,WIFI,
867601021207276,com.tencent.mm,com.tencent.mm.ui.chatting.ChattingUI,1464946607,WIFI,
867601021207276,com.tencent.mm,com.tencent.mm.ui.LauncherUI,1464946620,WIFI,
867601021207276,com.huawei.android.launcher,com.huawei.android.launcher.Launcher,1464946632,WIFI,
