UserID,App,Activity,Time,Network,Screen
867600026645159,com.tencent.android.qqdownloader,com.tencent.pangu.activity.ExternalCallActivity,1465350099,WIFI,
867600026645159,com.tencent.mobileqq,com.tencent.mobileqq.activity.QQBrowserActivity,1465350101,WIFI,
867600026645159,com.huawei.android.launcher,com.huawei.android.launcher.Launcher,1465350103,WIFI,
867600026645159,com.tencent.mobileqq,com.tencent.mobileqq.activity.SplashActivity,1465350105,WIFI,
867600026645159,com.tencent.mobileqq,com.tencent.mobileqq.activity.photo.SendPhotoActivity,1465350119,WIFI,
867600026645159,com.tencent.mobileqq,com.tencent.mobileqq.activity.SplashActivity,1465350120,WIFI,
867600026645159,com.tencent.mobileqq,com.tencent.mobileqq.activity.aio.photo.AIOGalleryActivity,1465350125,WIFI,
867600026645159,com.tencent.mobileqq,com.tencent.mobileqq.activity.SplashActivity,1465350129,WIFI,
867600026645159,,,1465350134,off
867600026645159,com.tencent.mobileqq,com.tencent.mobileqq.activity.QQBrowserActivity,1465350320,WIFI,
867600026645159,,,1465350325,on
867600026645159,com.huawei.lcagent,com.huawei.lcagent.service.WifiPromptActivity,1465350385,WIFI,
867600026645159,com.tencent.mobileqq,com.tencent.mobileqq.activity.QQBrowserActivity,1465350391,WIFI,
867600026645159,,,1465350396,on
867600026645159,com.tencent.mobileqq,com.tencent.mobileqq.activity.SplashActivity,1465350630,WIFI,
867600026645159,,,1465350635,off
867600026645159,com.tencent.mobileqq,com.tencent.mobileqq.activity.aio.photo.AIOGalleryActivity,1465350745,WIFI,
867600026645159,com.tencent.mobileqq,com.tencent.mobileqq.activity.SplashActivity,1465350749,WIFI,
867600026645159,com.tencent.mobileqq,com.tencent.mobileqq.activity.aio.photo.AIOGalleryActivity,1465350756,WIFI,
867600026645159,com.tencent.mobileqq,com.tencent.mobileqq.activity.SplashActivity,1465350764,WIFI,
867600026645159,com.huawei.android.launcher,com.huawei.android.launcher.Launcher,1465350781,WIFI,
867600026645159,,,1465350786,on
867600026645159,com.tencent.android.qqdownloader,com.tencent.assistantv2.activity.MainActivity,1465350854,WIFI,
867600026645159,com.tencent.android.qqdownloader,com.tencent.pangu.activity.OperationDialogActivity,1465350857,WIFI,
867600026645159,com.tencent.android.qqdownloader,com.tencent.assistantv2.activity.MainActivity,1465350862,WIFI,
867600026645159,com.tencent.android.qqdownloader,com.tencent.nucleus.search.SearchActivity,1465350870,WIFI,
867600026645159,,,1465350875,on
867600026645159,com.tencent.android.qqdownloader,com.tencent.assistantv2.activity.MainActivity,1465350907,WIFI,
867600026645159,com.huawei.android.launcher,com.huawei.android.launcher.Launcher,1465350908,WIFI,
867600026645159,com.nd.android.pandareader,com.baidu.shucheng.ui.main.MainActivity,1465350912,WIFI,
867600026645159,,,1465350917,off
867600026645159,com.nd.android.pandareader,com.baidu.shucheng.ui.common.CommWebViewActivity,1465350933,WIFI,
867600026645159,,,1465350938,on
867600026645159,com.nd.android.pandareader,com.baidu.shucheng.ui.main.MainActivity,1465350960,WIFI,
867600026645159,com.huawei.android.launcher,com.huawei.android.launcher.Launcher,1465350964,WIFI,
867600026645159,com.taobao.taobao,com.taobao.msgnotification.activity.NotifyJumpActivity,1465350973,WIFI,
867600026645159,com.taobao.taobao,com.taobao.tao.msgcenter.activity.NotifyJumpActivity,1465350975,WIFI,
867600026645159,com.taobao.taobao,com.taobao.tao.msgcenter.activity.OfficialMsgListActivity,1465350978,WIFI,
867600026645159,com.taobao.taobao,com.taobao.tao.homepage.MainActivity3,1465350990,WIFI,
867600026645159,com.huawei.android.launcher,com.huawei.android.launcher.Launcher,1465350997,WIFI,
867600026645159,com.baidu.appsearch,com.baidu.appsearch.contextexposure.ArticleDetailsActivity,1465351004,WIFI,
867600026645159,com.baidu.appsearch,com.baidu.appsearch.ViewPagerTabActivity,1465351011,WIFI,
867600026645159,com.baidu.appsearch,com.baidu.appsearch.MainTabActivity,1465351014,WIFI,
867600026645159,com.huawei.android.launcher,com.huawei.android.launcher.Launcher,1465351017,WIFI,
867600026645159,com.taobao.taobao,com.taobao.tao.msgcenter.activity.OfficialMsgListActivity,1465351021,WIFI,
867600026645159,com.huawei.android.launcher,com.huawei.android.launcher.Launcher,1465351024,WIFI,
867600026645159,com.taobao.taobao,com.taobao.tao.msgcenter.activity.OfficialMsgListActivity,1465351028,WIFI,
867600026645159,com.taobao.taobao,com.taobao.tao.homepage.MainActivity3,1465351035,WIFI,
867600026645159,com.taobao.taobao,com.taobao.tao.mytaobao.MyTaoBaoActivity,1465351037,WIFI,
867600026645159,com.taobao.taobao,com.taobao.order.list.OrderListActivity,1465351042,WIFI,
867600026645159,com.taobao.taobao,com.taobao.cainiao.logistic.LogisticDetailActivity,1465351047,WIFI,
867600026645159,com.taobao.taobao,com.taobao.order.list.OrderListActivity,1465351052,WIFI,
867600026645159,com.taobao.taobao,com.taobao.cainiao.logistic.LogisticDetailActivity,1465351056,WIFI,
867600026645159,com.taobao.taobao,com.taobao.order.list.OrderListActivity,1465351058,WIFI,
867600026645159,com.taobao.taobao,com.taobao.cainiao.logistic.LogisticDetailActivity,1465351060,WIFI,
867600026645159,com.taobao.taobao,com.taobao.order.list.OrderListActivity,1465351067,WIFI,
867600026645159,com.huawei.android.launcher,com.huawei.android.launcher.Launcher,1465351071,WIFI,
867600026645159,com.taobao.taobao,com.taobao.browser.BrowserActivity,1465351075,WIFI,
867600026645159,,,1465351080,off
867600026645159,com.taobao.taobao,com.taobao.tao.detail.activity.DetailActivity,1465351104,WIFI,
867600026645159,,,1465351109,on
867600026645159,com.taobao.taobao,com.taobao.browser.BrowserActivity,1465351150,WIFI,
867600026645159,com.taobao.taobao,com.taobao.tao.detail.activity.DetailActivity,1465351152,WIFI,
867600026645159,,,1465351157,on
867600026645159,com.taobao.taobao,com.taobao.browser.BrowserActivity,1465351182,WIFI,
867600026645159,com.taobao.taobao,com.taobao.tao.homepage.MainActivity3,1465351190,WIFI,
867600026645159,com.taobao.taobao,com.taobao.tao.mytaobao.MyTaoBaoActivity,1465351193,WIFI,
867600026645159,com.taobao.taobao,com.taobao.order.list.OrderListActivity,1465351195,WIFI,
867600026645159,com.taobao.taobao,com.taobao.tao.mytaobao.MyTaoBaoActivity,1465351208,WIFI,
867600026645159,com.taobao.taobao,com.taobao.tao.homepage.MainActivity3,1465351210,WIFI,
867600026645159,com.taobao.taobao,com.taobao.headline.HeadlineMainActivity,1465351213,WIFI,
867600026645159,com.taobao.taobao,com.taobao.headline.HeadlineDetailActivity,1465351217,WIFI,
867600026645159,,,1465351222,on
867600026645159,com.taobao.taobao,com.taobao.headline.HeadlineMainActivity,1465351275,WIFI,
867600026645159,,,1465351280,off
867600026645159,com.taobao.taobao,com.taobao.browser.BrowserActivity,1465351315,WIFI,
867600026645159,com.taobao.taobao,com.taobao.headline.HeadlineDetailActivity,1465351327,WIFI,
867600026645159,,,1465351332,off
867600026645159,com.android.incallui,com.android.incallui.MSimInCallActivity,1465351355,WIFI,
867600026645159,,,1465351364,,off
867600026645159,,,1465351369,off
867600026645159,,,1465351386,,on
867600026645159,com.taobao.taobao,com.taobao.headline.HeadlineDetailActivity,1465351388,WIFI,
867600026645159,,,1465351393,off
867600026645159,com.android.incallui,com.android.incallui.MSimInCallActivity,1465351440,WIFI,
867600026645159,,,1465351446,,off
867600026645159,,,1465351455,,on
867600026645159,com.taobao.taobao,com.taobao.headline.HeadlineDetailActivity,1465351455,WIFI,
867600026645159,com.huawei.android.launcher,com.huawei.android.launcher.Launcher,1465351457,WIFI,
867600026645159,,,1465351458,,off
867600026645159,,,1465351463,off
867600026645159,,,1465352262,,on
867600026645159,com.tencent.mm,com.tencent.mm.ui.LauncherUI,1465352263,WIFI,
867600026645159,com.tencent.mm,com.tencent.mm.plugin.readerapp.ui.ReaderAppUI,1465352269,WIFI,
867600026645159,com.tencent.mm,com.tencent.mm.ui.LauncherUI,1465352282,WIFI,
867600026645159,com.tencent.mm,com.tencent.mm.plugin.sns.ui.SnsTimeLineUI,1465352284,WIFI,
867600026645159,,,1465352289,on
867600026645159,com.tencent.mm,com.tencent.mm.plugin.sns.ui.SnsBrowseUI,1465352302,WIFI,
867600026645159,com.tencent.mm,com.tencent.mm.plugin.sns.ui.SnsTimeLineUI,1465352315,WIFI,
867600026645159,,,1465352320,on
867600026645159,com.tencent.mm,com.tencent.mm.ui.LauncherUI,1465352334,WIFI,
867600026645159,com.tencent.mm,com.tencent.mm.ui.conversation.BizConversationUI,1465352336,WIFI,
867600026645159,com.tencent.mm,com.tencent.mm.ui.LauncherUI,1465352339,WIFI,
867600026645159,,,1465352344,off
867600026645159,com.huawei.android.launcher,com.huawei.android.launcher.Launcher,1465352362,WIFI,
867600026645159,com.tencent.mobileqq,com.tencent.mobileqq.activity.SplashActivity,1465352377,WIFI,
867600026645159,,,1465352382,off
867600026645159,com.huawei.android.launcher,com.huawei.android.launcher.Launcher,1465352499,WIFI,
867600026645159,,,1465352504,on
867600026645159,,,1465352619,,off
867600026645159,,,1465352624,off
867600026645159,,,1465352927,,on
867600026645159,,,1465352932,on
867600026645159,,,1465353046,,off
867600026645159,,,1465353052,,on
867600026645159,com.tencent.mobileqq,com.tencent.mobileqq.activity.SplashActivity,1465353053,WIFI,
867600026645159,,,1465353058,off
867600026645159,,,1465353182,,off
867600026645159,,,1465353187,on
867600026645159,,,1465353265,,on
867600026645159,com.tencent.mobileqq,com.tencent.mobileqq.activity.QQBrowserActivity,1465353270,cellular,
867600026645159,,,1465353275,on
867600026645159,com.tencent.mobileqq,com.tencent.mobileqq.activity.SplashActivity,1465353370,cellular,
867600026645159,,,1465353375,off
867600026645159,com.tencent.mobileqq,com.tencent.mobileqq.activity.ChatActivity,1465353420,cellular,
867600026645159,com.tencent.mobileqq,com.tencent.mobileqq.activity.SplashActivity,1465353430,cellular,
867600026645159,,,1465353435,off
867600026645159,com.huawei.android.launcher,com.huawei.android.launcher.Launcher,1465353912,cellular,
867600026645159,bubei.tingshu,bubei.tingshu.ui.LOGOActivity,1465353918,cellular,
867600026645159,,,1465353919,,off
867600026645159,,,1465353924,on
867600026645159,,,1465356446,,on
867600026645159,bubei.tingshu,bubei.tingshu.ui.Home,1465356446,cellular,
867600026645159,bubei.tingshu,bubei.tingshu.ui.BookDetailTabActivity,1465356454,WIFI,
867600026645159,,,1465356459,off
867600026645159,,,1465356660,,off
867600026645159,,,1465356665,on
867600026645159,,,1465356710,,on
867600026645159,bubei.tingshu,bubei.tingshu.ui.Home,1465356713,WIFI,
867600026645159,com.huawei.android.launcher,com.huawei.android.launcher.Launcher,1465356715,WIFI,
867600026645159,bubei.tingshu,bubei.tingshu.ui.Home,1465356726,WIFI,
867600026645159,com.huawei.android.launcher,com.huawei.android.launcher.Launcher,1465356730,WIFI,
867600026645159,bubei.tingshu,bubei.tingshu.ui.MyDownloadActivity,1465356733,WIFI,
867600026645159,com.huawei.android.launcher,com.huawei.android.launcher.Launcher,1465356735,WIFI,
867600026645159,com.eg.android.AlipayGphone,com.alipay.mobile.quinox.LauncherActivity.alias,1465356739,WIFI,
867600026645159,com.eg.android.AlipayGphone,com.eg.android.AlipayGphone.AlipayLogin,1465356740,WIFI,
867600026645159,com.eg.android.AlipayGphone,com.alipay.mobile.nebulacore.ui.H5Activity,1465356742,WIFI,
867600026645159,com.huawei.android.launcher,com.huawei.android.launcher.Launcher,1465356754,WIFI,
867600026645159,com.baidu.searchbox_huawei,com.baidu.searchbox.MainActivity,1465356758,WIFI,
867600026645159,com.huawei.android.launcher,com.huawei.android.launcher.Launcher,1465356771,WIFI,
867600026645159,com.baidu.appsearch,com.baidu.appsearch.MyAppActivity,1465356776,WIFI,
867600026645159,com.baidu.appsearch,com.baidu.appsearch.MainTabActivity,1465356780,WIFI,
867600026645159,com.huawei.android.launcher,com.huawei.android.launcher.Launcher,1465356782,WIFI,
867600026645159,com.huawei.systemmanager,com.huawei.netassistant.ui.NetAssistantMainActivity,1465356787,WIFI,
867600026645159,com.huawei.android.launcher,com.huawei.android.launcher.Launcher,1465356790,WIFI,
867600026645159,com.android.gallery3d,com.huawei.gallery.app.ViewAndEditorActivity,1465356795,WIFI,
867600026645159,com.huawei.android.launcher,com.huawei.android.launcher.Launcher,1465356800,WIFI,
867600026645159,com.tencent.mobileqq,com.tencent.mobileqq.activity.SplashActivity,1465356802,WIFI,
867600026645159,,,1465356807,off
867600026645159,com.huawei.android.launcher,com.huawei.android.launcher.Launcher,1465356972,WIFI,
867600026645159,com.tencent.mobileqq,com.tencent.mobileqq.activity.SplashActivity,1465356974,WIFI,
867600026645159,com.huawei.android.launcher,com.huawei.android.launcher.Launcher,1465356977,WIFI,
867600026645159,,,1465356978,,off
867600026645159,,,1465356983,off
867600026645159,,,1465357698,,on
867600026645159,com.tencent.mobileqq,com.tencent.mobileqq.activity.SplashActivity,1465357699,WIFI,
867600026645159,,,1465357704,off
867600026645159,,,1465357959,,off
867600026645159,,,1465357964,on
867600026645159,,,1465358064,,on
867600026645159,,,1465358069,off
867600026645159,com.huawei.android.launcher,com.huawei.android.launcher.Launcher,1465358107,WIFI,
867600026645159,com.tencent.mobileqq,com.tencent.mobileqq.activity.SplashActivity,1465358108,WIFI,
867600026645159,,,1465358113,off
867600026645159,,,1465358228,,off
