UserID,App,Activity,Time,Network,Screen
99000646320818,com.tencent.mm,com.tencent.mm,1464829697,cellular,
99000646320818,com.android.launcher3,com.android.launcher3,1464829703,cellular,
99000646320818,,,1464829708,off
99000646320818,,,1464829787,,off
99000646320818,,,1464829792,on
99000646320818,,,1464829831,,on
99000646320818,com.android.dialer,com.android.dialer,1464829831,cellular,
99000646320818,,,1464829836,on
99000646320818,com.android.launcher3,com.android.launcher3,1464829864,cellular,
99000646320818,,,1464829873,,off
99000646320818,,,1464829878,on
99000646320818,,,1464830046,,on
99000646320818,com.tencent.mm,com.tencent.mm,1464830056,cellular,
99000646320818,,,1464830061,on
99000646320818,com.android.launcher3,com.android.launcher3,1464830119,cellular,
99000646320818,com.acbull.activitymonitor,com.acbull.activitymonitor,1464830120,cellular,
99000646320818,com.android.launcher3,com.android.launcher3,1464830121,cellular,
99000646320818,com.acbull.activitymonitor,com.acbull.activitymonitor,1464830122,cellular,
99000646320818,com.android.launcher3,com.android.launcher3,1464830123,cellular,
99000646320818,,,1464830128,off
99000646320818,,,1464830185,,off
99000646320818,,,1464830190,on
99000646320818,com.android.launcher3,com.android.launcher3,1464843699,cellular,
99000646320818,com.acbull.activitymonitor,com.acbull.activitymonitor,1464843701,cellular,
99000646320818,com.android.launcher3,com.android.launcher3,1464843703,cellular,
99000646320818,,,1464843710,,off
99000646320818,,,1464843715,on
99000646320818,,,1464843889,,on
99000646320818,com.android.dialer,com.android.dialer,1464843889,cellular,
99000646320818,,,1464843894,on
99000646320818,com.android.launcher3,com.android.launcher3,1464843921,cellular,
99000646320818,,,1464843930,,off
99000646320818,,,1464843935,on
99000646320818,,,1464843986,,on
99000646320818,,,1464843995,,off
99000646320818,,,1464844000,on
99000646320818,com.android.launcher3,com.android.launcher3,1464848965,cellular,
99000646320818,com.tencent.mm,com.tencent.mm,1464848968,cellular,
99000646320818,com.android.launcher3,com.android.launcher3,1464848969,cellular,
99000646320818,com.tencent.mobileqq,com.tencent.mobileqq,1464848970,cellular,
99000646320818,com.android.launcher3,com.android.launcher3,1464848973,cellular,
99000646320818,com.ophone.reader.ui,com.ophone.reader.ui,1464848977,cellular,
99000646320818,,,1464848990,,off
99000646320818,,,1464848995,off
99000646320818,com.android.launcher3,com.android.launcher3,1464852651,cellular,
99000646320818,,,1464852656,,off
99000646320818,,,1464852661,off
99000646320818,com.android.launcher3,com.android.launcher3,1464864803,cellular,
99000646320818,,,1464864807,,off
99000646320818,,,1464864812,off
99000646320818,,,1464864955,,on
99000646320818,com.tencent.mm,com.tencent.mm,1464864963,cellular,
99000646320818,,,1464864968,off
99000646320818,,,1464865030,,off
99000646320818,,,1464865035,on
99000646320818,com.android.launcher3,com.android.launcher3,1464874263,WIFI,
99000646320818,,,1464874268,off
99000646320818,com.android.alarmclock,com.android.alarmclock,1464874287,Off,
99000646320818,,,1464874290,,off
99000646320818,,,1464874295,off
99000646320818,com.android.launcher3,com.android.launcher3,1464913912,WIFI,
99000646320818,,,1464913917,on
99000646320818,com.android.launcher3,com.android.launcher3,1465164027,Off,
99000646320818,com.ophone.reader.ui,com.ophone.reader.ui,1465164028,Off,
99000646320818,,,1465164033,on
99000646320818,,,1465165851,,off
99000646320818,,,1465165856,off
99000646320818,,,1465165930,,on
99000646320818,,,1465165935,on
99000646320818,,,1465168193,,off
99000646320818,,,1465168201,,on
99000646320818,,,1465168206,on
99000646320818,com.android.launcher3,com.android.launcher3,1465168364,Off,
99000646320818,,,1465168368,,off
99000646320818,,,1465168370,,on
99000646320818,,,1465168385,,off
99000646320818,,,1465168390,on
99000646320818,,,1465168433,,on
99000646320818,com.ophone.reader.ui,com.ophone.reader.ui,1465168438,Off,
99000646320818,,,1465168443,on
99000646320818,,,1465168665,,off
99000646320818,,,1465168670,off
99000646320818,com.android.launcher3,com.android.launcher3,1465175051,WIFI,
99000646320818,,,1465175056,on
99000646320818,,,1465175112,,off
99000646320818,,,1465175117,off
99000646320818,,,1465175204,,on
99000646320818,com.tencent.mm,com.tencent.mm,1465175208,WIFI,
99000646320818,com.ophone.reader.ui,com.ophone.reader.ui,1465175210,WIFI,
99000646320818,com.tencent.mm,com.tencent.mm,1465175216,WIFI,
99000646320818,com.ophone.reader.ui,com.ophone.reader.ui,1465175227,WIFI,
99000646320818,,,1465175232,on
99000646320818,,,1465175289,,off
99000646320818,,,1465175294,off
99000646320818,com.android.launcher3,com.android.launcher3,1465363743,WIFI,
99000646320818,,,1465363748,on
99000646320818,com.tencent.mm,com.tencent.mm,1465363764,WIFI,
99000646320818,com.android.launcher3,com.android.launcher3,1465363766,WIFI,
99000646320818,com.tencent.mm,com.tencent.mm,1465363771,WIFI,
99000646320818,com.android.launcher3,com.android.launcher3,1465363774,WIFI,
99000646320818,,,1465363779,on
99000646320818,,,1465363834,,off
99000646320818,,,1465363840,,on
99000646320818,com.android.mms,com.android.mms,1465363843,WIFI,
99000646320818,,,1465363848,off
99000646320818,com.android.launcher3,com.android.launcher3,1465363881,WIFI,
99000646320818,com.tencent.mm,com.tencent.mm,1465363883,WIFI,
99000646320818,com.tencent.mobileqq,com.tencent.mobileqq,1465363885,WIFI,
99000646320818,,,1465363890,on
99000646320818,com.android.launcher3,com.android.launcher3,1466515259,WIFI,
99000646320818,com.ophone.reader.ui,com.ophone.reader.ui,1466515262,WIFI,
99000646320818,com.android.launcher3,com.android.launcher3,1466515267,WIFI,
99000646320818,,,1466515272,off
99000646320818,com.android.launcher3,com.android.launcher3,1466772655,WIFI,
99000646320818,com.acbull.activitymonitor,com.acbull.activitymonitor,1466772658,WIFI,
99000646320818,com.android.launcher3,com.android.launcher3,1466772660,WIFI,
99000646320818,com.tencent.mm,com.tencent.mm,1466772666,WIFI,
99000646320818,com.android.launcher3,com.android.launcher3,1466772670,WIFI,
99000646320818,com.android.dialer,com.android.dialer,1466772674,WIFI,
99000646320818,,,1466772679,off
99000646320818,com.android.mms,com.android.mms,1466772763,WIFI,
99000646320818,,,1466772768,on
99000646320818,com.android.dialer,com.android.dialer,1466772864,WIFI,
99000646320818,com.tencent.mm,com.tencent.mm,1466772866,WIFI,
99000646320818,,,1466772871,on
99000646320818,com.android.mms,com.android.mms,1466772935,WIFI,
99000646320818,,,1466772940,off
99000646320818,com.tencent.mm,com.tencent.mm,1466772963,WIFI,
99000646320818,,,1466772968,on
99000646320818,,,1466773822,,off
99000646320818,,,1466773827,off
99000646320818,,,1466773878,,on
99000646320818,,,1466773883,on
99000646320818,com.android.launcher3,com.android.launcher3,1466774067,WIFI,
99000646320818,com.meizu.mstore,com.meizu.mstore,1466774071,WIFI,
99000646320818,,,1466774076,on
99000646320818,com.duowan.mobile,com.duowan.mobile,1466774124,WIFI,
99000646320818,,,1466774129,off
99000646320818,com.meizu.mstore,com.meizu.mstore,1466774267,WIFI,
99000646320818,com.duowan.mobile,com.duowan.mobile,1466774270,WIFI,
