UserID,App,Activity,Time,Network,Screen
99000520369124,com.android.providers.downloads.ui,com.android.providers.downloads.ui.DownloadList,1464750407,cellular,
99000520369124,com.miui.home,com.miui.home.launcher.Launcher,1464750409,cellular,
99000520369124,,,1464750414,off
99000520369124,com.miui.home,com.miui.home.launcher.Launcher,1464775333,WIFI,
99000520369124,,,1464775340,,off
99000520369124,,,1464775345,off
99000520369124,,,1464775374,,on
99000520369124,com.android.browser,com.android.browser.BrowserActivity,1464775376,WIFI,
99000520369124,,,1464775381,off
99000520369124,com.android.incallui,com.android.incallui.InCallActivity,1464775723,WIFI,
99000520369124,,,1464775728,on
99000520369124,com.android.browser,com.android.browser.BrowserActivity,1464775796,WIFI,
99000520369124,,,1464775801,off
99000520369124,com.miui.home,com.miui.home.launcher.Launcher,1464775988,WIFI,
99000520369124,com.android.contacts,com.android.contacts.activities.TwelveKeyDialer,1464775989,WIFI,
99000520369124,com.android.incallui,com.android.incallui.InCallActivity,1464775993,WIFI,
99000520369124,,,1464775998,on
99000520369124,com.miui.home,com.miui.home.launcher.Launcher,1464776089,WIFI,
99000520369124,com.android.contacts,com.android.contacts.activities.TwelveKeyDialer,1464776091,WIFI,
99000520369124,com.android.contacts,com.android.contacts.activities.ContactDetailActivity,1464776098,WIFI,
99000520369124,com.android.incallui,com.android.incallui.InCallActivity,1464776099,WIFI,
99000520369124,,,1464776104,on
99000520369124,com.android.contacts,com.android.contacts.activities.ContactDetailActivity,1464776142,WIFI,
99000520369124,com.miui.home,com.miui.home.launcher.Launcher,1464776143,WIFI,
99000520369124,com.tencent.mm,com.tencent.mm.ui.LauncherUI,1464776145,WIFI,
99000520369124,com.tencent.mm,com.tencent.mm.ui.conversation.BizConversationUI,1464776159,WIFI,
99000520369124,com.tencent.mm,com.tencent.mm.ui.LauncherUI,1464776162,WIFI,
99000520369124,com.tencent.mm,com.tencent.mm.plugin.sns.ui.SnsTimeLineUI,1464776163,WIFI,
99000520369124,,,1464776168,on
99000520369124,com.miui.home,com.miui.home.launcher.Launcher,1464776183,WIFI,
99000520369124,,,1464776189,,off
99000520369124,,,1464776192,,on
99000520369124,com.tencent.mm,com.tencent.mm.ui.LauncherUI,1464776195,WIFI,
99000520369124,com.tencent.mm,com.tencent.mm.ui.chatting.gallery.ImageGalleryUI,1464776202,WIFI,
99000520369124,,,1464776207,off
99000520369124,com.tencent.mm,com.tencent.mm.ui.LauncherUI,1464776221,WIFI,
99000520369124,com.tencent.mm,com.tencent.mm.ui.chatting.gallery.ImageGalleryUI,1464776222,WIFI,
99000520369124,com.tencent.mm,com.tencent.mm.ui.LauncherUI,1464776239,WIFI,
99000520369124,com.miui.home,com.miui.home.launcher.Launcher,1464776240,WIFI,
99000520369124,,,1464776245,off
99000520369124,,,1464776275,,off
99000520369124,,,1464776280,on
99000520369124,,,1464777169,,on
99000520369124,com.tencent.mm,com.tencent.mm.ui.LauncherUI,1464777172,WIFI,
99000520369124,com.tencent.mm,com.tencent.mm.ui.conversation.BizConversationUI,1464777177,WIFI,
99000520369124,com.tencent.mm,com.tencent.mm.plugin.webview.ui.tools.WebViewUI,1464777189,WIFI,
99000520369124,,,1464777194,on
99000520369124,com.tencent.mm,com.tencent.mm.ui.conversation.BizConversationUI,1464777373,WIFI,
99000520369124,,,1464777378,off
99000520369124,com.tencent.mm,com.tencent.mm.plugin.webview.ui.tools.WebViewUI,1464777399,WIFI,
99000520369124,,,1464777404,on
99000520369124,com.tencent.mm,com.tencent.mm.ui.conversation.BizConversationUI,1464777632,WIFI,
99000520369124,com.tencent.mm,com.tencent.mm.ui.LauncherUI,1464777635,WIFI,
99000520369124,,,1464777649,,off
99000520369124,,,1464777654,off
99000520369124,,,1464777783,,on
99000520369124,,,1464777793,,off
99000520369124,,,1464777798,off
99000520369124,,,1464779995,,on
99000520369124,,,1464780005,,off
99000520369124,,,1464780014,,on
99000520369124,,,1464780024,,off
99000520369124,,,1464780029,off
99000520369124,,,1464780073,,on
99000520369124,com.tencent.mm,com.tencent.mm.ui.chatting.gallery.ImageGalleryUI,1464780078,WIFI,
99000520369124,com.tencent.mm,com.tencent.mm.ui.LauncherUI,1464780088,WIFI,
99000520369124,,,1464780093,on
99000520369124,com.tencent.mm,com.tencent.mm.ui.chatting.gallery.ImageGalleryUI,1464780120,WIFI,
99000520369124,com.tencent.mm,com.tencent.mm.ui.LauncherUI,1464780122,WIFI,
99000520369124,com.tencent.mm,com.tencent.mm.ui.chatting.gallery.ImageGalleryUI,1464780128,WIFI,
99000520369124,,,1464780133,off
99000520369124,com.tencent.mm,com.tencent.mm.ui.LauncherUI,1464780147,WIFI,
99000520369124,,,1464780152,on
99000520369124,com.tencent.mm,com.tencent.mm.plugin.sns.ui.SnsTimeLineUI,1464780194,WIFI,
99000520369124,com.tencent.mm,com.tencent.mm.plugin.sns.ui.SnsMsgUI,1464780195,WIFI,
99000520369124,com.tencent.mm,com.tencent.mm.plugin.sns.ui.SnsTimeLineUI,1464780197,WIFI,
99000520369124,com.tencent.mm,com.tencent.mm.plugin.sns.ui.SnsBrowseUI,1464780212,WIFI,
99000520369124,com.tencent.mm,com.tencent.mm.plugin.sns.ui.SnsTimeLineUI,1464780217,WIFI,
99000520369124,,,1464780222,off
99000520369124,com.tencent.mm,com.tencent.mm.ui.LauncherUI,1464780238,WIFI,
99000520369124,,,1464780243,on
99000520369124,com.tencent.mm,com.tencent.mm.plugin.sns.ui.SnsTimeLineUI,1464780291,WIFI,
99000520369124,com.tencent.mm,com.tencent.mm.plugin.sns.ui.SnsMsgUI,1464780293,WIFI,
99000520369124,com.tencent.mm,com.tencent.mm.plugin.sns.ui.SnsTimeLineUI,1464780295,WIFI,
99000520369124,com.tencent.mm,com.tencent.mm.ui.LauncherUI,1464780308,WIFI,
99000520369124,com.tencent.mm,com.tencent.mm.plugin.profile.ui.ContactInfoUI,1464780319,WIFI,
99000520369124,com.tencent.mm,com.tencent.mm.ui.chatting.ChattingUI,1464780323,WIFI,
99000520369124,com.tencent.mm,com.tencent.mm.plugin.luckymoney.ui.LuckyMoneyPrepareUI,1464780327,WIFI,
99000520369124,com.tencent.mm,com.tencent.mm.plugin.wallet.pay.ui.WalletPayUI,1464780344,WIFI,
99000520369124,com.tencent.mm,com.tencent.mm.ui.chatting.ChattingUI,1464780349,WIFI,
99000520369124,,,1464780354,off
99000520369124,com.tencent.mm,com.tencent.mm.plugin.luckymoney.ui.LuckyMoneyReceiveUI,1464780414,WIFI,
99000520369124,com.tencent.mm,com.tencent.mm.plugin.luckymoney.ui.LuckyMoneyDetailUI,1464780415,WIFI,
99000520369124,,,1464780420,off
99000520369124,com.tencent.mm,com.tencent.mm.ui.chatting.ChattingUI,1464780436,WIFI,
99000520369124,com.tencent.mm,com.tencent.mm.plugin.luckymoney.ui.LuckyMoneyReceiveUI,1464780449,WIFI,
99000520369124,com.tencent.mm,com.tencent.mm.plugin.luckymoney.ui.LuckyMoneyDetailUI,1464780450,WIFI,
99000520369124,com.tencent.mm,com.tencent.mm.ui.chatting.ChattingUI,1464780456,WIFI,
99000520369124,com.tencent.mm,com.tencent.mm.plugin.luckymoney.ui.LuckyMoneyDetailUI,1464780457,WIFI,
99000520369124,com.tencent.mm,com.tencent.mm.ui.chatting.ChattingUI,1464780459,WIFI,
99000520369124,com.tencent.mm,com.tencent.mm.ui.LauncherUI,1464780460,WIFI,
99000520369124,,,1464780465,on
99000520369124,com.tencent.mm,com.tencent.mm.ui.chatting.gallery.ImageGalleryUI,1464780487,WIFI,
99000520369124,com.tencent.mm,com.tencent.mm.ui.LauncherUI,1464780490,WIFI,
99000520369124,,,1464780493,,off
99000520369124,,,1464780502,,on
99000520369124,,,1464780515,,off
99000520369124,,,1464780520,off
99000520369124,,,1464780868,,on
99000520369124,com.android.mms,com.android.mms.ui.B2cMessageConversationActivity,1464780870,WIFI,
99000520369124,com.tencent.mm,com.tencent.mm.ui.LauncherUI,1464780872,WIFI,
99000520369124,com.tencent.mm,com.tencent.mm.plugin.sns.ui.SnsTimeLineUI,1464780876,WIFI,
99000520369124,com.tencent.mm,com.tencent.mm.plugin.sns.ui.SnsMsgUI,1464780877,WIFI,
99000520369124,com.tencent.mm,com.tencent.mm.plugin.sns.ui.SnsTimeLineUI,1464780879,WIFI,
99000520369124,com.tencent.mm,com.tencent.mm.ui.LauncherUI,1464780882,WIFI,
99000520369124,com.tencent.mm,com.tencent.mm.plugin.readerapp.ui.ReaderAppUI,1464780883,WIFI,
99000520369124,com.tencent.mm,com.tencent.mm.plugin.webview.ui.tools.WebViewUI,1464780892,WIFI,
99000520369124,com.miui.home,com.miui.home.launcher.Launcher,1464780898,WIFI,
99000520369124,com.tencent.mm,com.tencent.mm.plugin.webview.ui.tools.WebViewUI,1464780899,WIFI,
99000520369124,com.tencent.news,com.tencent.news.ui.NewsJumpActivity,1464780901,WIFI,
99000520369124,com.tencent.news,com.tencent.news.ui.NewsDetailActivity,1464780902,WIFI,
99000520369124,,,1464780907,on
99000520369124,,,1464780955,,off
99000520369124,,,1464780960,off
99000520369124,,,1464780983,,on
99000520369124,,,1464780988,on
99000520369124,com.miui.video,com.video.ui.ChannelActivity,1464781001,WIFI,
99000520369124,com.miui.video,com.miui.video.HomeActivity,1464781006,WIFI,
99000520369124,com.tencent.news,com.tencent.news.ui.NewsDetailActivity,1464781009,WIFI,
99000520369124,,,1464781014,off
99000520369124,com.tencent.news,com.tencent.news.ui.MainActivity2,1464781095,WIFI,
99000520369124,com.tencent.mm,com.tencent.mm.plugin.webview.ui.tools.WebViewUI,1464781104,WIFI,
99000520369124,com.tencent.news,com.tencent.news.ui.NewsJumpActivity,1464781107,WIFI,
99000520369124,com.tencent.news,com.tencent.news.ui.NewsDetailActivity,1464781109,WIFI,
99000520369124,com.tencent.mm,com.tencent.mm.ui.LauncherUI,1464781121,WIFI,
99000520369124,,,1464781126,on
99000520369124,com.tencent.news,com.tencent.news.ui.NewsDetailActivity,1464781214,WIFI,
99000520369124,,,1464781219,off
99000520369124,com.tencent.news,com.tencent.news.ui.MainActivity2,1464781309,WIFI,
99000520369124,com.tencent.news,com.tencent.news.ui.ImageDetailActivity,1464781317,WIFI,
99000520369124,,,1464781322,off
99000520369124,com.tencent.news,com.tencent.news.ui.MainActivity2,1464781359,WIFI,
99000520369124,com.tencent.news,com.tencent.news.ui.ImageDetailActivity,1464781360,WIFI,
99000520369124,com.tencent.news,com.tencent.news.ui.MainActivity2,1464781368,WIFI,
99000520369124,com.tencent.news,com.tencent.news.ui.ImageDetailActivity,1464781373,WIFI,
99000520369124,,,1464781378,off
99000520369124,com.tencent.news,com.tencent.news.ui.FullScreenActivity,1464781451,WIFI,
99000520369124,com.tencent.news,com.tencent.news.ui.ImageDetailActivity,1464781455,WIFI,
99000520369124,com.tencent.news,com.tencent.news.ui.FullScreenActivity,1464781457,WIFI,
99000520369124,,,1464781462,on
99000520369124,com.tencent.news,com.tencent.news.ui.ImageDetailActivity,1464781481,WIFI,
99000520369124,com.tencent.news,com.tencent.news.ui.MainActivity2,1464781488,WIFI,
99000520369124,com.tencent.news,com.tencent.news.ui.ImageDetailActivity,1464781497,WIFI,
99000520369124,,,1464781502,off
99000520369124,com.tencent.news,com.tencent.news.ui.MainActivity2,1464781586,WIFI,
99000520369124,,,1464781593,,off
99000520369124,,,1464781598,off
99000520369124,,,1464781918,,on
99000520369124,com.tencent.news,com.tencent.news.ui.NewsDetailActivity,1464781923,WIFI,
99000520369124,,,1464781928,off
99000520369124,,,1464782047,,off
99000520369124,,,1464782052,on
99000520369124,,,1464782151,,on
99000520369124,,,1464782156,off
99000520369124,com.tencent.news,com.tencent.news.ui.MainActivity2,1464782525,WIFI,
99000520369124,com.tencent.news,com.tencent.news.ui.ImageDetailActivity,1464782529,WIFI,
99000520369124,,,1464782534,off
99000520369124,com.tencent.news,com.tencent.news.ui.MainActivity2,1464782562,WIFI,
99000520369124,,,1464782567,on
99000520369124,com.tencent.news,com.tencent.news.ui.SpecialListActivity,1464782584,WIFI,
99000520369124,com.tencent.news,com.tencent.news.ui.MainActivity2,1464782593,WIFI,
99000520369124,,,1464782598,on
99000520369124,com.miui.home,com.miui.home.launcher.Launcher,1464782618,WIFI,
99000520369124,com.tencent.mm,com.tencent.mm.ui.LauncherUI,1464782622,WIFI,
99000520369124,com.tencent.mm,com.tencent.mm.plugin.sns.ui.SnsTimeLineUI,1464782625,WIFI,
99000520369124,com.tencent.mm,com.tencent.mm.plugin.sns.ui.SnsMsgUI,1464782627,WIFI,
99000520369124,com.tencent.mm,com.tencent.mm.plugin.sns.ui.SnsTimeLineUI,1464782629,WIFI,
99000520369124,com.tencent.mm,com.tencent.mm.ui.LauncherUI,1464782643,WIFI,
99000520369124,com.tencent.mm,com.tencent.mm.plugin.luckymoney.ui.LuckyMoneyReceiveUI,1464782660,WIFI,
99000520369124,com.tencent.mm,com.tencent.mm.plugin.luckymoney.ui.LuckyMoneyDetailUI,1464782661,WIFI,
99000520369124,com.tencent.mm,com.tencent.mm.ui.LauncherUI,1464782667,WIFI,
99000520369124,com.tencent.mm,com.tencent.mm.ui.conversation.BizConversationUI,1464782675,WIFI,
99000520369124,com.tencent.mm,com.tencent.mm.ui.LauncherUI,1464782677,WIFI,
99000520369124,,,1464782692,,off
99000520369124,,,1464782697,on
99000520369124,,,1464783389,,on
99000520369124,com.tencent.mm,com.tencent.mm.ui.conversation.BizConversationUI,1464783395,WIFI,
99000520369124,com.tencent.mm,com.tencent.mm.ui.LauncherUI,1464783407,WIFI,
99000520369124,com.miui.home,com.miui.home.launcher.Launcher,1464783409,WIFI,
99000520369124,com.xiaomi.pass,com.xiaomi.pass.PassTabActivity,1464783413,WIFI,
99000520369124,com.miui.home,com.miui.home.launcher.Launcher,1464783419,WIFI,
99000520369124,,,1464783422,,off
99000520369124,,,1464783427,off
99000520369124,,,1464784119,,on
99000520369124,com.tencent.mm,com.tencent.mm.ui.LauncherUI,1464784121,WIFI,
99000520369124,com.tencent.mm,com.tencent.mm.plugin.profile.ui.ContactInfoUI,1464784126,WIFI,
99000520369124,com.tencent.mm,com.tencent.mm.ui.LauncherUI,1464784129,WIFI,
99000520369124,com.tencent.mm,com.tencent.mm.plugin.sns.ui.SnsTimeLineUI,1464784143,WIFI,
99000520369124,com.tencent.mm,com.tencent.mm.plugin.sns.ui.SnsMsgUI,1464784144,WIFI,
99000520369124,com.tencent.mm,com.tencent.mm.plugin.sns.ui.SnsTimeLineUI,1464784145,WIFI,
99000520369124,com.tencent.mm,com.tencent.mm.ui.LauncherUI,1464784149,WIFI,
99000520369124,com.tencent.mm,com.tencent.mm.ui.conversation.BizConversationUI,1464784160,WIFI,
99000520369124,com.tencent.mm,com.tencent.mm.ui.LauncherUI,1464784162,WIFI,
99000520369124,,,1464784167,off
99000520369124,com.miui.home,com.miui.home.launcher.Launcher,1464784209,WIFI,
99000520369124,com.android.camera,com.android.camera.Camera,1464784211,WIFI,
99000520369124,com.miui.home,com.miui.home.launcher.Launcher,1464784217,WIFI,
99000520369124,com.tencent.mm,com.tencent.mm.ui.LauncherUI,1464784219,WIFI,
99000520369124,com.tencent.mm,com.tencent.mm.plugin.scanner.ui.BaseScanUI,1464784222,WIFI,
99000520369124,com.tencent.mm,com.tencent.mm.plugin.profile.ui.ContactInfoUI,1464784226,WIFI,
99000520369124,com.tencent.mm,com.tencent.mm.ui.chatting.ChattingUI,1464784229,WIFI,
99000520369124,com.tencent.mm,com.tencent.mm.plugin.webview.ui.tools.WebViewUI,1464784236,WIFI,
99000520369124,,,1464784241,off
99000520369124,,,1464784296,,off
99000520369124,,,1464784301,on
99000520369124,,,1464784639,,on
99000520369124,,,1464784644,off
99000520369124,android,com.android.internal.app.ChooserActivity,1464784697,WIFI,
99000520369124,com.miui.gallery,com.miui.gallery.app.PickerActivity,1464784700,WIFI,
99000520369124,,,1464784705,off
99000520369124,com.tencent.mm,com.tencent.mm.plugin.webview.ui.tools.WebViewUI,1464784803,WIFI,
99000520369124,,,1464784808,on
99000520369124,com.tencent.mm,com.tencent.mm.ui.chatting.ChattingUI,1464784840,WIFI,
99000520369124,com.tencent.mm,com.tencent.mm.ui.LauncherUI,1464784841,WIFI,
99000520369124,com.tencent.mm,com.tencent.mm.ui.conversation.BizConversationUI,1464784843,WIFI,
99000520369124,com.tencent.mm,com.tencent.mm.plugin.webview.ui.tools.WebViewUI,1464784856,WIFI,
99000520369124,,,1464784861,on
99000520369124,com.tencent.mm,com.tencent.mm.ui.conversation.BizConversationUI,1464784922,WIFI,
99000520369124,com.tencent.mm,com.tencent.mm.ui.LauncherUI,1464784928,WIFI,
99000520369124,com.tencent.mm,com.tencent.mm.plugin.sns.ui.SnsTimeLineUI,1464784930,WIFI,
99000520369124,,,1464784935,off
99000520369124,,,1464785010,,off
99000520369124,,,1464785015,on
99000520369124,,,1464785214,,on
99000520369124,com.tencent.mm,com.tencent.mm.plugin.sns.ui.SnsBrowseUI,1464785218,WIFI,
99000520369124,,,1464785230,,off
99000520369124,,,1464785235,off
99000520369124,,,1464785291,,on
99000520369124,com.tencent.mm,com.tencent.mm.plugin.sns.ui.SnsTimeLineUI,1464785301,WIFI,
99000520369124,,,1464785306,off
99000520369124,,,1464785339,,off
99000520369124,,,1464785344,on
99000520369124,,,1464785667,,on
99000520369124,com.tencent.mm,com.tencent.mm.ui.LauncherUI,1464785674,WIFI,
99000520369124,com.miui.home,com.miui.home.launcher.Launcher,1464785680,WIFI,
99000520369124,com.tencent.mm,com.tencent.mm.ui.LauncherUI,1464785682,WIFI,
99000520369124,,,1464785687,on
99000520369124,,,1464785704,,off
99000520369124,,,1464785709,off
99000520369124,,,1464786214,,on
99000520369124,com.tencent.mm,com.tencent.mm.ui.conversation.BizConversationUI,1464786222,WIFI,
99000520369124,com.tencent.mm,com.tencent.mm.plugin.webview.ui.tools.WebViewUI,1464786231,WIFI,
99000520369124,,,1464786236,on
99000520369124,,,1464786264,,off
99000520369124,,,1464786269,off
99000520369124,,,1464786299,,on
99000520369124,,,1464786309,,off
99000520369124,,,1464786326,,on
99000520369124,,,1464786331,on
99000520369124,com.tencent.mm,com.tencent.mm.ui.conversation.BizConversationUI,1464786363,WIFI,
99000520369124,,,1464786368,off
99000520369124,com.tencent.mm,com.tencent.mm.plugin.webview.ui.tools.WebViewUI,1464786393,WIFI,
99000520369124,com.tencent.mm,com.tencent.mm.ui.conversation.BizConversationUI,1464786404,WIFI,
99000520369124,com.tencent.mm,com.tencent.mm.ui.LauncherUI,1464786413,WIFI,
99000520369124,com.tencent.mm,com.tencent.mm.plugin.sns.ui.SnsTimeLineUI,1464786415,WIFI,
99000520369124,com.tencent.mm,com.tencent.mm.plugin.sns.ui.SnsBrowseUI,1464786422,WIFI,
99000520369124,com.tencent.mm,com.tencent.mm.plugin.sns.ui.SnsTimeLineUI,1464786433,WIFI,
99000520369124,com.tencent.mm,com.tencent.mm.ui.LauncherUI,1464786437,WIFI,
99000520369124,com.miui.home,com.miui.home.launcher.Launcher,1464786440,WIFI,
99000520369124,com.tencent.mobileqq,com.tencent.mobileqq.activity.SplashActivity,1464786441,WIFI,
99000520369124,,,1464786446,on
99000520369124,com.miui.home,com.miui.home.launcher.Launcher,1464786486,WIFI,
99000520369124,,,1464786489,,off
99000520369124,,,1464786494,on
99000520369124,,,1464786689,,on
99000520369124,com.android.browser,com.android.browser.BrowserActivity,1464786693,WIFI,
99000520369124,com.miui.home,com.miui.home.launcher.Launcher,1464786702,WIFI,
99000520369124,com.tencent.mm,com.tencent.mm.ui.LauncherUI,1464786704,WIFI,
99000520369124,com.tencent.mm,com.tencent.mm.ui.conversation.BizConversationUI,1464786712,WIFI,
99000520369124,com.tencent.mm,com.tencent.mm.ui.LauncherUI,1464786717,WIFI,
99000520369124,com.miui.home,com.miui.home.launcher.Launcher,1464786718,WIFI,
99000520369124,com.tencent.mobileqq,com.tencent.mobileqq.activity.SplashActivity,1464786719,WIFI,
99000520369124,com.tencent.mobileqq,com.tencent.mobileqq.activity.ChatActivity,1464786722,WIFI,
99000520369124,com.tencent.mobileqq,com.tencent.biz.pubaccount.PublicAccountBrowser,1464786730,WIFI,
99000520369124,,,1464786735,on
99000520369124,com.tencent.news,com.tencent.news.ui.NewsJumpActivity,1464786812,WIFI,
99000520369124,com.tencent.news,com.tencent.news.ui.ImageDetailActivity,1464786813,WIFI,
99000520369124,,,1464786818,on
99000520369124,com.tencent.news,com.tencent.news.ui.MainActivity2,1464786861,WIFI,
99000520369124,com.tencent.news,com.tencent.news.ui.VideoAlbumDetailActivity,1464786877,WIFI,
99000520369124,com.tencent.news,com.tencent.news.ui.MainActivity2,1464786888,WIFI,
99000520369124,com.tencent.news,com.tencent.news.ui.NewsDetailActivity,1464786889,WIFI,
99000520369124,,,1464786894,on
99000520369124,com.tencent.news,com.tencent.news.ui.MainActivity2,1464786951,WIFI,
99000520369124,com.tencent.news,com.tencent.news.ui.NewsDetailActivity,1464786955,WIFI,
99000520369124,,,1464786960,on
99000520369124,,,1464786976,,off
99000520369124,,,1464786981,off
99000520369124,,,1464787022,,on
99000520369124,com.tencent.mm,com.tencent.mm.ui.LauncherUI,1464787025,WIFI,
99000520369124,com.tencent.mm,com.tencent.mm.plugin.luckymoney.ui.LuckyMoneyReceiveUI,1464787027,WIFI,
99000520369124,com.tencent.mm,com.tencent.mm.plugin.luckymoney.ui.LuckyMoneyDetailUI,1464787029,WIFI,
99000520369124,com.tencent.mm,com.tencent.mm.ui.LauncherUI,1464787031,WIFI,
99000520369124,com.tencent.mm,com.tencent.mm.plugin.sns.ui.SnsTimeLineUI,1464787046,WIFI,
99000520369124,com.tencent.mm,com.tencent.mm.ui.LauncherUI,1464787052,WIFI,
99000520369124,com.tencent.news,com.tencent.news.ui.NewsDetailActivity,1464787055,WIFI,
99000520369124,,,1464787060,off
99000520369124,,,1464787109,,off
99000520369124,,,1464787114,on
99000520369124,,,1464787678,,on
99000520369124,com.tencent.news,com.tencent.news.ui.MainActivity2,1464787684,WIFI,
99000520369124,com.tencent.mobileqq,com.tencent.biz.pubaccount.PublicAccountBrowser,1464787686,WIFI,
99000520369124,com.miui.home,com.miui.home.launcher.Launcher,1464787687,WIFI,
99000520369124,com.tencent.mm,com.tencent.mm.ui.LauncherUI,1464787689,WIFI,
99000520369124,com.tencent.mm,com.tencent.mm.ui.chatting.gallery.ImageGalleryUI,1464787694,WIFI,
99000520369124,,,1464787699,on
99000520369124,com.tencent.mm,com.tencent.mm.ui.LauncherUI,1464787756,WIFI,
99000520369124,com.miui.home,com.miui.home.launcher.Launcher,1464787757,WIFI,
99000520369124,,,1464787760,,off
99000520369124,,,1464787765,off
99000520369124,,,1464789583,,on
99000520369124,com.tencent.mm,com.tencent.mm.ui.LauncherUI,1464789586,WIFI,
99000520369124,,,1464789591,off
99000520369124,com.tencent.mm,com.tencent.mm.plugin.sns.ui.SnsTimeLineUI,1464789618,WIFI,
99000520369124,,,1464789623,on
99000520369124,com.miui.home,com.miui.home.launcher.Launcher,1464789681,WIFI,
99000520369124,com.tencent.mobileqq,com.tencent.mobileqq.activity.SplashActivity,1464789683,WIFI,
99000520369124,com.tencent.mobileqq,cooperation.qzone.QzoneGPUPluginProxyActivity,1464789688,WIFI,
99000520369124,com.tencent.mobileqq,cooperation.qzone.QzonePicturePluginProxyActivity,1464789703,WIFI,
99000520369124,com.tencent.mobileqq,cooperation.qzone.QzoneGPUPluginProxyActivity,1464789715,WIFI,
99000520369124,,,1464789720,off
99000520369124,com.tencent.mobileqq,cooperation.qzone.QzonePicturePluginProxyActivity,1464789733,WIFI,
99000520369124,,,1464789738,on
99000520369124,com.tencent.mobileqq,cooperation.qzone.QzoneGPUPluginProxyActivity,1464789757,WIFI,
99000520369124,,,1464789762,off
99000520369124,com.tencent.mobileqq,com.tencent.mobileqq.activity.SplashActivity,1464789828,WIFI,
99000520369124,com.miui.home,com.miui.home.launcher.Launcher,1464789830,WIFI,
99000520369124,,,1464789833,,off
99000520369124,,,1464789838,on
99000520369124,,,1464789940,,on
99000520369124,,,1464789950,,off
99000520369124,,,1464789955,on
99000520369124,,,1464790040,,on
99000520369124,com.tencent.mm,com.tencent.mm.ui.LauncherUI,1464790042,WIFI,
99000520369124,com.tencent.mm,com.tencent.mm.ui.conversation.BizConversationUI,1464790049,WIFI,
99000520369124,com.tencent.mm,com.tencent.mm.plugin.webview.ui.tools.WebViewUI,1464790056,WIFI,
99000520369124,,,1464790061,on
99000520369124,com.tencent.mm,com.tencent.mm.ui.conversation.BizConversationUI,1464790469,WIFI,
99000520369124,com.tencent.mm,com.tencent.mm.plugin.webview.ui.tools.WebViewUI,1464790480,WIFI,
99000520369124,,,1464790485,on
99000520369124,com.tencent.mm,com.tencent.mm.ui.conversation.BizConversationUI,1464791028,WIFI,
99000520369124,,,1464791033,off
99000520369124,com.tencent.mm,com.tencent.mm.ui.LauncherUI,1464791063,WIFI,
99000520369124,com.tencent.mm,com.tencent.mm.plugin.sns.ui.SnsTimeLineUI,1464791067,WIFI,
99000520369124,,,1464791072,off
99000520369124,com.tencent.mm,com.tencent.mm.plugin.webview.ui.tools.WebViewUI,1464791085,WIFI,
99000520369124,,,1464791090,on
99000520369124,,,1464791103,,off
99000520369124,,,1464791108,off
99000520369124,,,1464791195,,on
99000520369124,,,1464791200,on
99000520369124,com.tencent.mm,com.tencent.mm.plugin.sns.ui.SnsTimeLineUI,1464791781,WIFI,
99000520369124,,,1464791786,off
99000520369124,com.tencent.mm,com.tencent.mm.plugin.sns.ui.SnsBrowseUI,1464791805,WIFI,
99000520369124,,,1464791810,on
99000520369124,com.tencent.mm,com.tencent.mm.plugin.sns.ui.SnsTimeLineUI,1464791830,WIFI,
99000520369124,com.tencent.mm,com.tencent.mm.plugin.sns.ui.SnsBrowseUI,1464791833,WIFI,
99000520369124,com.tencent.mm,com.tencent.mm.plugin.sns.ui.SnsTimeLineUI,1464791836,WIFI,
99000520369124,com.tencent.mm,com.tencent.mm.plugin.sns.ui.SnsBrowseUI,1464791838,WIFI,
99000520369124,com.tencent.mm,com.tencent.mm.plugin.sns.ui.SnsTimeLineUI,1464791848,WIFI,
99000520369124,com.tencent.mm,com.tencent.mm.plugin.sns.ui.SnsBrowseUI,1464791856,WIFI,
99000520369124,com.tencent.mm,com.tencent.mm.plugin.sns.ui.SnsTimeLineUI,1464791863,WIFI,
99000520369124,com.tencent.mm,com.tencent.mm.ui.LauncherUI,1464791867,WIFI,
99000520369124,com.tencent.mm,com.tencent.mm.ui.conversation.BizConversationUI,1464791871,WIFI,
99000520369124,com.tencent.mm,com.tencent.mm.plugin.webview.ui.tools.WebViewUI,1464791875,WIFI,
99000520369124,,,1464791880,on
99000520369124,com.tencent.mm,com.tencent.mm.ui.transmit.SelectConversationUI,1464792123,WIFI,
99000520369124,com.tencent.mm,com.tencent.mm.plugin.webview.stub.WebViewStubProxyUI,1464792127,WIFI,
99000520369124,com.tencent.mm,com.tencent.mm.plugin.webview.ui.tools.WebViewUI,1464792129,WIFI,
99000520369124,com.tencent.mm,com.tencent.mm.ui.conversation.BizConversationUI,1464792134,WIFI,
99000520369124,com.tencent.mm,com.tencent.mm.plugin.webview.ui.tools.WebViewUI,1464792148,WIFI,
99000520369124,,,1464792153,off
99000520369124,com.tencent.mm,com.tencent.mm.ui.conversation.BizConversationUI,1464792187,WIFI,
99000520369124,com.tencent.mm,com.tencent.mm.plugin.webview.ui.tools.WebViewUI,1464792191,WIFI,
99000520369124,,,1464792196,off
99000520369124,com.tencent.mm,com.tencent.mm.ui.conversation.BizConversationUI,1464792517,WIFI,
99000520369124,com.miui.home,com.miui.home.launcher.Launcher,1464792520,WIFI,
99000520369124,,,1464792523,,off
99000520369124,,,1464792528,on
99000520369124,,,1464794022,,on
99000520369124,com.tencent.mm,com.tencent.mm.ui.LauncherUI,1464794026,WIFI,
99000520369124,com.tencent.mm,com.tencent.mm.plugin.sns.ui.SnsTimeLineUI,1464794028,WIFI,
99000520369124,com.tencent.mm,com.tencent.mm.plugin.sns.ui.SnsMsgUI,1464794029,WIFI,
99000520369124,com.tencent.mm,com.tencent.mm.plugin.sns.ui.SnsTimeLineUI,1464794031,WIFI,
99000520369124,,,1464794036,off
99000520369124,com.tencent.mm,com.tencent.mm.plugin.sns.ui.SnsBrowseUI,1464794081,WIFI,
99000520369124,,,1464794085,,off
99000520369124,,,1464794090,off
99000520369124,,,1464794114,,on
99000520369124,,,1464794128,,off
99000520369124,,,1464794133,off
99000520369124,,,1464794228,,on
99000520369124,com.tencent.mm,com.tencent.mm.plugin.sns.ui.SnsTimeLineUI,1464794239,WIFI,
99000520369124,com.tencent.mm,com.tencent.mm.plugin.sns.ui.SnsBrowseUI,1464794249,WIFI,
99000520369124,com.tencent.mm,com.tencent.mm.ui.transmit.SelectConversationUI,1464794261,WIFI,
99000520369124,com.tencent.mm,com.tencent.mm.plugin.sns.ui.SnsBrowseUI,1464794268,WIFI,
99000520369124,com.tencent.mm,com.tencent.mm.plugin.sns.ui.SnsTimeLineUI,1464794269,WIFI,
99000520369124,com.tencent.mm,com.tencent.mm.ui.LauncherUI,1464794270,WIFI,
99000520369124,,,1464794275,on
99000520369124,com.tencent.mm,com.tencent.mm.ui.chatting.gallery.ImageGalleryUI,1464794302,WIFI,
99000520369124,com.tencent.mm,com.tencent.mm.ui.LauncherUI,1464794318,WIFI,
99000520369124,com.tencent.mm,com.tencent.mm.plugin.sns.ui.SnsTimeLineUI,1464794322,WIFI,
99000520369124,com.tencent.mm,com.tencent.mm.plugin.sns.ui.SnsMsgUI,1464794326,WIFI,
99000520369124,com.tencent.mm,com.tencent.mm.plugin.sns.ui.SnsTimeLineUI,1464794327,WIFI,
99000520369124,com.tencent.mm,com.tencent.mm.plugin.webview.ui.tools.WebViewUI,1464794335,WIFI,
99000520369124,,,1464794340,on
99000520369124,com.tencent.mm,com.tencent.mm.plugin.sns.ui.SnsTimeLineUI,1464794546,WIFI,
99000520369124,com.tencent.mm,com.tencent.mm.ui.LauncherUI,1464794553,WIFI,
99000520369124,com.tencent.mm,com.tencent.mm.ui.conversation.BizConversationUI,1464794559,WIFI,
99000520369124,,,1464794564,off
99000520369124,com.tencent.mm,com.tencent.mm.ui.LauncherUI,1464794601,WIFI,
99000520369124,com.miui.home,com.miui.home.launcher.Launcher,1464794608,WIFI,
99000520369124,com.miui.weather2,com.miui.weather2.ActivityWeatherMain,1464794613,WIFI,
99000520369124,com.miui.home,com.miui.home.launcher.Launcher,1464794618,WIFI,
99000520369124,com.taobao.taobao,com.taobao.tao.homepage.MainActivity3,1464794634,WIFI,
99000520369124,com.taobao.taobao,com.taobao.search.searchdoor.SearchDoorActivity,1464794637,WIFI,
99000520369124,com.taobao.taobao,com.taobao.search.auctionsearch.SearchListActivity,1464794648,WIFI,
99000520369124,,,1464794653,on
99000520369124,com.taobao.taobao,com.taobao.search.searchdoor.SearchDoorActivity,1464794668,WIFI,
99000520369124,com.taobao.taobao,com.taobao.tao.homepage.MainActivity3,1464794669,WIFI,
99000520369124,com.taobao.taobao,com.taobao.ju.android.compat.activity.juplugin.JuMainActivity,1464794670,WIFI,
99000520369124,com.taobao.taobao,com.taobao.browser.BrowserActivity,1464794683,WIFI,
99000520369124,com.taobao.taobao,com.taobao.ju.android.compat.activity.juplugin.JuMainActivity,1464794694,WIFI,
99000520369124,com.taobao.taobao,com.taobao.browser.BrowserActivity,1464794701,WIFI,
99000520369124,com.taobao.taobao,com.taobao.ju.android.compat.activity.juplugin.JuMainActivity,1464794711,WIFI,
99000520369124,com.taobao.taobao,com.taobao.tao.detail.activity.DetailActivity,1464794728,WIFI,
99000520369124,com.taobao.taobao,com.taobao.ju.android.compat.activity.juplugin.JuMainActivity,1464794734,WIFI,
99000520369124,,,1464794739,off
99000520369124,com.taobao.taobao,com.taobao.search.searchdoor.SearchDoorActivity,1464794786,WIFI,
99000520369124,com.taobao.taobao,com.taobao.search.auctionsearch.SearchListActivity,1464794788,WIFI,
99000520369124,com.taobao.taobao,com.taobao.tao.detail.activity.DetailActivity,1464794804,WIFI,
99000520369124,,,1464794809,on
99000520369124,com.taobao.taobao,com.taobao.tao.rate.ui.ratedetail.RateDetailActivity,1464794887,WIFI,
99000520369124,com.taobao.taobao,com.taobao.tao.detail.activity.DetailActivity,1464794894,WIFI,
99000520369124,,,1464794899,on
99000520369124,com.taobao.taobao,com.taobao.search.auctionsearch.SearchListActivity,1464794981,WIFI,
99000520369124,,,1464794986,off
99000520369124,com.taobao.taobao,com.taobao.tao.detail.activity.DetailActivity,1464795021,WIFI,
99000520369124,com.taobao.taobao,com.taobao.search.auctionsearch.SearchListActivity,1464795038,WIFI,
99000520369124,com.taobao.taobao,com.taobao.tao.detail.activity.DetailActivity,1464795045,WIFI,
99000520369124,,,1464795050,on
99000520369124,com.taobao.taobao,com.taobao.search.auctionsearch.SearchListActivity,1464795083,WIFI,
99000520369124,com.taobao.taobao,com.taobao.tao.detail.activity.DetailActivity,1464795084,WIFI,
99000520369124,com.taobao.taobao,com.taobao.search.auctionsearch.SearchListActivity,1464795092,WIFI,
99000520369124,,,1464795100,,off
99000520369124,,,1464795105,on
99000520369124,,,1464795336,,on
99000520369124,com.taobao.taobao,com.taobao.search.searchdoor.SearchDoorActivity,1464795345,WIFI,
99000520369124,com.taobao.taobao,com.taobao.tao.homepage.MainActivity3,1464795347,WIFI,
99000520369124,com.taobao.taobao,com.taobao.android.trade.cart.CartActivity,1464795349,WIFI,
99000520369124,com.taobao.taobao,com.taobao.tao.detail.activity.DetailActivity,1464795362,WIFI,
99000520369124,,,1464795367,off
99000520369124,com.taobao.taobao,com.taobao.tao.purchase.activity.PurchaseActivity,1464795606,WIFI,
99000520369124,com.taobao.taobao,com.taobao.tao.DeliveryManageActivity,1464795611,WIFI,
99000520369124,com.taobao.taobao,com.taobao.tao.purchase.activity.PurchaseActivity,1464795619,WIFI,
99000520369124,,,1464795624,on
99000520369124,com.taobao.taobao,com.alipay.android.app.ui.quickpay.window.MiniPayActivity,1464795647,WIFI,
99000520369124,,,1464795652,off
99000520369124,com.taobao.taobao,com.taobao.browser.BrowserActivity,1464795694,WIFI,
99000520369124,com.taobao.taobao,com.taobao.tao.detail.activity.DetailActivity,1464795701,WIFI,
99000520369124,com.taobao.taobao,com.taobao.android.trade.cart.CartActivity,1464795709,WIFI,
99000520369124,com.taobao.taobao,com.taobao.tao.homepage.MainActivity3,1464795711,WIFI,
99000520369124,com.miui.home,com.miui.home.launcher.Launcher,1464795712,WIFI,
