UserID,App,Activity,Time,Network,Screen
A0000043F5ACC4,com.android.packageinstaller,com.android.packageinstaller.PackageInstallerActivity,1464829977,WIFI,
A0000043F5ACC4,com.acbull.activitymonitor,com.acbull.activitymonitor.MainActivity,1464829993,WIFI,
A0000043F5ACC4,com.android.browser,com.android.browser.BrowserActivity,1464829996,WIFI,
A0000043F5ACC4,com.tencent.mm,com.tencent.mm.plugin.webview.ui.tools.WebViewUI,1464830003,WIFI,
A0000043F5ACC4,com.tencent.mm,com.tencent.mm.ui.LauncherUI,1464830009,WIFI,
A0000043F5ACC4,com.huawei.android.launcher,com.huawei.android.launcher.Launcher,1464830019,WIFI,
A0000043F5ACC4,com.acbull.activitymonitor,com.acbull.activitymonitor.MainActivity,1464830028,WIFI,
A0000043F5ACC4,com.huawei.android.launcher,com.huawei.android.launcher.Launcher,1464830033,WIFI,
A0000043F5ACC4,com.tencent.mm,com.tencent.mm.ui.LauncherUI,1464830040,WIFI,
A0000043F5ACC4,,,1464830045,on
A0000043F5ACC4,,,1464830175,,off
A0000043F5ACC4,,,1464830180,off
A0000043F5ACC4,,,1464830749,,on
A0000043F5ACC4,com.huawei.android.launcher,com.huawei.android.launcher.Launcher,1464830763,WIFI,
A0000043F5ACC4,com.huawei.message,com.huawei.hotalk.MainActivity,1464830766,WIFI,
A0000043F5ACC4,com.huawei.message,com.hotalk.ui.homepage.messagegroup.HWMessageGroupActivity,1464830767,WIFI,
A0000043F5ACC4,com.huawei.message,com.hotalk.ui.chat.singleChat.SingleChatActivity,1464830770,WIFI,
A0000043F5ACC4,,,1464830775,on
A0000043F5ACC4,,,1464830800,,off
A0000043F5ACC4,,,1464830805,off
A0000043F5ACC4,,,1464831064,,on
A0000043F5ACC4,com.tencent.mm,com.tencent.mm.ui.LauncherUI,1464831072,WIFI,
A0000043F5ACC4,,,1464831077,off
A0000043F5ACC4,,,1464831127,,off
A0000043F5ACC4,,,1464831128,,on
A0000043F5ACC4,,,1464831133,off
A0000043F5ACC4,,,1464831252,,off
A0000043F5ACC4,,,1464831257,on
A0000043F5ACC4,,,1464831811,,on
A0000043F5ACC4,,,1464831816,off
A0000043F5ACC4,,,1464831842,,off
A0000043F5ACC4,,,1464831847,on
A0000043F5ACC4,,,1464833064,,on
A0000043F5ACC4,,,1464833069,off
A0000043F5ACC4,,,1464833105,,off
A0000043F5ACC4,,,1464833107,,on
A0000043F5ACC4,,,1464833112,off
A0000043F5ACC4,,,1464833205,,off
A0000043F5ACC4,,,1464833210,on
A0000043F5ACC4,,,1464833812,,on
A0000043F5ACC4,com.android.phone,com.android.phone.InCallScreen_DSDA,1464833812,WIFI,
A0000043F5ACC4,,,1464833817,,off
A0000043F5ACC4,,,1464833826,,on
A0000043F5ACC4,com.tencent.mm,com.tencent.mm.ui.LauncherUI,1464833829,WIFI,
A0000043F5ACC4,,,1464833834,off
A0000043F5ACC4,,,1464833859,,off
A0000043F5ACC4,,,1464833864,on
A0000043F5ACC4,,,1464838958,,on
A0000043F5ACC4,com.android.phone,com.android.phone.InCallScreen_DSDA,1464838958,NETWORK_2G,
A0000043F5ACC4,,,1464838961,,off
A0000043F5ACC4,,,1464838966,off
A0000043F5ACC4,,,1464839083,,on
A0000043F5ACC4,com.tencent.mm,com.tencent.mm.ui.LauncherUI,1464839085,NETWORK_2G,
A0000043F5ACC4,,,1464839090,off
A0000043F5ACC4,,,1464839140,,off
A0000043F5ACC4,,,1464839145,on
A0000043F5ACC4,,,1464845361,,on
A0000043F5ACC4,,,1464845371,,off
A0000043F5ACC4,,,1464845378,,on
A0000043F5ACC4,com.huawei.message,com.hotalk.ui.chat.singleChat.SingleChatActivity,1464845389,NETWORK_2G,
A0000043F5ACC4,com.huawei.message,com.hotalk.ui.homepage.messagegroup.HWMessageGroupActivity,1464845390,NETWORK_2G,
A0000043F5ACC4,com.huawei.android.launcher,com.huawei.android.launcher.Launcher,1464845391,NETWORK_2G,
A0000043F5ACC4,com.android.contacts,com.android.contacts.activities.DialtactsActivity,1464845393,NETWORK_2G,
A0000043F5ACC4,com.huawei.android.launcher,com.huawei.android.launcher.Launcher,1464845399,NETWORK_2G,
A0000043F5ACC4,com.android.contacts,com.android.contacts.activities.DialtactsActivity,1464845404,NETWORK_2G,
A0000043F5ACC4,,,1464845409,off
A0000043F5ACC4,com.android.contacts,com.android.contacts.activities.ContactEditorActivity,1464845428,NETWORK_2G,
A0000043F5ACC4,,,1464845433,on
A0000043F5ACC4,com.android.contacts,com.android.contacts.activities.ContactDetailActivity,1464845447,NETWORK_2G,
A0000043F5ACC4,com.android.phone,com.android.phone.InCallScreen_DSDA,1464845453,NETWORK_2G,
A0000043F5ACC4,com.android.contacts,com.android.contacts.activities.ContactDetailActivity,1464845463,NETWORK_2G,
A0000043F5ACC4,com.huawei.android.launcher,com.huawei.android.launcher.Launcher,1464845468,NETWORK_2G,
A0000043F5ACC4,com.android.contacts,com.android.contacts.activities.DialtactsActivity,1464845471,NETWORK_2G,
A0000043F5ACC4,,,1464845476,off
A0000043F5ACC4,com.huawei.android.launcher,com.huawei.android.launcher.Launcher,1464845491,NETWORK_2G,
A0000043F5ACC4,com.android.contacts,com.android.contacts.activities.DialtactsActivity,1464845492,NETWORK_2G,
A0000043F5ACC4,,,1464845497,off
A0000043F5ACC4,com.android.phone,com.android.phone.InCallScreen_DSDA,1464845518,NETWORK_2G,
A0000043F5ACC4,com.android.contacts,com.android.contacts.activities.DialtactsActivity,1464845522,NETWORK_2G,
A0000043F5ACC4,,,1464845527,off
A0000043F5ACC4,com.android.contacts,com.android.contacts.CallDetailActivity,1464845543,NETWORK_2G,
A0000043F5ACC4,com.android.contacts,com.android.contacts.activities.ContactEditorActivity,1464845547,NETWORK_2G,
A0000043F5ACC4,,,1464845552,off
A0000043F5ACC4,com.android.contacts,com.android.contacts.activities.ContactDetailActivity,1464845590,NETWORK_2G,
A0000043F5ACC4,,,1464845595,on
A0000043F5ACC4,,,1464845639,,off
A0000043F5ACC4,,,1464845647,,on
A0000043F5ACC4,,,1464845648,,off
A0000043F5ACC4,,,1464845656,,on
A0000043F5ACC4,,,1464845661,on
A0000043F5ACC4,com.android.phone,com.android.phone.InCallScreen_DSDA,1464845682,NETWORK_2G,
A0000043F5ACC4,,,1464845687,off
A0000043F5ACC4,com.android.contacts,com.android.contacts.activities.ContactDetailActivity,1464845700,NETWORK_2G,
A0000043F5ACC4,,,1464845714,,off
A0000043F5ACC4,,,1464845719,off
A0000043F5ACC4,,,1464846602,,on
A0000043F5ACC4,com.android.deskclock,com.android.deskclock.AlarmAlertFullScreen,1464846602,NETWORK_2G,
A0000043F5ACC4,com.android.contacts,com.android.contacts.activities.ContactDetailActivity,1464846611,NETWORK_2G,
A0000043F5ACC4,,,1464846616,on
A0000043F5ACC4,,,1464846631,,off
A0000043F5ACC4,,,1464846636,off
A0000043F5ACC4,,,1464847000,,on
A0000043F5ACC4,com.android.phone,com.android.phone.InCallScreen_DSDA,1464847000,NETWORK_2G,
A0000043F5ACC4,com.android.contacts,com.android.contacts.activities.ContactDetailActivity,1464847005,NETWORK_2G,
A0000043F5ACC4,,,1464847016,,off
A0000043F5ACC4,,,1464847021,off
A0000043F5ACC4,,,1464847571,,on
A0000043F5ACC4,com.android.settings,com.android.settings.wifi.WifiPickerActivity,1464847581,NETWORK_2G,
A0000043F5ACC4,,,1464847586,off
A0000043F5ACC4,com.android.systemui,com.android.systemui.recent.RecentsActivity,1464847633,NETWORK_2G,
A0000043F5ACC4,com.huawei.android.launcher,com.huawei.android.launcher.Launcher,1464847637,NETWORK_2G,
A0000043F5ACC4,,,1464847642,off
A0000043F5ACC4,,,1464847689,,off
A0000043F5ACC4,,,1464847694,on
A0000043F5ACC4,,,1464848222,,on
A0000043F5ACC4,com.android.settings,com.android.settings.HWSettings,1464848226,cellular,
A0000043F5ACC4,,,1464848231,on
A0000043F5ACC4,,,1464848295,,off
A0000043F5ACC4,,,1464848300,off
A0000043F5ACC4,,,1464848387,,on
A0000043F5ACC4,,,1464848392,on
A0000043F5ACC4,,,1464848561,,off
A0000043F5ACC4,,,1464848566,off
A0000043F5ACC4,,,1464849289,,on
A0000043F5ACC4,,,1464849300,,off
A0000043F5ACC4,,,1464849307,,on
A0000043F5ACC4,,,1464849323,,off
A0000043F5ACC4,,,1464849329,,on
A0000043F5ACC4,com.tencent.mm,com.tencent.mm.plugin.subapp.ui.friend.FMessageConversationUI,1464849339,cellular,
A0000043F5ACC4,,,1464849344,off
A0000043F5ACC4,,,1464849393,,off
A0000043F5ACC4,,,1464849405,,on
A0000043F5ACC4,,,1464849410,off
A0000043F5ACC4,,,1464849498,,off
A0000043F5ACC4,,,1464849503,on
A0000043F5ACC4,,,1464849820,,on
A0000043F5ACC4,,,1464849821,,off
A0000043F5ACC4,,,1464849822,,on
A0000043F5ACC4,com.android.settings,com.android.settings.HWSettings,1464849830,cellular,
A0000043F5ACC4,,,1464849835,on
A0000043F5ACC4,,,1464849899,,off
A0000043F5ACC4,,,1464849904,off
A0000043F5ACC4,,,1464850312,,on
A0000043F5ACC4,,,1464850317,on
A0000043F5ACC4,,,1464850462,,off
A0000043F5ACC4,,,1464850467,off
A0000043F5ACC4,,,1464850499,,on
A0000043F5ACC4,,,1464850511,,off
A0000043F5ACC4,,,1464850516,off
A0000043F5ACC4,,,1464850608,,on
A0000043F5ACC4,com.huawei.android.launcher,com.huawei.android.launcher.Launcher,1464850612,WIFI,
A0000043F5ACC4,com.android.contacts,com.android.contacts.activities.DialtactsActivity,1464850616,WIFI,
A0000043F5ACC4,,,1464850621,on
A0000043F5ACC4,com.android.contacts,com.android.contacts.CallDetailActivity,1464850657,WIFI,
A0000043F5ACC4,com.android.contacts,com.android.contacts.activities.ContactEditorActivity,1464850660,WIFI,
A0000043F5ACC4,,,1464850665,on
A0000043F5ACC4,com.android.contacts,com.android.contacts.activities.ContactDetailActivity,1464850685,WIFI,
A0000043F5ACC4,com.android.contacts,com.android.contacts.CallDetailActivity,1464850690,WIFI,
A0000043F5ACC4,com.android.contacts,com.android.contacts.activities.DialtactsActivity,1464850692,WIFI,
A0000043F5ACC4,com.huawei.android.launcher,com.huawei.android.launcher.Launcher,1464850704,WIFI,
A0000043F5ACC4,,,1464850709,on
A0000043F5ACC4,,,1464850744,,off
A0000043F5ACC4,,,1464850749,off
A0000043F5ACC4,,,1464852032,,on
A0000043F5ACC4,com.android.phone,com.android.phone.InCallScreen_DSDA,1464852032,cellular,
A0000043F5ACC4,,,1464852037,off
A0000043F5ACC4,com.huawei.message,com.hotalk.ui.chat.singleChat.QuickReplyActivity,1464852058,WIFI,
A0000043F5ACC4,,,1464852069,,off
A0000043F5ACC4,,,1464852074,off
A0000043F5ACC4,,,1464856325,,on
A0000043F5ACC4,android,com.android.internal.app.ResolverActivity,1464856332,WIFI,
A0000043F5ACC4,com.huawei.message,com.hotalk.ui.chat.singleChat.QuickReplyActivity,1464856337,WIFI,
A0000043F5ACC4,,,1464856342,on
A0000043F5ACC4,com.huawei.android.launcher,com.huawei.android.launcher.Launcher,1464856355,WIFI,
A0000043F5ACC4,com.android.contacts,com.android.contacts.activities.DialtactsActivity,1464856358,WIFI,
A0000043F5ACC4,com.huawei.android.launcher,com.huawei.android.launcher.Launcher,1464856373,WIFI,
A0000043F5ACC4,com.tencent.mm,com.tencent.mm.ui.LauncherUI,1464856377,WIFI,
A0000043F5ACC4,com.tencent.mm,com.tencent.mm.ui.SingleChatInfoUI,1464856390,WIFI,
A0000043F5ACC4,com.tencent.mm,com.tencent.mm.ui.LauncherUI,1464856400,WIFI,
A0000043F5ACC4,,,1464856405,on
A0000043F5ACC4,com.tencent.mm,com.tencent.mm.ui.chatting.gallery.ImageGalleryUI,1464856431,WIFI,
A0000043F5ACC4,com.tencent.mm,com.tencent.mm.ui.LauncherUI,1464856447,WIFI,
A0000043F5ACC4,,,1464856452,on
A0000043F5ACC4,com.tencent.mm,com.tencent.mm.ui.chatting.gallery.ImageGalleryUI,1464856468,WIFI,
A0000043F5ACC4,com.tencent.mm,com.tencent.mm.ui.LauncherUI,1464856484,WIFI,
A0000043F5ACC4,com.tencent.mm,com.tencent.mm.ui.chatting.gallery.ImageGalleryUI,1464856489,WIFI,
A0000043F5ACC4,com.tencent.mm,com.tencent.mm.ui.LauncherUI,1464856495,WIFI,
A0000043F5ACC4,,,1464856500,on
A0000043F5ACC4,com.tencent.mm,com.tencent.mm.ui.chatting.gallery.ImageGalleryUI,1464856572,WIFI,
A0000043F5ACC4,,,1464856577,off
A0000043F5ACC4,com.tencent.mm,com.tencent.mm.ui.LauncherUI,1464856730,WIFI,
A0000043F5ACC4,,,1464856735,on
A0000043F5ACC4,,,1464856766,,off
A0000043F5ACC4,,,1464856771,off
A0000043F5ACC4,,,1464856973,,on
A0000043F5ACC4,,,1464856978,on
A0000043F5ACC4,com.tencent.mm,com.tencent.mm.ui.conversation.BizConversationUI,1464856993,WIFI,
A0000043F5ACC4,,,1464856998,off
A0000043F5ACC4,com.tencent.mm,com.tencent.mm.plugin.webview.ui.tools.WebViewUI,1464857050,WIFI,
A0000043F5ACC4,,,1464857055,on
A0000043F5ACC4,com.tencent.mm,com.tencent.mm.ui.conversation.BizConversationUI,1464857129,WIFI,
A0000043F5ACC4,,,1464857132,,off
A0000043F5ACC4,,,1464857137,on
A0000043F5ACC4,,,1464857246,,on
A0000043F5ACC4,com.tencent.mm,com.tencent.mm.plugin.webview.ui.tools.WebViewUI,1464857250,WIFI,
A0000043F5ACC4,,,1464857255,on
A0000043F5ACC4,com.tencent.mm,com.tencent.mm.ui.conversation.BizConversationUI,1464857955,WIFI,
A0000043F5ACC4,,,1464857960,off
A0000043F5ACC4,com.tencent.mm,com.tencent.mm.plugin.webview.ui.tools.WebViewUI,1464857974,WIFI,
A0000043F5ACC4,,,1464857979,on
A0000043F5ACC4,com.tencent.mm,com.tencent.mm.ui.conversation.BizConversationUI,1464858010,WIFI,
A0000043F5ACC4,com.tencent.mm,com.tencent.mm.ui.LauncherUI,1464858014,WIFI,
A0000043F5ACC4,,,1464858019,on
A0000043F5ACC4,com.tencent.mm,com.tencent.mm.plugin.webview.ui.tools.WebViewUI,1464858047,WIFI,
A0000043F5ACC4,com.tencent.mm,com.tencent.mm.ui.LauncherUI,1464858054,WIFI,
A0000043F5ACC4,com.tencent.mm,com.tencent.mm.plugin.webview.ui.tools.WebViewUI,1464858056,WIFI,
A0000043F5ACC4,com.tencent.mm,com.tencent.mm.ui.LauncherUI,1464858066,WIFI,
A0000043F5ACC4,,,1464858071,on
A0000043F5ACC4,com.huawei.android.launcher,com.huawei.android.launcher.Launcher,1464858095,WIFI,
A0000043F5ACC4,,,1464858100,off
A0000043F5ACC4,,,1464858125,,off
A0000043F5ACC4,,,1464858130,on
A0000043F5ACC4,,,1464858457,,on
A0000043F5ACC4,com.tencent.mm,com.tencent.mm.ui.LauncherUI,1464858460,WIFI,
A0000043F5ACC4,,,1464858465,on
A0000043F5ACC4,com.tencent.mm,com.tencent.mm.plugin.luckymoney.ui.LuckyMoneyReceiveUI,1464858490,WIFI,
A0000043F5ACC4,com.tencent.mm,com.tencent.mm.plugin.luckymoney.ui.LuckyMoneyDetailUI,1464858491,WIFI,
A0000043F5ACC4,com.tencent.mm,com.tencent.mm.ui.LauncherUI,1464858499,WIFI,
A0000043F5ACC4,,,1464858504,off
A0000043F5ACC4,,,1464858566,,off
A0000043F5ACC4,,,1464858571,on
A0000043F5ACC4,,,1464859997,,on
A0000043F5ACC4,com.huawei.message,com.hotalk.ui.chat.singleChat.QuickReplyActivity,1464859997,cellular,
A0000043F5ACC4,,,1464860002,on
A0000043F5ACC4,com.tencent.mm,com.tencent.mm.ui.LauncherUI,1464860038,WIFI,
A0000043F5ACC4,com.huawei.android.launcher,com.huawei.android.launcher.Launcher,1464860045,WIFI,
A0000043F5ACC4,,,1464860050,on
A0000043F5ACC4,,,1464860075,,off
A0000043F5ACC4,,,1464860080,off
A0000043F5ACC4,,,1464860936,,on
A0000043F5ACC4,com.android.phone,com.android.phone.InCallScreen_DSDA,1464860936,WIFI,
A0000043F5ACC4,,,1464860944,,off
A0000043F5ACC4,,,1464860949,,on
A0000043F5ACC4,com.huawei.android.launcher,com.huawei.android.launcher.Launcher,1464860951,WIFI,
A0000043F5ACC4,,,1464860956,on
A0000043F5ACC4,,,1464860980,,off
A0000043F5ACC4,,,1464860985,off
A0000043F5ACC4,,,1464862333,,on
A0000043F5ACC4,,,1464862338,on
A0000043F5ACC4,,,1464862356,,off
A0000043F5ACC4,,,1464862358,,on
A0000043F5ACC4,com.tencent.mm,com.tencent.mm.ui.LauncherUI,1464862362,WIFI,
A0000043F5ACC4,,,1464862367,off
A0000043F5ACC4,com.huawei.android.launcher,com.huawei.android.launcher.Launcher,1464862380,WIFI,
A0000043F5ACC4,com.android.systemui,com.android.systemui.recent.RecentsActivity,1464862382,WIFI,
A0000043F5ACC4,com.huawei.android.launcher,com.huawei.android.launcher.Launcher,1464862383,WIFI,
A0000043F5ACC4,,,1464862388,on
A0000043F5ACC4,,,1464862413,,off
A0000043F5ACC4,,,1464862418,off
A0000043F5ACC4,,,1464862571,,on
A0000043F5ACC4,,,1464862576,on
A0000043F5ACC4,com.tencent.mm,com.tencent.mm.ui.LauncherUI,1464862597,cellular,
A0000043F5ACC4,,,1464862602,off
A0000043F5ACC4,,,1464862633,,off
A0000043F5ACC4,,,1464862638,on
A0000043F5ACC4,,,1464862756,,on
A0000043F5ACC4,,,1464862761,off
A0000043F5ACC4,,,1464862813,,off
A0000043F5ACC4,,,1464862818,on
A0000043F5ACC4,,,1464863468,,on
A0000043F5ACC4,,,1464863473,off
A0000043F5ACC4,,,1464863511,,off
A0000043F5ACC4,,,1464863516,on
A0000043F5ACC4,,,1464863645,,on
A0000043F5ACC4,,,1464863655,,off
A0000043F5ACC4,,,1464863660,on
A0000043F5ACC4,,,1464863791,,on
A0000043F5ACC4,,,1464863806,,off
A0000043F5ACC4,,,1464863811,on
A0000043F5ACC4,,,1464863979,,on
A0000043F5ACC4,com.huawei.message,com.hotalk.ui.chat.singleChat.QuickReplyActivity,1464863979,WIFI,
A0000043F5ACC4,,,1464863984,on
A0000043F5ACC4,com.tencent.mm,com.tencent.mm.ui.LauncherUI,1464864034,WIFI,
A0000043F5ACC4,com.tencent.mm,com.tencent.mm.ui.conversation.BizConversationUI,1464864039,WIFI,
A0000043F5ACC4,com.tencent.mm,com.tencent.mm.ui.LauncherUI,1464864043,WIFI,
A0000043F5ACC4,,,1464864048,off
A0000043F5ACC4,,,1464864091,,off
A0000043F5ACC4,,,1464864096,on
A0000043F5ACC4,,,1464865524,,on
A0000043F5ACC4,,,1464865529,off
A0000043F5ACC4,,,1464865621,,off
A0000043F5ACC4,,,1464865626,on
A0000043F5ACC4,,,1464865933,,on
A0000043F5ACC4,,,1464865947,,off
A0000043F5ACC4,,,1464865952,on
A0000043F5ACC4,,,1464869262,,on
A0000043F5ACC4,com.huawei.android.launcher,com.huawei.android.launcher.Launcher,1464869271,WIFI,
A0000043F5ACC4,com.android.calculator2,com.android.calculator2.Calculator,1464869280,WIFI,
A0000043F5ACC4,,,1464869285,off
A0000043F5ACC4,com.huawei.android.launcher,com.huawei.android.launcher.Launcher,1464869332,WIFI,
A0000043F5ACC4,,,1464869335,,off
A0000043F5ACC4,,,1464869340,off
A0000043F5ACC4,,,1464872888,,on
A0000043F5ACC4,com.android.phone,com.android.phone.InCallScreen_DSDA,1464872888,cellular,
A0000043F5ACC4,,,1464872895,,off
A0000043F5ACC4,,,1464872900,on
A0000043F5ACC4,,,1464873270,,on
A0000043F5ACC4,com.huawei.android.launcher,com.huawei.android.launcher.Launcher,1464873275,WIFI,
A0000043F5ACC4,,,1464873280,on
A0000043F5ACC4,,,1464873305,,off
A0000043F5ACC4,,,1464873310,off
A0000043F5ACC4,,,1464873517,,on
A0000043F5ACC4,,,1464873525,,off
A0000043F5ACC4,,,1464873530,off
A0000043F5ACC4,,,1464876108,,on
A0000043F5ACC4,,,1464876113,on
A0000043F5ACC4,,,1464876136,,off
A0000043F5ACC4,,,1464876141,off
A0000043F5ACC4,,,1464900900,,on
A0000043F5ACC4,,,1464900911,,off
A0000043F5ACC4,,,1464900916,off
A0000043F5ACC4,,,1464901749,,on
A0000043F5ACC4,,,1464901759,,off
A0000043F5ACC4,,,1464901764,off
A0000043F5ACC4,,,1464902250,,on
A0000043F5ACC4,,,1464902260,,off
A0000043F5ACC4,,,1464902265,off
A0000043F5ACC4,,,1464902402,,on
A0000043F5ACC4,com.android.deskclock,com.android.deskclock.AlarmAlertFullScreen,1464902402,WIFI,
A0000043F5ACC4,,,1464902407,off
A0000043F5ACC4,com.huawei.android.launcher,com.huawei.android.launcher.Launcher,1464902462,WIFI,
A0000043F5ACC4,,,1464902472,,off
A0000043F5ACC4,,,1464902487,,on
A0000043F5ACC4,,,1464902492,on
A0000043F5ACC4,com.android.systemui,com.android.systemui.recent.RecentsActivity,1464902530,WIFI,
A0000043F5ACC4,,,1464902530,,off
A0000043F5ACC4,,,1464902535,on
A0000043F5ACC4,,,1464902763,,on
A0000043F5ACC4,com.android.deskclock,com.android.deskclock.AlarmAlertFullScreen,1464902763,WIFI,
A0000043F5ACC4,,,1464902768,on
A0000043F5ACC4,com.android.systemui,com.android.systemui.recent.RecentsActivity,1464902824,WIFI,
A0000043F5ACC4,,,1464902833,,off
A0000043F5ACC4,,,1464902838,on
A0000043F5ACC4,,,1464903124,,on
A0000043F5ACC4,com.android.deskclock,com.android.deskclock.AlarmAlertFullScreen,1464903124,WIFI,
A0000043F5ACC4,,,1464903129,on
A0000043F5ACC4,com.android.systemui,com.android.systemui.recent.RecentsActivity,1464903184,WIFI,
A0000043F5ACC4,,,1464903194,,off
A0000043F5ACC4,,,1464903199,on
A0000043F5ACC4,,,1464910114,,on
A0000043F5ACC4,com.huawei.message,com.hotalk.ui.chat.singleChat.QuickReplyActivity,1464910114,WIFI,
A0000043F5ACC4,com.android.systemui,com.android.systemui.recent.RecentsActivity,1464910131,WIFI,
A0000043F5ACC4,com.huawei.android.launcher,com.huawei.android.launcher.Launcher,1464910136,WIFI,
A0000043F5ACC4,,,1464910141,on
A0000043F5ACC4,,,1464910170,,off
A0000043F5ACC4,,,1464910175,off
A0000043F5ACC4,,,1464913147,,on
A0000043F5ACC4,,,1464913159,,off
A0000043F5ACC4,,,1464913164,off
A0000043F5ACC4,,,1464913692,,on
A0000043F5ACC4,,,1464913703,,off
A0000043F5ACC4,,,1464913708,off
A0000043F5ACC4,,,1464915890,,on
A0000043F5ACC4,com.huawei.message,com.hotalk.ui.chat.singleChat.QuickReplyActivity,1464915890,cellular,
A0000043F5ACC4,com.huawei.android.launcher,com.huawei.android.launcher.Launcher,1464915901,WIFI,
A0000043F5ACC4,,,1464915906,on
A0000043F5ACC4,,,1464915934,,off
A0000043F5ACC4,,,1464915939,off
A0000043F5ACC4,,,1464920323,,on
A0000043F5ACC4,com.huawei.android.ProfileSwitcher,com.huawei.android.ProfileSwitcher.HwQucikSwitchActivity,1464920327,cellular,
A0000043F5ACC4,com.huawei.android.launcher,com.huawei.android.launcher.Launcher,1464920332,WIFI,
A0000043F5ACC4,,,1464920337,on
A0000043F5ACC4,,,1464920388,,off
A0000043F5ACC4,,,1464920393,off
A0000043F5ACC4,,,1464923205,,on
A0000043F5ACC4,com.android.phone,com.android.phone.InCallScreen_DSDA,1464923205,cellular,
A0000043F5ACC4,,,1464923216,,off
A0000043F5ACC4,,,1464923217,,on
A0000043F5ACC4,com.huawei.android.launcher,com.huawei.android.launcher.Launcher,1464923218,cellular,
A0000043F5ACC4,com.android.contacts,com.android.contacts.activities.DialtactsActivity,1464923222,cellular,
A0000043F5ACC4,com.huawei.android.launcher,com.huawei.android.launcher.Launcher,1464923226,cellular,
A0000043F5ACC4,com.android.contacts,com.android.contacts.activities.DialtactsActivity,1464923228,cellular,
A0000043F5ACC4,com.android.phone,com.android.phone.InCallScreen_DSDA,1464923232,cellular,
A0000043F5ACC4,,,1464923245,,off
A0000043F5ACC4,,,1464923250,off
A0000043F5ACC4,,,1464923293,,on
A0000043F5ACC4,com.android.contacts,com.android.contacts.activities.DialtactsActivity,1464923296,Off,
A0000043F5ACC4,,,1464923301,off
A0000043F5ACC4,,,1464923326,,off
A0000043F5ACC4,,,1464923331,on
A0000043F5ACC4,,,1464924040,,on
A0000043F5ACC4,,,1464924045,off
A0000043F5ACC4,,,1464924075,,off
A0000043F5ACC4,,,1464924078,,on
A0000043F5ACC4,,,1464924083,off
A0000043F5ACC4,com.android.contacts,com.android.contacts.activities.ContactDetailActivity,1464924105,cellular,
A0000043F5ACC4,,,1464924110,on
A0000043F5ACC4,com.android.contacts,com.android.contacts.activities.DialtactsActivity,1464924131,cellular,
A0000043F5ACC4,com.huawei.android.launcher,com.huawei.android.launcher.Launcher,1464924132,cellular,
A0000043F5ACC4,com.huawei.android.ProfileSwitcher,com.huawei.android.ProfileSwitcher.HwQucikSwitchActivity,1464924143,cellular,
A0000043F5ACC4,com.huawei.android.launcher,com.huawei.android.launcher.Launcher,1464924150,cellular,
A0000043F5ACC4,,,1464924155,on
A0000043F5ACC4,,,1464924240,,off
A0000043F5ACC4,,,1464924245,off
A0000043F5ACC4,,,1464925247,,on
A0000043F5ACC4,,,1464925259,,off
A0000043F5ACC4,,,1464925264,off
A0000043F5ACC4,,,1464926117,,on
A0000043F5ACC4,com.android.phone,com.android.phone.InCallScreen_DSDA,1464926117,cellular,
A0000043F5ACC4,,,1464926123,,off
A0000043F5ACC4,,,1464926134,,on
A0000043F5ACC4,com.huawei.android.launcher,com.huawei.android.launcher.Launcher,1464926136,WIFI,
A0000043F5ACC4,,,1464926141,on
A0000043F5ACC4,com.android.browser,com.android.browser.BrowserActivity,1464926424,WIFI,
A0000043F5ACC4,,,1464926429,off
A0000043F5ACC4,com.huawei.android.launcher,com.huawei.android.launcher.Launcher,1464926661,WIFI,
A0000043F5ACC4,,,1464926666,on
A0000043F5ACC4,,,1464926988,,off
A0000043F5ACC4,,,1464926993,off
A0000043F5ACC4,,,1464932699,,on
A0000043F5ACC4,,,1464932712,,off
A0000043F5ACC4,,,1464932717,off
A0000043F5ACC4,,,1464933002,,on
A0000043F5ACC4,com.android.deskclock,com.android.deskclock.AlarmAlertFullScreen,1464933002,cellular,
A0000043F5ACC4,,,1464933007,off
A0000043F5ACC4,com.huawei.android.launcher,com.huawei.android.launcher.Launcher,1464933021,cellular,
A0000043F5ACC4,,,1464933038,,off
A0000043F5ACC4,,,1464933043,off
A0000043F5ACC4,,,1464933112,,on
A0000043F5ACC4,,,1464933123,,off
A0000043F5ACC4,,,1464933128,off
A0000043F5ACC4,,,1464940286,,on
A0000043F5ACC4,com.android.phone,com.android.phone.InCallScreen_DSDA,1464940286,cellular,
A0000043F5ACC4,,,1464940300,,off
A0000043F5ACC4,,,1464940304,,on
A0000043F5ACC4,,,1464940305,,off
A0000043F5ACC4,,,1464940307,,on
A0000043F5ACC4,,,1464940307,,off
A0000043F5ACC4,,,1464940320,,on
A0000043F5ACC4,com.huawei.message,com.hotalk.ui.chat.singleChat.QuickReplyActivity,1464940321,cellular,
A0000043F5ACC4,,,1464940332,,off
A0000043F5ACC4,,,1464940333,,on
A0000043F5ACC4,,,1464940345,,off
A0000043F5ACC4,,,1464940350,off
A0000043F5ACC4,,,1464940814,,on
A0000043F5ACC4,com.android.phone,com.android.phone.InCallScreen_DSDA,1464940814,cellular,
A0000043F5ACC4,,,1464940821,,off
A0000043F5ACC4,,,1464940831,,on
A0000043F5ACC4,com.huawei.message,com.hotalk.ui.chat.singleChat.QuickReplyActivity,1464940836,cellular,
A0000043F5ACC4,,,1464940841,on
A0000043F5ACC4,com.huawei.android.launcher,com.huawei.android.launcher.Launcher,1464941174,cellular,
A0000043F5ACC4,com.huawei.message,com.hotalk.ui.chat.singleChat.SingleChatActivity,1464941183,cellular,
A0000043F5ACC4,,,1464941188,on
A0000043F5ACC4,com.tencent.mm,com.tencent.mm.ui.LauncherUI,1464941229,cellular,
A0000043F5ACC4,,,1464941234,off
A0000043F5ACC4,com.tencent.mm,com.tencent.mm.ui.chatting.gallery.ImageGalleryUI,1464941248,cellular,
A0000043F5ACC4,,,1464941253,on
A0000043F5ACC4,com.tencent.mm,com.tencent.mm.ui.LauncherUI,1464941314,cellular,
A0000043F5ACC4,com.tencent.mm,com.tencent.mm.ui.chatting.gallery.ImageGalleryUI,1464941315,cellular,
A0000043F5ACC4,,,1464941320,on
A0000043F5ACC4,com.tencent.mm,com.tencent.mm.ui.LauncherUI,1464941333,cellular,
A0000043F5ACC4,,,1464941338,off
A0000043F5ACC4,com.huawei.message,com.hotalk.ui.chat.singleChat.SingleChatActivity,1464941378,cellular,
A0000043F5ACC4,,,1464941383,on
A0000043F5ACC4,com.huawei.android.launcher,com.huawei.android.launcher.Launcher,1464941455,cellular,
A0000043F5ACC4,,,1464941460,off
A0000043F5ACC4,com.tencent.mm,com.tencent.mm.ui.LauncherUI,1464941503,cellular,
A0000043F5ACC4,,,1464941508,on
A0000043F5ACC4,com.huawei.android.launcher,com.huawei.android.launcher.Launcher,1464941777,cellular,
A0000043F5ACC4,,,1464941782,off
A0000043F5ACC4,com.android.settings,com.android.settings.HWSettings,1464941926,cellular,
A0000043F5ACC4,,,1464941931,on
A0000043F5ACC4,com.android.phone,com.android.phone.MSimSettings,1464941946,cellular,
A0000043F5ACC4,,,1464941951,off
A0000043F5ACC4,com.huawei.android.launcher,com.huawei.android.launcher.Launcher,1464942007,cellular,
A0000043F5ACC4,com.tencent.mm,com.tencent.mm.ui.LauncherUI,1464942009,cellular,
A0000043F5ACC4,com.tencent.mm,com.tencent.mm.ui.transmit.SelectConversationUI,1464942025,cellular,
A0000043F5ACC4,com.tencent.mm,com.tencent.mm.ui.transmit.MsgRetransmitUI,1464942030,cellular,
A0000043F5ACC4,com.tencent.mm,com.tencent.mm.ui.LauncherUI,1464942032,cellular,
A0000043F5ACC4,com.tencent.mm,com.tencent.mm.ui.chatting.gallery.ImageGalleryUI,1464942041,cellular,
A0000043F5ACC4,com.tencent.mm,com.tencent.mm.ui.LauncherUI,1464942047,cellular,
A0000043F5ACC4,,,1464942052,on
A0000043F5ACC4,,,1464942080,,off
A0000043F5ACC4,,,1464942083,,on
A0000043F5ACC4,com.huawei.android.launcher,com.huawei.android.launcher.Launcher,1464942088,cellular,
A0000043F5ACC4,com.android.calendar,com.android.calendar.AllInOneActivity,1464942092,cellular,
A0000043F5ACC4,,,1464942097,on
A0000043F5ACC4,com.huawei.android.launcher,com.huawei.android.launcher.Launcher,1464942116,cellular,
A0000043F5ACC4,,,1464942121,off
A0000043F5ACC4,,,1464942135,,off
A0000043F5ACC4,,,1464942140,on
A0000043F5ACC4,,,1464942330,,on
A0000043F5ACC4,com.tencent.mm,com.tencent.mm.ui.LauncherUI,1464942335,cellular,
A0000043F5ACC4,,,1464942340,on
A0000043F5ACC4,com.tencent.mm,com.tencent.mm.plugin.setting.ui.setting.SettingsUI,1464942372,cellular,
A0000043F5ACC4,,,1464942377,off
A0000043F5ACC4,com.huawei.android.launcher,com.huawei.android.launcher.Launcher,1464942474,cellular,
A0000043F5ACC4,,,1464942479,on
A0000043F5ACC4,com.tencent.mm,com.tencent.mm.ui.LauncherUI,1464942700,cellular,
A0000043F5ACC4,com.tencent.mm,com.tencent.mm.ui.chatting.gallery.ImageGalleryUI,1464942709,cellular,
A0000043F5ACC4,com.tencent.mm,com.tencent.mm.ui.LauncherUI,1464942721,cellular,
A0000043F5ACC4,com.huawei.android.launcher,com.huawei.android.launcher.Launcher,1464942726,cellular,
A0000043F5ACC4,com.tencent.mm,com.tencent.mm.ui.LauncherUI,1464942730,cellular,
A0000043F5ACC4,,,1464942735,off
A0000043F5ACC4,com.tencent.mm,com.tencent.mm.ui.SingleChatInfoUI,1464942780,cellular,
A0000043F5ACC4,com.tencent.mm,com.tencent.mm.ui.LauncherUI,1464942787,cellular,
A0000043F5ACC4,com.huawei.android.launcher,com.huawei.android.launcher.Launcher,1464942793,cellular,
A0000043F5ACC4,,,1464942798,on
A0000043F5ACC4,com.huawei.android.hwouc,com.huawei.android.hwouc.ui.activities.firmware.FirmwareNewVersionDetailsActivity,1464942817,cellular,
A0000043F5ACC4,com.huawei.android.launcher,com.huawei.android.launcher.Launcher,1464942821,cellular,
A0000043F5ACC4,,,1464942822,,off
A0000043F5ACC4,,,1464942827,off
A0000043F5ACC4,,,1464942842,,on
A0000043F5ACC4,,,1464942853,,off
A0000043F5ACC4,,,1464942858,off
A0000043F5ACC4,,,1464944762,,on
A0000043F5ACC4,,,1464944772,,off
A0000043F5ACC4,,,1464944777,off
A0000043F5ACC4,,,1464944919,,on
A0000043F5ACC4,,,1464944929,,off
A0000043F5ACC4,,,1464944931,,on
A0000043F5ACC4,com.tencent.mm,com.tencent.mm.ui.LauncherUI,1464944935,cellular,
A0000043F5ACC4,,,1464944940,off
A0000043F5ACC4,com.android.gallery3d,com.android.gallery3d.app.MovieActivity,1464944955,cellular,
A0000043F5ACC4,com.tencent.mm,com.tencent.mm.ui.chatting.gallery.ImageGalleryUI,1464944965,cellular,
A0000043F5ACC4,com.tencent.mm,com.tencent.mm.ui.LauncherUI,1464944970,cellular,
A0000043F5ACC4,com.huawei.android.launcher,com.huawei.android.launcher.Launcher,1464944986,cellular,
A0000043F5ACC4,,,1464944991,off
A0000043F5ACC4,com.tencent.mm,com.tencent.mm.ui.LauncherUI,1464945118,cellular,
A0000043F5ACC4,com.tencent.mm,com.tencent.mm.ui.conversation.BizConversationUI,1464945119,cellular,
A0000043F5ACC4,,,1464945124,off
A0000043F5ACC4,,,1464945391,,off
A0000043F5ACC4,,,1464945396,on
A0000043F5ACC4,,,1464945421,,on
A0000043F5ACC4,com.huawei.android.launcher,com.huawei.android.launcher.Launcher,1464945426,cellular,
A0000043F5ACC4,com.android.contacts,com.android.contacts.activities.DialtactsActivity,1464945428,cellular,
A0000043F5ACC4,,,1464945433,off
A0000043F5ACC4,com.android.phone,com.android.phone.PrivilegedOutgoingCallBroadcaster,1464945469,cellular,
A0000043F5ACC4,com.android.phone,com.android.phone.InCallScreen_DSDA,1464945470,cellular,
A0000043F5ACC4,,,1464945472,,off
A0000043F5ACC4,,,1464945473,,on
A0000043F5ACC4,,,1464945486,,off
A0000043F5ACC4,,,1464945502,,on
A0000043F5ACC4,com.android.contacts,com.android.contacts.activities.DialtactsActivity,1464945503,cellular,
A0000043F5ACC4,,,1464945508,on
A0000043F5ACC4,com.huawei.android.launcher,com.huawei.android.launcher.Launcher,1464945546,cellular,
A0000043F5ACC4,,,1464945551,off
A0000043F5ACC4,,,1464946256,,off
A0000043F5ACC4,,,1464946260,,on
A0000043F5ACC4,com.tencent.mm,com.tencent.mm.ui.LauncherUI,1464946263,cellular,
A0000043F5ACC4,,,1464946268,on
A0000043F5ACC4,,,1464946310,,off
A0000043F5ACC4,,,1464946312,,on
A0000043F5ACC4,com.tencent.mm,com.tencent.mm.ui.SingleChatInfoUI,1464946315,cellular,
A0000043F5ACC4,com.tencent.mm,com.tencent.mm.ui.LauncherUI,1464946321,cellular,
A0000043F5ACC4,,,1464946326,on
A0000043F5ACC4,,,1464946439,,off
A0000043F5ACC4,,,1464946443,,on
A0000043F5ACC4,,,1464946458,,off
A0000043F5ACC4,,,1464946463,off
A0000043F5ACC4,,,1464946560,,on
A0000043F5ACC4,com.huawei.android.launcher,com.huawei.android.launcher.Launcher,1464946564,cellular,
A0000043F5ACC4,com.android.calendar,com.android.calendar.AllInOneActivity,1464946567,cellular,
A0000043F5ACC4,com.huawei.android.launcher,com.huawei.android.launcher.Launcher,1464946575,cellular,
A0000043F5ACC4,,,1464946579,,off
A0000043F5ACC4,,,1464946584,on
A0000043F5ACC4,,,1464947354,,on
A0000043F5ACC4,,,1464947359,off
A0000043F5ACC4,com.android.deskclock,com.android.deskclock.AlarmsMainActivity,1464947380,cellular,
A0000043F5ACC4,com.huawei.android.launcher,com.huawei.android.launcher.Launcher,1464947395,cellular,
A0000043F5ACC4,com.tencent.mm,com.tencent.mm.ui.LauncherUI,1464947397,cellular,
A0000043F5ACC4,com.tencent.mm,com.tencent.mm.ui.SingleChatInfoUI,1464947405,cellular,
A0000043F5ACC4,com.tencent.mm,com.tencent.mm.ui.LauncherUI,1464947413,cellular,
A0000043F5ACC4,com.tencent.mm,com.tencent.mm.ui.chatting.gallery.ImageGalleryUI,1464947424,cellular,
A0000043F5ACC4,com.tencent.mm,com.tencent.mm.ui.LauncherUI,1464947440,cellular,
A0000043F5ACC4,,,1464947445,on
A0000043F5ACC4,com.tencent.mm,com.tencent.mm.plugin.luckymoney.ui.LuckyMoneyReceiveUI,1464947492,cellular,
A0000043F5ACC4,com.tencent.mm,com.tencent.mm.ui.LauncherUI,1464947500,cellular,
A0000043F5ACC4,,,1464947505,on
A0000043F5ACC4,com.tencent.mm,com.tencent.mm.plugin.subapp.ui.friend.FMessageConversationUI,1464947530,cellular,
A0000043F5ACC4,,,1464947535,off
A0000043F5ACC4,com.tencent.mm,com.tencent.mm.ui.LauncherUI,1464947575,cellular,
A0000043F5ACC4,com.huawei.android.launcher,com.huawei.android.launcher.Launcher,1464947578,cellular,
A0000043F5ACC4,com.tencent.mm,com.tencent.mm.ui.LauncherUI,1464947581,cellular,
A0000043F5ACC4,,,1464947586,on
A0000043F5ACC4,com.tencent.mm,com.tencent.mm.plugin.webview.ui.tools.WebViewUI,1464947604,cellular,
A0000043F5ACC4,,,1464947609,off
A0000043F5ACC4,com.tencent.mm,com.tencent.mm.ui.LauncherUI,1464947730,cellular,
A0000043F5ACC4,com.huawei.android.launcher,com.huawei.android.launcher.Launcher,1464947738,cellular,
A0000043F5ACC4,,,1464947742,,off
A0000043F5ACC4,,,1464947747,on
A0000043F5ACC4,,,1464954432,,on
A0000043F5ACC4,,,1464954437,off
A0000043F5ACC4,com.android.settings,com.android.settings.HWSettings,1464954529,WIFI,
A0000043F5ACC4,com.android.settings,com.android.settings.Settings$DisplaySettingsActivity,1464954532,WIFI,
A0000043F5ACC4,,,1464954539,,off
A0000043F5ACC4,,,1464954544,on
A0000043F5ACC4,,,1464961104,,on
A0000043F5ACC4,com.huawei.message,com.hotalk.ui.chat.singleChat.QuickReplyActivity,1464961104,cellular,
A0000043F5ACC4,com.android.settings,com.android.settings.Settings$DisplaySettingsActivity,1464961120,WIFI,
A0000043F5ACC4,com.android.settings,com.android.settings.HWSettings,1464961124,WIFI,
A0000043F5ACC4,com.huawei.android.launcher,com.huawei.android.launcher.Launcher,1464961125,WIFI,
A0000043F5ACC4,com.android.settings,com.android.settings.HWSettings,1464961134,WIFI,
A0000043F5ACC4,com.huawei.android.launcher,com.huawei.android.launcher.Launcher,1464961138,WIFI,
A0000043F5ACC4,,,1464961143,off
A0000043F5ACC4,,,1464961170,,off
